work_id,state,constituency,honble_members_of_parliament,work_category,work_description,work_status,status_category,anomaly_score,anomaly_label,anomaly_severity,anomaly_category,triggered_rules,explanation,key_metrics,statistical_score,rule_score,if_score,sanction_amount,total_spent,cost_overrun_ratio,amount_disbursed,sanction_delay_days,completion_duration_days,recommended_date,sanction_date,completion_date,vendor_hhi,vendor_count,payment_count,max_vendor_share,single_vendor_flag,missing_image_flag,payment_still_pending,near_threshold_count,near_threshold_ratio,advance_payment_ratio,amount_vs_category_median,duration_vs_category_median
WS/MP492/2024-2025/134981,Uttar Pradesh,SHAHJAHANPUR(SC),Shri Arun Kumar Sagar,Normal/Others,15 Yatri Tin/Bus shades List for rural and Urban Areas as per enclosed List,Physical Inspection,Completed,0.7515485093139804,True,high,vendor,"R05,R06,R09","Completed work worth ₹9,900,000 has no verification photograph attached, which is a compliance gap. 100% of all payments (15.0 transactions) were directed to a single vendor, suggesting vendor monopolization (HHI=1.00). All ₹9,900,000 of expenditure was directed to a single vendor for this large project, raising concentration risk.","Sanction: ₹9,900,000; Disbursed: ₹9,900,000; Cost ratio: 1.00; Sanction delay: 21d; Duration: 89d",0.7503121476406196,0.7000000000000001,0.8113442068680727,9900000.0,9900000.0,1.0,9900000.0,21,89.0,2024-08-07,2024-08-28,2024-11-25,1.0,1.0,15.0,1.0,True,True,False,0.0,0.0,0.06666666666666667,33.0,0.39035087719298245
WS/MP18201/2024-2025/141045,Uttar Pradesh,AONLA,NEERAJ MAURYA,Normal/Others,supply and installation of led semi high mast light at 274 different places in district budaun,Physical Inspection,Completed,0.750237873780916,True,high,vendor,"R06,R09","100% of all payments (46.0 transactions) were directed to a single vendor, suggesting vendor monopolization (HHI=1.00). All ₹46,470,400 of expenditure was directed to a single vendor for this large project, raising concentration risk.","Sanction: ₹46,470,400; Disbursed: ₹46,470,400; Cost ratio: 1.00; Sanction delay: 69d; Duration: 238d",0.7502572047397594,0.6875,0.8219244931313605,46470400.0,46470400.0,1.0,46470400.0,69,238.0,2024-09-15,2024-11-23,2025-07-19,1.0,1.0,46.0,1.0,True,False,False,0.0,0.0,0.02189858490566038,154.90133333333333,1.043859649122807
WS/MP792/2024-2025/136732,Uttar Pradesh,HARDOI (SC),Jai Prakash,Normal/Others,39 ?? 170-200 ??? 06 ?? ???????? ???? ?? ????????? ?????,Work Completed,Completed,0.73943968967829,True,high,vendor,R06,"97% of all payments (6.0 transactions) were directed to a single vendor, suggesting vendor monopolization (HHI=0.94).","Sanction: ₹8,602,500; Disbursed: ₹8,523,854; Cost ratio: 0.99; Sanction delay: 74d; Duration: 29d",0.7499981096566443,0.75,0.7198290350403682,8602500.0,8523854.0,0.9908577739029352,8523854.0,74,29.0,2024-08-22,2024-11-04,2024-12-03,0.9381706152276452,3.0,6.0,0.9683241876268646,False,False,False,0.0,0.0,0.41801865681885214,28.675,0.12719298245614036
WS/MP492/2024-2025/134984,Uttar Pradesh,SHAHJAHANPUR(SC),Shri Arun Kumar Sagar,Normal/Others,Installation of 156 LED Highmast Lights for Rural and Urban areas as per enclosed List,Physical Inspection,Completed,0.7322672621745919,True,high,vendor,"R06,R09","100% of all payments (9.0 transactions) were directed to a single vendor, suggesting vendor monopolization (HHI=1.00). All ₹37,908,000 of expenditure was directed to a single vendor for this large project, raising concentration risk.","Sanction: ₹37,908,000; Disbursed: ₹37,908,000; Cost ratio: 1.00; Sanction delay: 21d; Duration: 89d",0.75,0.6875,0.7707636062131198,37908000.0,37908000.0,1.0,37908000.0,21,89.0,2024-08-07,2024-08-28,2024-11-25,1.0,1.0,9.0,1.0,True,False,False,0.0,0.0,0.1282051282051282,126.36,0.39035087719298245
WS/MP18176/2024-2025/146590,Tamil Nadu,DINDIGUL,SACHITHANANTHAM R,Normal/Others,"Providing CCTV camera system for security in Palani Municipality (CCTV Camera Maintanance Control: Deputy Superintentdent of police, Palani)",Physical Inspection,Completed,0.7106152352217974,True,high,temporal,"R04,R05","This ₹4,999,254 work was completed in only 1 days, which is suspiciously fast for a project of this budget. Completed work worth ₹4,999,254 has no verification photograph attached, which is a compliance gap.","Sanction: ₹4,999,254; Disbursed: ₹4,999,254; Cost ratio: 1.00; Sanction delay: 103d; Duration: 1d",0.749285751546304,0.6875,0.709410849529204,4999254.0,4999254.0,1.0,4999254.0,103,1.0,2024-10-09,2025-01-20,2025-01-21,0.635317971000602,2.0,3.0,0.760113408920611,False,True,False,0.0,0.0,0.3800567044603055,16.66418,0.0043859649122807015
WS/MP18183/2024-2025/143387,Tamil Nadu,THANJAVUR,MURASOLI S,Normal/Others,"Construction of new library building in Thanjavur Municipal Corporation Central Library Complex,thanjavur",Physical Inspection,Completed,0.7100384356384627,True,high,financial,R10,"92% of total funds were disbursed in the first payment, despite having 3.0 total payments, indicating excessive upfront payment.","Sanction: ₹4,980,095; Disbursed: ₹4,980,095; Cost ratio: 1.00; Sanction delay: 154d; Duration: 441d",0.7492516690447255,0.75,0.6363586239350894,4980095.0,4980095.0,1.0,4980095.0,154,441.0,2024-09-25,2025-02-26,2026-05-13,0.8526247232733707,3.0,3.0,0.9207225966572927,False,False,False,0.0,0.0,0.9207225966572927,16.600316666666668,1.9342105263157894
WS/MP391/2025-2026/146422,Tamil Nadu,CHENNAI CENTRAL,Thiru Dayanidhi Maran,Normal/Others,"CONSTRUCTION OF BOXING ACADEMY BUILDING IN GOPALAPURAM WARD 111, PART 25, ZONE 9 OF CHENNAI CENTRAL CONSITUENCY",Work Completed,Completed,0.6973363086166718,True,high,temporal,"R03,R04,R09","Sanction was delayed by 423 days after recommendation, far exceeding the typical processing time. This ₹10,000,000 work was completed in only 4 days, which is suspiciously fast for a project of this budget. All ₹9,749,010 of expenditure was directed to a single vendor for this large project, raising concentration risk.","Sanction: ₹10,000,000; Disbursed: ₹9,749,010; Cost ratio: 0.97; Sanction delay: 423d; Duration: 4d",0.7503121813913638,0.7000000000000001,0.6564521807680883,10000000.0,9749010.0,0.974901,9749010.0,423,4.0,2024-10-09,2025-12-06,2025-12-10,1.0,1.0,2.0,1.0,True,False,False,0.0,0.0,0.4908020404123085,33.333333333333336,0.017543859649122806
WS/MP352/2025-2026/135862,Kerala,ERNAKULAM,Shri Hibi Eden,Normal/Others,"Construction of Smart Anganwadi at Ward 21, Chellanam Grama Panchayath",Physical Inspection,Completed,0.6899793011728477,True,high,vendor,"R03,R06","Sanction was delayed by 403 days after recommendation, far exceeding the typical processing time. 93% of all payments (5.0 transactions) were directed to a single vendor, suggesting vendor monopolization (HHI=0.88).","Sanction: ₹2,362,903; Disbursed: ₹2,362,903; Cost ratio: 1.00; Sanction delay: 403d; Duration: 294d",0.6166601987933252,0.6875,0.7451835756414753,2362903.0,2362903.0,1.0,2362903.0,403,294.0,2024-08-16,2025-09-23,2026-07-14,0.8761690251949882,4.0,5.0,0.9338313929941263,False,False,False,1.0,0.2,0.5284795863393461,7.876343333333334,1.2894736842105263
WS/MP370/2024-2025/145533,Odisha,SUNDARGARH (ST),Shri Jual Oram,Normal/Others,Const. of CC Building at Sagjore Sadhopoda,Work partially Completed,Ongoing,0.6857786794779793,True,high,financial,"R06,R10","97% of all payments (4.0 transactions) were directed to a single vendor, suggesting vendor monopolization (HHI=0.94). 97% of total funds were disbursed in the first payment, despite having 4.0 total payments, indicating excessive upfront payment.","Sanction: ₹700,000; Disbursed: ₹282,400; Cost ratio: 0.40; Sanction delay: 55d; Vendor HHI: 0.94",0.4522296100230958,0.8250000000000001,0.6934893627777294,700000.0,282400.0,0.4034285714285714,,55,,2024-10-04,2024-11-28,,0.935269467594636,4.0,4.0,0.9668767705382436,False,False,False,0.0,0.0,0.9668767705382436,2.3333333333333335,
WS/MP18161/2024-2025/138075,Rajasthan,BHARATPUR(SC),SANJNA JATAV,Normal/Others,Suraksha Deewar shamshan Ghat bhadeera work agency GP bhadeera,Work partially Completed,Ongoing,0.6830726559175064,True,high,vendor,R06,"91% of all payments (12.0 transactions) were directed to a single vendor, suggesting vendor monopolization (HHI=0.83).","Sanction: ₹600,000; Disbursed: ₹589,353; Cost ratio: 0.98; Sanction delay: 102d; Vendor HHI: 0.83",0.4495432112881172,0.75,0.7733910088442202,600000.0,589353.0,0.982255,,102,,2024-09-01,2024-12-12,,0.8316002755530422,11.0,12.0,0.911394359577367,False,False,False,0.0,0.0,0.7635491802026969,2.0,
WS/MP313/2024-2025/140977,Arunachal Pradesh,ARUNACHAL EAST,Shri Tapir Gao,Normal/Others,C/o Culvert near WRC field at 10 mile Sille Block in East Siang District,Work Completed,Completed,0.6818498826385554,True,high,vendor,"R04,R05,R06,R09","This ₹2,000,000 work was completed in only 6 days, which is suspiciously fast for a project of this budget. Completed work worth ₹2,000,000 has no verification photograph attached, which is a compliance gap. 100% of all payments (4.0 transactions) were directed to a single vendor, suggesting vendor monopolization (HHI=1.00).","Sanction: ₹2,000,000; Disbursed: ₹2,000,000; Cost ratio: 1.00; Sanction delay: 143d; Duration: 6d",0.5143229500119707,0.8125,0.6521975575301793,2000000.0,2000000.0,1.0,2000000.0,143,6.0,2024-09-15,2025-02-05,2025-02-11,1.0,1.0,4.0,1.0,True,True,False,0.0,0.0,0.16485,6.666666666666667,0.02631578947368421
WS/MP18095/2025-2026/147401,Kerala,ALAPPUZHA,K. C VENUGOPAL,Normal/Others,"Purchase of a bus for K V Kumaran Vaidyan Memorial UPS, Cheriyazheekkal",Work partially Completed,Ongoing,0.6778075503818541,True,high,financial,R10,"93% of total funds were disbursed in the first payment, despite having 3.0 total payments, indicating excessive upfront payment.","Sanction: ₹2,100,000; Disbursed: ₹1,905,388; Cost ratio: 0.91; Sanction delay: 293d; Vendor HHI: 0.94",0.6635187116766459,0.75,0.6055082070362648,2100000.0,1905388.0,0.907327619047619,,293,,2024-10-22,2025-08-11,,0.9355496121960865,2.0,3.0,0.9666634827132322,False,False,False,0.0,0.0,0.9313635857893511,7.0,
WS/MP18101/2024-2025/143856,Madhya Pradesh,DAMOH,RAHUL SINGH LODHI,Normal/Others,jila niyalay parisar me nirmit sarvjanin our samudayak bhavn ke pratham tl pr hall nirman,Vendor Identification,Ongoing,0.6762898309705747,True,high,vendor,"R06,R09","100% of all payments (8.0 transactions) were directed to a single vendor, suggesting vendor monopolization (HHI=1.00). All ₹1,781,868 of expenditure was directed to a single vendor for this large project, raising concentration risk.","Sanction: ₹1,800,000; Disbursed: ₹1,781,868; Cost ratio: 0.99; Sanction delay: 43d; Vendor HHI: 1.00",0.6244107271510455,0.6875,0.7005347119508953,1800000.0,1781868.0,0.9899266666666666,,43,,2024-09-26,2024-11-08,,1.0,1.0,8.0,1.0,True,False,False,0.0,0.0,0.28243618494748207,6.0,
WS/MP370/2024-2025/145537,Odisha,SUNDARGARH (ST),Shri Jual Oram,Normal/Others,Const. of CC Building at Chungimati,Physical Inspection,Ongoing,0.6742814751484969,True,high,financial,"R06,R10","97% of all payments (7.0 transactions) were directed to a single vendor, suggesting vendor monopolization (HHI=0.94). 97% of total funds were disbursed in the first payment, despite having 7.0 total payments, indicating excessive upfront payment.","Sanction: ₹700,000; Disbursed: ₹480,880; Cost ratio: 0.69; Sanction delay: 68d; Vendor HHI: 0.94",0.4520458267036982,0.8250000000000001,0.6607714813502066,700000.0,480880.0,0.6869714285714286,,68,,2024-10-04,2024-12-11,,0.9357876591907653,7.0,7.0,0.9671997171851605,False,False,False,0.0,0.0,0.9671997171851605,2.3333333333333335,
WS/MP18109/2024-2025/146898,Madhya Pradesh,SIDHI,DR. RAJESH MISHRA,Normal/Others,CHAUPHAL PAWAI ME KHALESEMAR MUKHYA MARG SE BAIGAN BASTI BRIDGE,Vendor Identification,Ongoing,0.6739460977262588,True,high,financial,"R06,R07","100% of all payments (10.0 transactions) were directed to a single vendor, suggesting vendor monopolization (HHI=1.00). 10 out of 10.0 payments (100%) fall just below statutory thresholds, suggesting potential contract splitting.","Sanction: ₹500,000; Disbursed: ₹498,403; Cost ratio: 1.00; Sanction delay: 109d; Vendor HHI: 1.00",0.4285939674371227,0.8250000000000001,0.6765645881913658,500000.0,498403.0,0.996806,,109,,2024-10-11,2025-01-28,,1.0,1.0,10.0,1.0,True,False,False,10.0,1.0,0.10031440420703727,1.6666666666666667,
WS/MP18311/2024-2025/142721,Punjab,ANANDPUR SAHIB,MALVINDER SINGH KANG,Normal/Others,"Construction of rooms and facilities for hospitals, FWC , PHC Centers and ANM center at village Akabarpur",Vendor Identification,Ongoing,0.6696225581520548,True,high,vendor,R06,"100% of all payments (4.0 transactions) were directed to a single vendor, suggesting vendor monopolization (HHI=1.00).","Sanction: ₹200,000; Disbursed: ₹77,726; Cost ratio: 0.39; Sanction delay: 41d; Vendor HHI: 1.00",0.4271294312813549,0.75,0.7509720009477602,200000.0,77726.0,0.38863,,41,,2024-09-24,2024-11-04,,1.0,1.0,4.0,1.0,True,False,False,0.0,0.0,0.25731415485165837,0.6666666666666666,
WS/MP18161/2024-2025/136670,Rajasthan,BHARATPUR(SC),SANJNA JATAV,Normal/Others,cc / interlocking sadak nirman karya pooran jatav ke ghar se jhamman ke ghar ki taraf gram -Nagla Dhansingh work agency- GP Indra Colony,Physical Inspection,Completed,0.6616287544738955,True,high,financial,"R06,R10","90% of all payments (15.0 transactions) were directed to a single vendor, suggesting vendor monopolization (HHI=0.82). 90% of total funds were disbursed in the first payment, despite having 15.0 total payments, indicating excessive upfront payment.","Sanction: ₹397,603; Disbursed: ₹397,603; Cost ratio: 1.00; Sanction delay: 104d; Duration: 107d",0.1673023609871562,0.8250000000000001,0.8280090406488751,397603.0,397603.0,1.0,397603.0,104,107.0,2024-08-21,2024-12-03,2025-03-20,0.8181266436566821,15.0,15.0,0.9040751704589755,False,False,False,0.0,0.0,0.9040751704589755,1.3253433333333333,0.4692982456140351
WS/MP661/2026-2027/147464,Maharashtra,SHIRUR,Amol Ramsing Kolhe,Normal/Others,"installation of High Mast Lighting at 4 different public places at nirgoodsar, Tq. Ambegaon, Dist. Pune",Physical Inspection,Ongoing,0.6555276224158941,True,high,financial,"R03,R07","Sanction was delayed by 580 days after recommendation, far exceeding the typical processing time. 1 out of 1.0 payments (100%) fall just below statutory thresholds, suggesting potential contract splitting.","Sanction: ₹1,000,000; Disbursed: ₹482,614; Cost ratio: 0.48; Sanction delay: 580d; Vendor HHI: 1.00",0.6770993515086263,0.6875,0.6035793843963929,1000000.0,482614.0,0.482614,,580,,2024-10-15,2026-05-18,,1.0,1.0,1.0,1.0,True,False,False,1.0,1.0,1.0,3.3333333333333335,
WS/MP18161/2024-2025/136233,Rajasthan,BHARATPUR(SC),SANJNA JATAV,Normal/Others,cc/interlocking sadak nirman karya gurjar bas se mandir ki taraf gram nagla matuwa,Physical Inspection,Completed,0.6538542666261156,True,high,financial,"R06,R10","92% of all payments (15.0 transactions) were directed to a single vendor, suggesting vendor monopolization (HHI=0.85). 92% of total funds were disbursed in the first payment, despite having 15.0 total payments, indicating excessive upfront payment.","Sanction: ₹596,067; Disbursed: ₹596,067; Cost ratio: 1.00; Sanction delay: 102d; Duration: 112d",0.15883027591133406,0.8250000000000001,0.8118477075665202,596067.0,596067.0,1.0,596067.0,102,112.0,2024-08-18,2024-11-28,2025-03-20,0.8477751878342642,15.0,15.0,0.9204233752245973,False,False,False,0.0,0.0,0.9204233752245973,1.98689,0.49122807017543857
WS/MP18109/2024-2025/146901,Madhya Pradesh,SIDHI,DR. RAJESH MISHRA,Normal/Others,SATPAHARA ME DAKSHINI TOLA PAHUCH MARG ME SHANKAR KORI KE GHAR KE PASS BRIDGE NIRMAN,Vendor Identification,Ongoing,0.6537085874835524,True,high,vendor,R06,"100% of all payments (9.0 transactions) were directed to a single vendor, suggesting vendor monopolization (HHI=1.00).","Sanction: ₹500,000; Disbursed: ₹479,600; Cost ratio: 0.96; Sanction delay: 109d; Vendor HHI: 1.00",0.428596237413509,0.75,0.7044557946576431,500000.0,479600.0,0.9592,,109,,2024-10-11,2025-01-28,,1.0,1.0,9.0,1.0,True,False,False,1.0,0.1111111111111111,0.10321100917431193,1.6666666666666667,
WS/MP18023/2024-2025/144134,Assam,GUWAHATI,BIJULI KALITA MEDHI,Normal/Others,Construction of Open Stage for Cultural activities at Nagarbera Anchalik Rash Samity . Pin -781127,Physical Inspection,Ongoing,0.6534074086402057,True,high,vendor,R06,"100% of all payments (5.0 transactions) were directed to a single vendor, suggesting vendor monopolization (HHI=1.00).","Sanction: ₹800,000; Disbursed: ₹718,100; Cost ratio: 0.90; Sanction delay: 181d; Vendor HHI: 1.00",0.46516808143063676,0.75,0.677472537950133,800000.0,718100.0,0.897625,,181,,2024-09-28,2025-03-28,,1.0,1.0,5.0,1.0,True,False,False,1.0,0.2,0.18890544492410527,2.6666666666666665,
WS/MP18023/2024-2025/143873,Assam,GUWAHATI,BIJULI KALITA MEDHI,Normal/Others,"Construction of Community hall at Boko sahitya sabha , Satadal Shakha , Boko - 781123",Work partially Completed,Ongoing,0.6516296947978916,True,high,vendor,R06,"100% of all payments (4.0 transactions) were directed to a single vendor, suggesting vendor monopolization (HHI=1.00).","Sanction: ₹500,000; Disbursed: ₹299,879; Cost ratio: 0.60; Sanction delay: 173d; Vendor HHI: 1.00",0.44342092126112814,0.75,0.6879270413788843,500000.0,299879.0,0.599758,,173,,2024-09-26,2025-03-18,,1.0,1.0,4.0,1.0,True,False,False,1.0,0.25,0.41683479003197954,1.6666666666666667,
WS/MP18206/2024-2025/138971,Uttar Pradesh,BANDA,KRISHNA DEVI SHIVSHANKER PATEL,Normal/Others,Construction of rooms in  Captain R B singh public school majhiwan,Vendor Identification,Ongoing,0.6509106663866977,True,high,vendor,R06,"100% of all payments (8.0 transactions) were directed to a single vendor, suggesting vendor monopolization (HHI=1.00).","Sanction: ₹999,000; Disbursed: ₹980,428; Cost ratio: 0.98; Sanction delay: 72d; Vendor HHI: 1.00",0.4947821577910618,0.75,0.6491860769683778,999000.0,980428.0,0.9814094094094095,,72,,2024-09-05,2024-11-16,,1.0,1.0,8.0,1.0,True,False,False,1.0,0.125,0.3974794681506444,3.33,
WS/MP18206/2024-2025/138972,Uttar Pradesh,BANDA,KRISHNA DEVI SHIVSHANKER PATEL,Normal/Others,Construction of hall in captain R B singh  public school majhiwan,Vendor Identification,Ongoing,0.6500707181441951,True,high,vendor,R06,"100% of all payments (9.0 transactions) were directed to a single vendor, suggesting vendor monopolization (HHI=1.00).","Sanction: ₹999,000; Disbursed: ₹991,461; Cost ratio: 0.99; Sanction delay: 72d; Vendor HHI: 1.00",0.49478215779106105,0.75,0.6467862248469426,999000.0,991461.0,0.9924534534534535,,72,,2024-09-05,2024-11-16,,1.0,1.0,9.0,1.0,True,False,False,0.0,0.0,0.3977392958472396,3.33,
WS/MP18155/2024-2025/141707,Punjab,HOSHIARPUR(SC),DR. RAJ KUMAR CHABBEWAL,Normal/Others,Construction of Streets & Drains,Physical Inspection,Completed,0.6415825985795507,True,medium,financial,R07,"3 out of 5.0 payments (60%) fall just below statutory thresholds, suggesting potential contract splitting.","Sanction: ₹200,000; Disbursed: ₹200,000; Cost ratio: 1.00; Sanction delay: 4d; Duration: 472d",0.32022820545009845,0.75,0.7472158491915029,200000.0,200000.0,1.0,200000.0,4,472.0,2024-09-19,2024-09-23,2026-01-08,0.583462,3.0,5.0,0.741,False,False,False,3.0,0.6,0.109,0.6666666666666666,2.0701754385964914
WS/MP745/2025-2026/144827,Tamil Nadu,TIRUPPUR,K Subbarayan,Normal/Others,Construction of community Hall H/O vallipuram panchayat.,Work Completed,Completed,0.6396825586749243,True,medium,temporal,"R03,R04,R09","Sanction was delayed by 508 days after recommendation, far exceeding the typical processing time. This ₹5,295,000 work was completed in only 0 days, which is suspiciously fast for a project of this budget. All ₹5,260,434 of expenditure was directed to a single vendor for this large project, raising concentration risk.","Sanction: ₹5,295,000; Disbursed: ₹5,260,434; Cost ratio: 0.99; Sanction delay: 508d; Vendor HHI: 1.00",0.7494984482927656,0.7000000000000001,0.492308418862094,5295000.0,5260434.0,0.993471954674221,5260434.0,508,0.0,2024-09-30,2026-02-20,2026-02-20,1.0,1.0,1.0,1.0,True,False,False,0.0,0.0,1.0,17.65,0.0
WS/MP18206/2024-2025/144721,Uttar Pradesh,BANDA,KRISHNA DEVI SHIVSHANKER PATEL,Normal/Others,Construction of rooms and halls in  shree Shivrani Public School Parsenta singhpur block bisanda dist banda,Work partially Completed,Ongoing,0.6390380652125113,True,medium,vendor,R06,"100% of all payments (9.0 transactions) were directed to a single vendor, suggesting vendor monopolization (HHI=1.00).","Sanction: ₹999,000; Disbursed: ₹995,362; Cost ratio: 1.00; Sanction delay: 85d; Vendor HHI: 1.00",0.4947819154249802,0.75,0.6152645324464749,999000.0,995361.55,0.9963579079079079,,85,,2024-10-01,2024-12-25,,1.0,1.0,9.0,1.0,True,False,False,2.0,0.2222222222222222,0.4912311008999694,3.33,
WS/MP013/2024-2025/136719,Sikkim,SIKKIM,Indra Hang Subba,Normal/Others,Construction of dry wall and boundary wall for protection of agriculture crops from wild animals within Tomki estate at Middle Luing under Luing Parbing GPU,Work Completed,Completed,0.6379543381741346,True,medium,temporal,"R04,R05","This ₹2,000,000 work was completed in only 0 days, which is suspiciously fast for a project of this budget. Completed work worth ₹1,999,677 has no verification photograph attached, which is a compliance gap.","Sanction: ₹2,000,000; Disbursed: ₹1,999,677; Cost ratio: 1.00; Sanction delay: 69d; Vendor HHI: 0.51",0.5138158620473207,0.6875,0.6700010647494413,2000000.0,1999677.0,0.9998385,1999677.0,69,0.0,2024-08-22,2024-10-30,2024-10-30,0.5092855071077339,2.0,2.0,0.5681377542473109,False,True,False,0.0,0.0,0.5681377542473109,6.666666666666667,0.0
WS/MP18095/2025-2026/139296,Kerala,ALAPPUZHA,K. C VENUGOPAL,Normal/Others,Construction of a building for Anganwadi in the 31st ward of Cherthala Municipality,Vendor Identification,Ongoing,0.6368678455570158,True,medium,financial,"R03,R07","Sanction was delayed by 435 days after recommendation, far exceeding the typical processing time. 1 out of 1.0 payments (100%) fall just below statutory thresholds, suggesting potential contract splitting.","Sanction: ₹1,500,000; Disbursed: ₹482,031; Cost ratio: 0.32; Sanction delay: 435d; Vendor HHI: 1.00",0.6027969351693193,0.6875,0.6033388907562456,1500000.0,482031.0,0.321354,,435,,2024-09-06,2025-11-15,,1.0,1.0,1.0,1.0,True,False,False,1.0,1.0,1.0,5.0,
WS/MP18095/2025-2026/139280,Kerala,ALAPPUZHA,K. C VENUGOPAL,Normal/Others,"Purchase of a bus for OLFLPS, Vellappally",Physical Inspection,Completed,0.6316927083479001,True,medium,temporal,"R03,R04,R05","Sanction was delayed by 395 days after recommendation, far exceeding the typical processing time. This ₹2,222,622 work was completed in only 2 days, which is suspiciously fast for a project of this budget. Completed work worth ₹2,222,622 has no verification photograph attached, which is a compliance gap.","Sanction: ₹2,222,622; Disbursed: ₹2,222,622; Cost ratio: 1.00; Sanction delay: 395d; Duration: 2d",0.5815819226814036,0.7000000000000001,0.5894206505072835,2222622.0,2222622.0,1.0,2222622.0,395,2.0,2024-09-06,2025-10-06,2025-10-08,0.9349086083969573,2.0,2.0,0.9663199590393688,False,True,False,0.0,0.0,0.03368004096063118,7.40874,0.008771929824561403
WS/MP18019/2026-2027/139500,Assam,Diphu (ST),AMARSING TISSO,Normal/Others,"Construction of Community Building with Library, Guest Room, Conference Room at Haflong, Dima Hasao District (Total Estd. Cost:- Rs. 1.00 Cr.) 1st Installment Rs. 50.00 Lakhs",Physical Inspection,Ongoing,0.6316161798806411,True,medium,temporal,R03,"Sanction was delayed by 693 days after recommendation, far exceeding the typical processing time.","Sanction: ₹5,000,000; Disbursed: ₹4,998,740; Cost ratio: 1.00; Sanction delay: 693d; Vendor HHI: 0.97",0.7492866043480465,0.5,0.6979843679817985,5000000.0,4998740.0,0.999748,,693,,2024-09-06,2026-07-31,,0.9665697212624729,2.0,2.0,0.9829957149201599,False,False,False,0.0,0.0,0.017004285079840118,16.666666666666668,
WS/MP18311/2024-2025/136624,Punjab,ANANDPUR SAHIB,MALVINDER SINGH KANG,Normal/Others,Construction of drain water,Physical Inspection,Completed,0.6309718691209539,True,medium,vendor,R06,"99% of all payments (4.0 transactions) were directed to a single vendor, suggesting vendor monopolization (HHI=0.98).","Sanction: ₹2,000,000; Disbursed: ₹2,000,000; Cost ratio: 1.00; Sanction delay: 27d; Duration: 505d",0.5143229500119707,0.75,0.5782603760513176,2000000.0,2000000.0,1.0,2000000.0,27,505.0,2024-08-21,2024-09-17,2026-02-04,0.9770204449999998,3.0,4.0,0.9884,False,False,False,0.0,0.0,0.00885,6.666666666666667,2.2149122807017543
WS/MP18023/2024-2025/139962,Assam,GUWAHATI,BIJULI KALITA MEDHI,Normal/Others,"Construction of Public libraries and Reading room at Chamaria High school , Chamaria satra.",Work partially Completed,Ongoing,0.628859154334083,True,medium,vendor,R06,"100% of all payments (4.0 transactions) were directed to a single vendor, suggesting vendor monopolization (HHI=1.00).","Sanction: ₹500,000; Disbursed: ₹400,650; Cost ratio: 0.80; Sanction delay: 164d; Vendor HHI: 1.00",0.4390575518758495,0.75,0.6259850467574875,500000.0,400650.0,0.8013,,164,,2024-09-08,2025-02-19,,1.0,1.0,4.0,1.0,True,False,False,0.0,0.0,0.39935105453637837,1.6666666666666667,
WS/MP18024/2025-2026/148525,Assam,JORHAT,GAURAV GOGOI,Normal/Others,"Construction of 1 No. Chengelimora Namghar Boundary Wall, Bonamali, Buragohainbari, Desangpani GP",Vendor Identification,Ongoing,0.6284290179909571,True,medium,vendor,R06,"100% of all payments (4.0 transactions) were directed to a single vendor, suggesting vendor monopolization (HHI=1.00).","Sanction: ₹200,000; Disbursed: ₹195,936; Cost ratio: 0.98; Sanction delay: 227d; Vendor HHI: 1.00",0.4708295901340378,0.75,0.6020617727355646,200000.0,195936.0,0.97968,,227,,2024-10-19,2025-06-03,,1.0,1.0,4.0,1.0,True,False,False,1.0,0.25,0.2549403886983505,0.6666666666666666,
WS/MP18161/2024-2025/136674,Rajasthan,BHARATPUR(SC),SANJNA JATAV,Normal/Others,cc / interlocking sadak nirman karya kaare khan ke ghar se sandoli road ki taraf gram patwari ka nagla Chainpura work agency- g p Doroli,Physical Inspection,Completed,0.6212265836499358,True,medium,vendor,R06,"90% of all payments (13.0 transactions) were directed to a single vendor, suggesting vendor monopolization (HHI=0.80).","Sanction: ₹494,706; Disbursed: ₹494,706; Cost ratio: 1.00; Sanction delay: 99d; Duration: 76d",0.17162082516817215,0.75,0.7952039353082649,494706.1,494706.1,1.0,494706.1,99,76.0,2024-08-21,2024-11-28,2025-02-12,0.8044791068338036,12.0,13.0,0.8962818530032276,False,False,False,0.0,0.0,0.8698419121979697,1.6490203333333333,0.3333333333333333
WS/MP18161/2024-2025/136673,Rajasthan,BHARATPUR(SC),SANJNA JATAV,Normal/Others,cc / interlocking sadak nirman karya moti ka nagla chauraha se bhagchand ke ghar ki taraf gram Doroli work agency- g p Doroli,Physical Inspection,Completed,0.6206111468665112,True,medium,vendor,R06,"90% of all payments (13.0 transactions) were directed to a single vendor, suggesting vendor monopolization (HHI=0.81).","Sanction: ₹494,356; Disbursed: ₹494,356; Cost ratio: 1.00; Sanction delay: 99d; Duration: 76d",0.17134991956720072,0.75,0.7936390484991744,494356.0,494356.0,1.0,494356.0,99,76.0,2024-08-21,2024-11-28,2025-02-12,0.8053791028143362,12.0,13.0,0.8967849080419779,False,False,False,0.0,0.0,0.8650264182087403,1.6478533333333334,0.3333333333333333
WS/MP18024/2025-2026/148519,Assam,JORHAT,GAURAV GOGOI,Normal/Others,"Construction of Bor Namghar Boundary Fencing from Deogharia, Rangali, Udaypur GP",Vendor Identification,Ongoing,0.6198062246948866,True,medium,vendor,R06,"100% of all payments (4.0 transactions) were directed to a single vendor, suggesting vendor monopolization (HHI=1.00).","Sanction: ₹200,000; Disbursed: ₹195,938; Cost ratio: 0.98; Sanction delay: 227d; Vendor HHI: 1.00",0.4708295901340378,0.75,0.5774252204610775,200000.0,195938.0,0.97969,,227,,2024-10-19,2025-06-03,,1.0,1.0,4.0,1.0,True,False,False,0.0,0.0,0.2551827618940685,0.6666666666666666,
WS/MP18161/2024-2025/140184,Rajasthan,BHARATPUR(SC),SANJNA JATAV,Normal/Others,interlocking / cc kharnja nirman karya deepachand ke ghar se bhagwan singh ke ghar ki or gram dahra,Vendor Identification,Ongoing,0.6195538907847449,True,medium,vendor,R06,"91% of all payments (5.0 transactions) were directed to a single vendor, suggesting vendor monopolization (HHI=0.82).","Sanction: ₹250,000; Disbursed: ₹248,415; Cost ratio: 0.99; Sanction delay: 99d; Vendor HHI: 0.82",0.45226467850438556,0.75,0.5899649175961383,250000.0,248415.0,0.99366,,99,,2024-09-10,2024-12-18,,0.8237007762965162,5.0,5.0,0.906104703822233,False,False,False,0.0,0.0,0.017209105730330295,0.8333333333333334,
WS/MP18328/2024-2025/138239,Himachal Pradesh,MANDI,Kangana Ranaut,Normal/Others,"Construction of protection walls of existing public and community buildings. C/o PCC wall behind school building of GHS Chansari, District Kullu. HP. Work Execute By-HPPWD Kullu, Eastimate attached",Physical Inspection,Completed,0.6183939874629283,True,medium,vendor,"R06,R09","100% of all payments (4.0 transactions) were directed to a single vendor, suggesting vendor monopolization (HHI=1.00). All ₹1,900,000 of expenditure was directed to a single vendor for this large project, raising concentration risk.","Sanction: ₹1,900,000; Disbursed: ₹1,900,000; Cost ratio: 1.00; Sanction delay: 124d; Duration: 581d",0.47992117513788624,0.6875,0.638324839081305,1900000.0,1900000.0,1.0,1900000.0,124,581.0,2024-09-02,2025-01-04,2026-08-08,1.0,1.0,4.0,1.0,True,False,False,0.0,0.0,0.4549026315789474,6.333333333333333,2.5482456140350878
WS/MP345/2024-2025/143793,Kerala,KOLLAM,Shri NK Premachandran,Normal/Others,"Construction of Building for Anganwadi No. 41, Padinjattekara Ward 23, Thevalakara Gramapanchayat, Chavara Constituency",Work partially Completed,Ongoing,0.6183387200355881,True,medium,financial,R10,"95% of total funds were disbursed in the first payment, despite having 2.0 total payments, indicating excessive upfront payment.","Sanction: ₹1,500,000; Disbursed: ₹1,343,783; Cost ratio: 0.90; Sanction delay: 176d; Vendor HHI: 0.90",0.5773561880104181,0.75,0.4971419229513816,1500000.0,1343783.0,0.8958553333333333,,176,,2024-09-26,2025-03-21,,0.9027168977601951,2.0,2.0,0.9487298172398371,False,False,False,0.0,0.0,0.9487298172398371,5.0,
WS/MP18393/2025-2026/140466,Telangana,MEDAK,MADHAVANENI RAGHUNANDAN RAO,Repair and Renovation,Repair and renovation to Bar Association Building at Siddipet Town,Work Completed,Completed,0.6174080156312383,True,medium,temporal,"R03,R04,R07","Sanction was delayed by 371 days after recommendation, far exceeding the typical processing time. This ₹1,250,000 work was completed in only 2 days, which is suspiciously fast for a project of this budget. 1 out of 1.0 payments (100%) fall just below statutory thresholds, suggesting potential contract splitting.","Sanction: ₹1,250,000; Disbursed: ₹961,083; Cost ratio: 0.77; Sanction delay: 371d; Duration: 2d",0.5617791824701142,0.7999999999999999,0.4484663428963134,1250000.0,961083.0,0.7688664,961083.0,371,2.0,2024-09-12,2025-09-18,2025-09-20,1.0,1.0,1.0,1.0,True,False,False,1.0,1.0,1.0,2.508403150554357,0.009900990099009901
WS/MP18232/2025-2026/144144,Uttar Pradesh,MUZAFFARNAGAR,HARENDRA SINGH MALIK,Normal/Others,"sujdu ke ward no-29 me munkad ke makan se anvar ke makan tak, ashfak ke makan se bhura ke makan tak, abrar ke makan se munkad ke makan tak, vasim ke makan vali gali evm emran ke makan vali gali me brick soling evm nala ka nirman. implimenting agency:DUDA, muzaffarnagar",Work Completed,Completed,0.6145150394683372,True,medium,temporal,"R03,R05","Sanction was delayed by 437 days after recommendation, far exceeding the typical processing time. Completed work worth ₹1,196,929 has no verification photograph attached, which is a compliance gap.","Sanction: ₹1,199,000; Disbursed: ₹1,196,929; Cost ratio: 1.00; Sanction delay: 437d; Duration: 105d",0.6003652906829449,0.55,0.6983534765645742,1199000.0,1196929.0,0.9982727272727273,1196929.0,437,105.0,2024-09-28,2025-12-09,2026-03-24,0.7985390759971971,2.0,4.0,0.8863541613579419,False,True,False,0.0,0.0,0.06592705164633825,3.9966666666666666,0.4605263157894737
WS/MP18327/2025-2026/137670,Maharashtra,SOLAPUR(SC),PRANITI SUSHILKUMAR SHINDE,Normal/Others,Installation of Light in front of Khandoba Temple at Waluj Gaon in Mohol Taluka,Physical Inspection,Completed,0.6143952175848691,True,medium,temporal,"R03,R04,R07","Sanction was delayed by 557 days after recommendation, far exceeding the typical processing time. This ₹499,880 work was completed in only 3 days, which is suspiciously fast for a project of this budget. 1 out of 1.0 payments (100%) fall just below statutory thresholds, suggesting potential contract splitting.","Sanction: ₹499,880; Disbursed: ₹498,751; Cost ratio: 1.00; Sanction delay: 557d; Duration: 3d",0.6673240739096906,0.7999999999999999,0.36446914030699007,499880.0,498751.0,0.997741457949908,498751.0,557,3.0,2024-08-29,2026-03-09,2026-03-12,1.0,1.0,1.0,1.0,True,False,False,1.0,1.0,1.0,1.6662666666666666,0.013157894736842105
WS/MP745/2025-2026/141315,Tamil Nadu,TIRUPPUR,K Subbarayan,Normal/Others,"gobi,kugalur-B,(pommanaayakkan palaiyam)consraction pf community hall at gobi",Physical Inspection,Completed,0.6136864425379406,True,medium,temporal,"R03,R04,R09","Sanction was delayed by 394 days after recommendation, far exceeding the typical processing time. This ₹6,000,000 work was completed in only 0 days, which is suspiciously fast for a project of this budget. All ₹6,000,000 of expenditure was directed to a single vendor for this large project, raising concentration risk.","Sanction: ₹6,000,000; Disbursed: ₹6,000,000; Cost ratio: 1.00; Sanction delay: 394d; Vendor HHI: 1.00",0.7498346913711746,0.7000000000000001,0.4177936277004197,6000000.0,6000000.0,1.0,6000000.0,394,0.0,2024-09-16,2025-10-15,2025-10-15,1.0,1.0,1.0,1.0,True,False,False,0.0,0.0,1.0,20.0,0.0
WS/MP013/2024-2025/146441,Sikkim,SIKKIM,Indra Hang Subba,Normal/Others,Construction of protective wall for village footpath near the house of Mr.P.T Bhutia at Middle Luing,Work Completed,Completed,0.6087712089337599,True,medium,compliance,R05,"Completed work worth ₹3,199,986 has no verification photograph attached, which is a compliance gap.","Sanction: ₹3,200,000; Disbursed: ₹3,199,986; Cost ratio: 1.00; Sanction delay: 56d; Duration: 337d",0.7218811160049845,0.5,0.6522883712357538,3200000.0,3199986.0,0.999995625,3199986.0,56,337.0,2024-10-09,2024-12-04,2025-11-06,0.5009300796321243,2.0,2.0,0.5215647818459206,False,True,False,0.0,0.0,0.4784352181540794,10.666666666666666,1.4780701754385965
WS/MP243/2025-2026/141110,West Bengal,BARASAT,Kakoli Ghosh Dastidar,Normal/Others,2 storied building for skill development centre,Work partially Completed,Ongoing,0.6085422142313096,True,medium,vendor,"R03,R09","Sanction was delayed by 436 days after recommendation, far exceeding the typical processing time. All ₹9,522,744 of expenditure was directed to a single vendor for this large project, raising concentration risk.","Sanction: ₹11,000,000; Disbursed: ₹9,522,744; Cost ratio: 0.87; Sanction delay: 436d; Vendor HHI: 1.00",0.7503123270713141,0.55,0.5741832356099459,11000000.0,9522744.0,0.865704,,436,,2024-09-15,2025-11-25,,1.0,1.0,2.0,1.0,True,False,False,0.0,0.0,0.7523182393646202,36.666666666666664,
WS/MP18024/2025-2026/148520,Assam,JORHAT,GAURAV GOGOI,Normal/Others,"Upgradation of Road from Japidhora Pion Road to Bhojo bridge, Kakotibari, Japidhora Gaon, Bhoralipukhuri GP",Vendor Identification,Ongoing,0.6081521697419188,True,medium,vendor,R06,"100% of all payments (4.0 transactions) were directed to a single vendor, suggesting vendor monopolization (HHI=1.00).","Sanction: ₹200,000; Disbursed: ₹195,500; Cost ratio: 0.98; Sanction delay: 227d; Vendor HHI: 1.00",0.4708295901340378,0.75,0.5441279205954552,200000.0,195500.0,0.9775,,227,,2024-10-19,2025-06-03,,1.0,1.0,4.0,1.0,True,False,False,0.0,0.0,0.2557544757033248,0.6666666666666666,
WS/MP351/2025-2026/141865,Kerala,KANNUR,Shri Kumbakudi Sudhakaran,Normal/Others,Neerveli-Kulamkunnath kattilpura -Road-Tarring,Work Completed,Completed,0.607700614154192,True,medium,temporal,"R03,R04,R07","Sanction was delayed by 526 days after recommendation, far exceeding the typical processing time. This ₹500,000 work was completed in only 4 days, which is suspiciously fast for a project of this budget. 1 out of 1.0 payments (100%) fall just below statutory thresholds, suggesting potential contract splitting.","Sanction: ₹500,000; Disbursed: ₹496,254; Cost ratio: 0.99; Sanction delay: 526d; Duration: 4d",0.6533121392258291,0.7999999999999999,0.35535022670781347,500000.0,496254.0,0.992508,496254.0,526,4.0,2024-09-19,2026-02-27,2026-03-03,1.0,1.0,1.0,1.0,True,False,False,1.0,1.0,1.0,1.6666666666666667,0.017543859649122806
WS/MP18311/2024-2025/141037,Punjab,ANANDPUR SAHIB,MALVINDER SINGH KANG,Normal/Others,Construction of community center for SC community at village Kalwan,Work Completed,Completed,0.6075354579348798,True,medium,vendor,R06,"100% of all payments (6.0 transactions) were directed to a single vendor, suggesting vendor monopolization (HHI=1.00).","Sanction: ₹400,000; Disbursed: ₹399,669; Cost ratio: 1.00; Sanction delay: 8d; Duration: 562d",0.2780404017510907,0.75,0.6800724499917347,400000.0,399669.0,0.9991725,399669.0,8,562.0,2024-09-16,2024-09-24,2026-04-09,1.0,1.0,6.0,1.0,True,False,False,0.0,0.0,0.1772591819730827,1.3333333333333333,2.4649122807017543
WS/MP18313/2024-2025/143850,Rajasthan,BANSWARA(ST),RAJ KUMAR ROAT,Normal/Others,GSSS Rastapal mein Library nirman kary,Work partially Completed,Ongoing,0.6071774873830688,True,medium,financial,R07,"1 out of 1.0 payments (100%) fall just below statutory thresholds, suggesting potential contract splitting.","Sanction: ₹2,000,000; Disbursed: ₹999,824; Cost ratio: 0.50; Sanction delay: 82d; Vendor HHI: 1.00",0.6518452884836746,0.75,0.41204618646328606,2000000.0,999824.0,0.499912,,82,,2024-09-26,2024-12-17,,1.0,1.0,1.0,1.0,True,False,False,1.0,1.0,1.0,6.666666666666667,
WS/MP18161/2024-2025/136672,Rajasthan,BHARATPUR(SC),SANJNA JATAV,Normal/Others,cc / interlocking sadak nirman karya prakash meena ke ghar se pwd sadak ki taraf gram -Govind Pura work agency- gp Bahrampur,Physical Inspection,Completed,0.6052991492359171,True,medium,vendor,R06,"90% of all payments (9.0 transactions) were directed to a single vendor, suggesting vendor monopolization (HHI=0.82).","Sanction: ₹394,314; Disbursed: ₹394,314; Cost ratio: 1.00; Sanction delay: 99d; Duration: 146d",0.2643675978043854,0.75,0.6834492850994879,394314.0,394314.0,1.0,394314.0,99,146.0,2024-08-21,2024-11-28,2025-04-23,0.8203590949026303,8.0,9.0,0.904839797724656,False,False,False,0.0,0.0,0.030939809390485754,1.31438,0.6403508771929824
WS/MP18209/2025-2026/145437,Uttar Pradesh,BIJNOR,CHANDAN CHAUHAN,Normal/Others,Mitti khdanza work of the road from ajeet S% Vikram foji Fram to Sompal Farm  in village khindiya block purkaji,Work Completed,Completed,0.6023397970285614,True,medium,vendor,"R05,R06","Completed work worth ₹558,044 has no verification photograph attached, which is a compliance gap. 89% of all payments (4.0 transactions) were directed to a single vendor, suggesting vendor monopolization (HHI=0.80).","Sanction: ₹590,700; Disbursed: ₹558,044; Cost ratio: 0.94; Sanction delay: 169d; Duration: 97d",0.4576789664725137,0.6875,0.6083430154583801,590700.0,558044.0,0.9447164381242593,558044.0,169,97.0,2024-12-17,2025-06-04,2025-09-09,0.8039340404236288,2.0,4.0,0.8898294758119432,False,True,False,0.0,0.0,0.5627423644013734,1.969,0.42543859649122806
WS/MP745/2025-2026/138568,Tamil Nadu,TIRUPPUR,K Subbarayan,Normal/Others,Construction of Two classroom building at ward no.14 Periyar colony MMS - Triruppur corporation,Physical Inspection,Completed,0.5980446788725036,True,medium,temporal,"R03,R04,R09","Sanction was delayed by 422 days after recommendation, far exceeding the typical processing time. This ₹3,245,416 work was completed in only 2 days, which is suspiciously fast for a project of this budget. All ₹3,245,416 of expenditure was directed to a single vendor for this large project, raising concentration risk.","Sanction: ₹3,245,416; Disbursed: ₹3,245,416; Cost ratio: 1.00; Sanction delay: 422d; Duration: 2d",0.7242386443969513,0.7000000000000001,0.3913857650664736,3245416.0,3245416.0,1.0,3245416.0,422,2.0,2024-09-03,2025-10-30,2025-11-01,1.0,1.0,1.0,1.0,True,False,False,0.0,0.0,1.0,10.818053333333333,0.008771929824561403
WS/MP18109/2024-2025/146903,Madhya Pradesh,SIDHI,DR. RAJESH MISHRA,Normal/Others,PATHARI NALA ME RAJ BAHADUR KEWAT KE GHAR KE PASS CHECK DAM,Vendor Identification,Ongoing,0.5979941117670233,True,medium,vendor,R06,"100% of all payments (8.0 transactions) were directed to a single vendor, suggesting vendor monopolization (HHI=1.00).","Sanction: ₹500,000; Disbursed: ₹499,554; Cost ratio: 1.00; Sanction delay: 109d; Vendor HHI: 1.00",0.292592235361141,0.75,0.6424172940763943,500000.0,499554.0,0.999108,,109,,2024-10-11,2025-01-28,,1.0,1.0,8.0,1.0,True,False,False,2.0,0.25,0.0880785660809442,1.6666666666666667,
WS/MP345/2024-2025/138116,Kerala,KOLLAM,Shri NK Premachandran,Normal/Others,Construction of Anganwadi building No. 83 of Panmana Grama Panchayat,Work partially Completed,Ongoing,0.5965964706352469,True,medium,financial,R07,"1 out of 1.0 payments (100%) fall just below statutory thresholds, suggesting potential contract splitting.","Sanction: ₹1,250,000; Disbursed: ₹493,113; Cost ratio: 0.39; Sanction delay: 195d; Vendor HHI: 1.00",0.5356186752724362,0.75,0.4648337194775367,1250000.0,493113.0,0.3944904,,195,,2024-09-01,2025-03-15,,1.0,1.0,1.0,1.0,True,False,False,1.0,1.0,1.0,4.166666666666667,
WS/MP313/2024-2025/138687,Arunachal Pradesh,ARUNACHAL EAST,Shri Tapir Gao,Normal/Others,Development of land near Bitin Patuk Community Hall at Lower Dalbing in Upper Siang District,Work Completed,Completed,0.5962179312092926,True,medium,temporal,R04,"This ₹2,000,000 work was completed in only 4 days, which is suspiciously fast for a project of this budget.","Sanction: ₹2,000,000; Disbursed: ₹2,000,000; Cost ratio: 1.00; Sanction delay: 180d; Duration: 4d",0.5143229500119707,0.75,0.47896341058942793,2000000.0,2000000.0,1.0,2000000.0,180,4.0,2024-09-14,2025-03-13,2025-03-17,0.9703297276879999,2.0,2.0,0.984938,False,False,False,0.0,0.0,0.015062,6.666666666666667,0.017543859649122806
WS/MP18161/2024-2025/138080,Rajasthan,BHARATPUR(SC),SANJNA JATAV,Normal/Others,CC/ INTERLOCKING with nali nirman rasta Nirman karya damar sadak se dudhiya ke ghar ki or gram aganpura work agency GP kareeli,Physical Inspection,Ongoing,0.5945429571349762,True,medium,vendor,R06,"90% of all payments (7.0 transactions) were directed to a single vendor, suggesting vendor monopolization (HHI=0.82).","Sanction: ₹300,000; Disbursed: ₹299,911; Cost ratio: 1.00; Sanction delay: 87d; Vendor HHI: 0.82",0.27167276902886717,0.75,0.6474993282221697,300000.0,299911.0,0.9997033333333334,,87,,2024-09-01,2024-11-27,,0.819692695979772,7.0,7.0,0.9043382870251508,False,False,False,0.0,0.0,0.01167012880487878,1.0,
WS/MP18155/2024-2025/141718,Punjab,HOSHIARPUR(SC),DR. RAJ KUMAR CHABBEWAL,Normal/Others,Construction of Streets & Drains,Physical Inspection,Completed,0.5937467518293011,True,medium,financial,R07,"3 out of 4.0 payments (75%) fall just below statutory thresholds, suggesting potential contract splitting.","Sanction: ₹200,000; Disbursed: ₹200,000; Cost ratio: 1.00; Sanction delay: 6d; Duration: 176d",0.26284473142767006,0.75,0.6515301970639531,200000.0,200000.0,1.0,200000.0,6,176.0,2024-09-19,2024-09-25,2025-03-20,0.616017445,2.0,4.0,0.74085,False,False,False,3.0,0.75,0.25915,0.6666666666666666,0.7719298245614035
WS/MP18161/2024-2025/140183,Rajasthan,BHARATPUR(SC),SANJNA JATAV,Normal/Others,interlocking/ cc nirman karya bhumiya baba par se main rasta ki or gram bharkau work agency gp dahra,Work partially Completed,Ongoing,0.59325381540234,True,medium,vendor,R06,"91% of all payments (5.0 transactions) were directed to a single vendor, suggesting vendor monopolization (HHI=0.84).","Sanction: ₹250,000; Disbursed: ₹249,736; Cost ratio: 1.00; Sanction delay: 99d; Vendor HHI: 0.84",0.3712978204513531,0.75,0.5726553151128619,250000.0,249736.0,0.998944,,99,,2024-09-10,2024-12-18,,0.8388699785165146,5.0,5.0,0.9145898068360189,False,False,False,0.0,0.0,0.042044398885222795,0.8333333333333334,
WS/MP393/2025-2026/148981,Tamil Nadu,SIVAGANGA,Shri Karti P Chidambaram,Normal/Others,(MPLADS 2024-25) Extension of Bus Stand in Sivaganga Municipality,Vendor Identification,Ongoing,0.59303215923007,True,medium,vendor,R09,"All ₹10,000,000 of expenditure was directed to a single vendor for this large project, raising concentration risk.","Sanction: ₹10,000,000; Disbursed: ₹10,000,000; Cost ratio: 1.00; Sanction delay: 319d; Vendor HHI: 1.00",0.7499998205688125,0.5,0.587234868822477,10000000.0,10000000.0,1.0,,319,,2024-10-22,2025-09-06,,1.0,1.0,3.0,1.0,True,False,False,0.0,0.0,0.5617445,33.333333333333336,
WS/MP18232/2025-2026/144145,Uttar Pradesh,MUZAFFARNAGAR,HARENDRA SINGH MALIK,Normal/Others,"sujdu ke ward no-3 me ahsan ke makan se tosif ke makan tak, furkan ke makan se shafik ke makan tak, shan miya ke makan se gulshan public school tak v branch galyio me brick soling v nali nirman work.  implimenting agency:-DUDA, muzaffarnagar",Work Completed,Completed,0.5923481571492627,True,medium,temporal,"R03,R05","Sanction was delayed by 437 days after recommendation, far exceeding the typical processing time. Completed work worth ₹1,197,764 has no verification photograph attached, which is a compliance gap.","Sanction: ₹1,199,000; Disbursed: ₹1,197,764; Cost ratio: 1.00; Sanction delay: 437d; Duration: 105d",0.5193750707853793,0.55,0.6928696841511939,1199000.0,1197764.0,0.9989691409507924,1197764.0,437,105.0,2024-09-28,2025-12-09,2026-03-24,0.798375100183911,2.0,4.0,0.8862480421852719,False,True,False,0.0,0.0,0.06605725334873983,3.9966666666666666,0.4605263157894737
WS/MP18161/2024-2025/138068,Rajasthan,BHARATPUR(SC),SANJNA JATAV,Normal/Others,Interlocking sadak Nirman karya vishram ke Makan se sodan ke Makan ki or gram Bahupada work agency GP nahar khora,Physical Inspection,Completed,0.5918482643503276,True,medium,vendor,R06,"95% of all payments (9.0 transactions) were directed to a single vendor, suggesting vendor monopolization (HHI=0.90).","Sanction: ₹499,304; Disbursed: ₹499,304; Cost ratio: 1.00; Sanction delay: 92d; Duration: 317d",0.25229074294537085,0.75,0.6536445103256711,499304.0,499304.0,1.0,499304.0,92,317.0,2024-09-01,2024-12-02,2025-10-15,0.903289027245221,8.0,9.0,0.9501305817698236,False,False,False,0.0,0.0,0.002002787880729976,1.6643466666666666,1.3903508771929824
WS/MP351/2025-2026/141853,Kerala,KANNUR,Shri Kumbakudi Sudhakaran,Normal/Others,Chakkarakkal Kollikkampoyil Road-Tarring,Physical Inspection,Completed,0.590210873013788,True,medium,temporal,"R03,R04,R05","Sanction was delayed by 517 days after recommendation, far exceeding the typical processing time. This ₹700,000 work was completed in only 5 days, which is suspiciously fast for a project of this budget. Completed work worth ₹655,610 has no verification photograph attached, which is a compliance gap.","Sanction: ₹700,000; Disbursed: ₹655,610; Cost ratio: 0.94; Sanction delay: 517d; Duration: 5d",0.6486168872545343,0.7000000000000001,0.42301900342901266,700000.0,655610.0,0.9365857142857142,655610.0,517,5.0,2024-09-19,2026-02-18,2026-02-23,1.0,1.0,1.0,1.0,True,True,False,0.0,0.0,1.0,2.3333333333333335,0.021929824561403508
WS/MP18095/2025-2026/148832,Kerala,ALAPPUZHA,K. C VENUGOPAL,Normal/Others,Formation of Manakkattu Menatheri Road in the 29th ward of Kayamkulam Municipality (SCP),Work Completed,Completed,0.5870399587719765,True,medium,vendor,"R03,R05,R09","Sanction was delayed by 468 days after recommendation, far exceeding the typical processing time. Completed work worth ₹1,995,303 has no verification photograph attached, which is a compliance gap. All ₹1,995,303 of expenditure was directed to a single vendor for this large project, raising concentration risk.","Sanction: ₹2,000,000; Disbursed: ₹1,995,303; Cost ratio: 1.00; Sanction delay: 468d; Duration: 81d",0.6513783875865597,0.6,0.5262724625009615,2000000.0,1995303.0,0.9976515,1995303.0,468,81.0,2024-10-22,2026-02-02,2026-04-24,1.0,1.0,2.0,1.0,True,True,False,1.0,0.5,0.48766177367547686,6.666666666666667,0.35526315789473684
WS/MP18019/2024-2025/137604,Assam,Diphu (ST),AMARSING TISSO,Normal/Others,"Construction of ringwell near the house of Smt Rengka Teronpi, Manja College",Physical Inspection,Completed,0.5869302116533666,True,medium,vendor,R06,"100% of all payments (4.0 transactions) were directed to a single vendor, suggesting vendor monopolization (HHI=1.00).","Sanction: ₹300,000; Disbursed: ₹299,192; Cost ratio: 1.00; Sanction delay: 57d; Duration: 236d",0.42112100009261805,0.75,0.5189998903720345,300000.0,299192.0,0.9973066666666667,299192.0,57,236.0,2024-08-29,2024-10-25,2025-06-18,1.0,1.0,4.0,1.0,True,False,False,0.0,0.0,0.3159208802374395,1.0,1.0350877192982457
WS/MP370/2024-2025/145534,Odisha,SUNDARGARH (ST),Shri Jual Oram,Normal/Others,Const. of CC Building at Ghoghar Kisanpada,Physical Inspection,Completed,0.5828255275282618,True,medium,vendor,R06,"95% of all payments (8.0 transactions) were directed to a single vendor, suggesting vendor monopolization (HHI=0.91).","Sanction: ₹700,000; Disbursed: ₹700,000; Cost ratio: 1.00; Sanction delay: 55d; Duration: 396d",0.2699286400336544,0.75,0.6152667643424231,700000.0,700000.0,1.0,700000.0,55,396.0,2024-10-04,2024-11-28,2025-12-29,0.9074730460285715,4.0,8.0,0.9521528571428571,False,False,False,0.0,0.0,0.0121,2.3333333333333335,1.736842105263158
WS/MP370/2024-2025/145561,Odisha,SUNDARGARH (ST),Shri Jual Oram,Normal/Others,Completion of Padha Community Centre at Lanjiberna,Work Completed,Completed,0.5825528560311094,True,medium,vendor,R06,"93% of all payments (10.0 transactions) were directed to a single vendor, suggesting vendor monopolization (HHI=0.87).","Sanction: ₹400,000; Disbursed: ₹400,000; Cost ratio: 1.00; Sanction delay: 62d; Duration: 441d",0.15383863687893015,0.75,0.697409133746791,400000.0,400000.0,1.0,400000.0,62,441.0,2024-10-04,2024-12-05,2026-02-19,0.8670631913499999,9.0,10.0,0.9299575,False,False,False,0.0,0.0,0.57911,1.3333333333333333,1.9342105263157894
WS/MP18109/2024-2025/146899,Madhya Pradesh,SIDHI,DR. RAJESH MISHRA,Normal/Others,WARD 13 GANGA RAM CHAUBEY KE GHAR TAK ROAD NIRMAN,Vendor Identification,Ongoing,0.5821795805256615,True,medium,vendor,R06,"100% of all payments (9.0 transactions) were directed to a single vendor, suggesting vendor monopolization (HHI=1.00).","Sanction: ₹500,000; Disbursed: ₹499,975; Cost ratio: 1.00; Sanction delay: 109d; Vendor HHI: 1.00",0.2150584343407431,0.75,0.6526142055442166,500000.0,499975.0,0.99995,,109,,2024-10-11,2025-01-28,,1.0,1.0,9.0,1.0,True,False,False,1.0,0.1111111111111111,0.10500525026251313,1.6666666666666667,
WS/MP823/2024-2025/137367,West Bengal,KRISHNANAGAR,Ms Mahua Moitra,Normal/Others,"Construction of Chapra Bus Stand at Karimpur Krishnagar Road under Chapra GP, Chapra Block , Nadia.",Vendor Identification,Ongoing,0.5814058198962628,True,medium,vendor,R09,"All ₹2,972,015 of expenditure was directed to a single vendor for this large project, raising concentration risk.","Sanction: ₹8,800,000; Disbursed: ₹2,972,015; Cost ratio: 0.34; Sanction delay: 97d; Vendor HHI: 1.00",0.7504396335606445,0.5,0.5537026043031479,8800000.0,2972015.0,0.33772897727272727,,97,,2024-09-05,2024-12-11,,1.0,1.0,1.0,1.0,True,False,False,0.0,0.0,1.0,29.333333333333332,
WS/MP18155/2024-2025/141700,Punjab,HOSHIARPUR(SC),DR. RAJ KUMAR CHABBEWAL,Normal/Others,Construction of Park for play,Physical Inspection,Completed,0.5814048697756421,True,medium,vendor,R06,"100% of all payments (5.0 transactions) were directed to a single vendor, suggesting vendor monopolization (HHI=1.00).","Sanction: ₹200,000; Disbursed: ₹200,000; Cost ratio: 1.00; Sanction delay: 4d; Duration: 499d",0.20924583425753412,0.75,0.6545526034607387,200000.0,200000.0,1.0,200000.0,4,499.0,2024-09-19,2024-09-23,2026-02-04,1.0,1.0,5.0,1.0,True,False,False,1.0,0.2,0.1711,0.6666666666666666,2.18859649122807
WS/MP18209/2025-2026/145458,Uttar Pradesh,BIJNOR,CHANDAN CHAUHAN,Normal/Others,CC Road and drain construction work of the road from Paltu's house to Rakesh house in Kallarpur village,Work partially Completed,Ongoing,0.5803269876134217,True,medium,temporal,R03,"Sanction was delayed by 410 days after recommendation, far exceeding the typical processing time.","Sanction: ₹312,700; Disbursed: ₹300,899; Cost ratio: 0.96; Sanction delay: 410d; Vendor HHI: 0.78",0.5868436404550696,0.5,0.6674745071418694,312700.0,300899.0,0.9622609529900863,,410,,2024-12-17,2026-01-31,,0.7805095831911228,2.0,4.0,0.8745060634963892,False,False,False,0.0,0.0,0.0686509426751169,1.0423333333333333,
WS/MP18006/2024-2025/139521,Andhra Pradesh,CHITTOOR,DAGGUMALLA PRASADA RAO,Normal/Others,"Construction of CC road from Kummari Arnapoorna House to Chalapathi House in Samudrampalli Village and GP of Palamaneru Mandal, Palamaneru Constituency.",Work Completed,Completed,0.578779257513023,True,medium,financial,R07,"1 out of 1.0 payments (100%) fall just below statutory thresholds, suggesting potential contract splitting.","Sanction: ₹100,000; Disbursed: ₹47,627; Cost ratio: 0.48; Sanction delay: 28d; Duration: 108d",0.4328264416413994,0.75,0.4873504202933516,100000.0,47627.0,0.47627,47627.0,28,108.0,2024-09-06,2024-10-04,2025-01-20,1.0,1.0,1.0,1.0,True,False,False,1.0,1.0,1.0,0.3333333333333333,0.47368421052631576
WS/MP394/2025-2026/136038,Tamil Nadu,KANNIYAKUMARI,Shri vijayakumar Vasanth,Normal/Others,ooratchi vilagam pal nokku kattidam,Physical Inspection,Ongoing,0.5739104553973575,True,medium,financial,"R03,R07","Sanction was delayed by 563 days after recommendation, far exceeding the typical processing time. 1 out of 1.0 payments (100%) fall just below statutory thresholds, suggesting potential contract splitting.","Sanction: ₹1,000,000; Disbursed: ₹958,811; Cost ratio: 0.96; Sanction delay: 563d; Vendor HHI: 1.00",0.6701936903673072,0.6875,0.3753200937300878,1000000.0,958811.0,0.958811,,563,,2024-08-17,2026-03-03,,1.0,1.0,1.0,1.0,True,False,False,1.0,1.0,1.0,3.3333333333333335,
WS/MP812/2026-2027/148927,Uttar Pradesh,KUSHI NAGAR,Vijay Kumar Dubey,Normal/Others,GP DOM BARWA ME MOTICHAK ME  SAMUDAYIK BHAWAN KA NNIRMAN KARRY,Work partially Completed,Ongoing,0.5732336395382474,True,medium,temporal,R03,"Sanction was delayed by 582 days after recommendation, far exceeding the typical processing time.","Sanction: ₹1,350,000; Disbursed: ₹842,954; Cost ratio: 0.62; Sanction delay: 582d; Vendor HHI: 1.00",0.6776294226060066,0.5,0.5823608111049878,1350000.0,842954.0,0.6244103703703704,,582,,2024-10-21,2026-05-26,,1.0,1.0,1.0,1.0,True,False,False,0.0,0.0,1.0,4.5,
WS/MP18155/2024-2025/141714,Punjab,HOSHIARPUR(SC),DR. RAJ KUMAR CHABBEWAL,Normal/Others,Construction of Streets & Drains,Physical Inspection,Completed,0.57315075187026,True,medium,vendor,R06,"100% of all payments (5.0 transactions) were directed to a single vendor, suggesting vendor monopolization (HHI=1.00).","Sanction: ₹200,000; Disbursed: ₹200,000; Cost ratio: 1.00; Sanction delay: 4d; Duration: 471d",0.19249663808138812,0.75,0.6429331209997513,200000.0,200000.0,1.0,200000.0,4,471.0,2024-09-19,2024-09-23,2026-01-07,1.0,1.0,5.0,1.0,True,False,False,0.0,0.0,0.228,0.6666666666666666,2.0657894736842106
WS/MP370/2024-2025/145452,Odisha,SUNDARGARH (ST),Shri Jual Oram,Normal/Others,Completion of Mandap at Bhaluabahal,Physical Inspection,Completed,0.5731251568312146,True,medium,vendor,R06,"92% of all payments (7.0 transactions) were directed to a single vendor, suggesting vendor monopolization (HHI=0.85).","Sanction: ₹500,000; Disbursed: ₹500,000; Cost ratio: 1.00; Sanction delay: 62d; Duration: 229d",0.2655627659789851,0.75,0.5906699009613376,500000.0,500000.0,1.0,500000.0,62,229.0,2024-10-04,2024-12-05,2025-07-22,0.8529264947759999,6.0,7.0,0.922132,False,False,False,0.0,0.0,0.000818,1.6666666666666667,1.0043859649122806
WS/MP18278/2024-2025/134667,Chhattisgarh,JANJGIR CHAMPA(SC),KAMLESH JANGDE,Normal/Others,CC Road- From Amit Home towards Bairaag pond.,Work partially Completed,Ongoing,0.5730003446796439,True,medium,financial,R07,"2 out of 2.0 payments (100%) fall just below statutory thresholds, suggesting potential contract splitting.","Sanction: ₹1,200,000; Disbursed: ₹960,000; Cost ratio: 0.80; Sanction delay: 45d; Vendor HHI: 1.00",0.5273111292166957,0.75,0.4033501782156286,1200000.0,960000.0,0.8,,45,,2024-08-05,2024-09-19,,1.0,1.0,2.0,1.0,True,False,False,2.0,1.0,0.5,4.0,
WS/MP18109/2024-2025/146897,Madhya Pradesh,SIDHI,DR. RAJESH MISHRA,Normal/Others,BARMANI ME GULAB SINGH KE GHAR KE PASS BRIDGE NIRMAN,Vendor Identification,Ongoing,0.5729318725147519,True,medium,vendor,R06,"100% of all payments (8.0 transactions) were directed to a single vendor, suggesting vendor monopolization (HHI=1.00).","Sanction: ₹300,000; Disbursed: ₹300,000; Cost ratio: 1.00; Sanction delay: 109d; Vendor HHI: 1.00",0.19022384966043637,0.75,0.6439311717132652,300000.0,300000.0,1.0,,109,,2024-10-11,2025-01-28,,1.0,1.0,8.0,1.0,True,False,False,1.0,0.125,0.14337,1.0,
WS/MP18023/2024-2025/140675,Assam,GUWAHATI,BIJULI KALITA MEDHI,Normal/Others,"Construction Of link road from Narayan Kalita house to Sabin Boro house at Jogipara , Dhupdhara.",Physical Inspection,Completed,0.5728748717289478,True,medium,vendor,"R05,R09","Completed work worth ₹2,800,000 has no verification photograph attached, which is a compliance gap. All ₹2,800,000 of expenditure was directed to a single vendor for this large project, raising concentration risk.","Sanction: ₹2,800,000; Disbursed: ₹2,800,000; Cost ratio: 1.00; Sanction delay: 159d; Duration: 432d",0.6899469529320329,0.55,0.5153946671312557,2800000.0,2800000.0,1.0,2800000.0,159,432.0,2024-09-13,2025-02-19,2026-04-27,1.0,1.0,3.0,1.0,True,True,False,0.0,0.0,0.6,9.333333333333334,1.894736842105263
WS/MP013/2024-2025/137238,Sikkim,SIKKIM,Indra Hang Subba,Normal/Others,Construction of drainage system from Pakyong road to Lower Senti at Chubba khola under Senti,Work Completed,Completed,0.5711824643899736,True,medium,compliance,R05,"Completed work worth ₹1,497,506 has no verification photograph attached, which is a compliance gap.","Sanction: ₹1,500,000; Disbursed: ₹1,497,506; Cost ratio: 1.00; Sanction delay: 78d; Duration: 12d",0.5726744374796726,0.5,0.6514681572001584,1500000.0,1497506.0,0.9983373333333333,1497506.0,78,12.0,2024-08-27,2024-11-13,2024-11-25,0.5098425985417654,2.0,2.0,0.5701519726799091,False,True,False,0.0,0.0,0.42984802732009086,5.0,0.05263157894736842
WS/MP356/2025-2026/140606,Madhya Pradesh,MANDSOUR,Shri Sudheer Gupta,Normal/Others,CONSTRUCTION OF CC ROAD,Vendor Identification,Ongoing,0.5700131488884504,True,medium,temporal,R03,"Sanction was delayed by 495 days after recommendation, far exceeding the typical processing time.","Sanction: ₹150,000; Disbursed: ₹75,000; Cost ratio: 0.50; Sanction delay: 495d; Vendor HHI: 1.00",0.6372683103983309,0.5,0.6019887751110506,150000.0,75000.0,0.5,,495,,2024-09-13,2026-01-21,,1.0,1.0,1.0,1.0,True,False,False,0.0,0.0,1.0,0.5,
WS/MP18109/2024-2025/146900,Madhya Pradesh,SIDHI,DR. RAJESH MISHRA,Normal/Others,MATA ME KASEETA NALA ME BRIDGE NIRMAN,Vendor Identification,Ongoing,0.5695129627606336,True,medium,vendor,R06,"100% of all payments (9.0 transactions) were directed to a single vendor, suggesting vendor monopolization (HHI=1.00).","Sanction: ₹500,000; Disbursed: ₹499,940; Cost ratio: 1.00; Sanction delay: 109d; Vendor HHI: 1.00",0.18232964825501616,0.75,0.6398015734196558,500000.0,499940.0,0.99988,,109,,2024-10-11,2025-01-28,,1.0,1.0,9.0,1.0,True,False,False,0.0,0.0,0.21002520302436292,1.6666666666666667,
WS/MP370/2024-2025/145453,Odisha,SUNDARGARH (ST),Shri Jual Oram,Normal/Others,Completion of Mandap at Barangakachhar,Physical Inspection,Completed,0.5670160645058704,True,medium,vendor,R06,"93% of all payments (6.0 transactions) were directed to a single vendor, suggesting vendor monopolization (HHI=0.86).","Sanction: ₹500,000; Disbursed: ₹500,000; Cost ratio: 1.00; Sanction delay: 62d; Duration: 229d",0.2629688576960434,0.75,0.5750681430910272,500000.0,500000.0,1.0,500000.0,62,229.0,2024-10-04,2024-12-05,2025-07-22,0.8617216880399999,6.0,6.0,0.927152,False,False,False,0.0,0.0,0.001394,1.6666666666666667,1.0043859649122806
WS/MP410/2025-2026/148375,Assam,LAKHIMPUR,Pradan Baruah,Normal/Others,"Const. of community hall of Puhor (CLF), Jonai LAC under MPLAD, FY 2024-25",Vendor Identification,Ongoing,0.565786873158439,True,medium,vendor,R06,"100% of all payments (4.0 transactions) were directed to a single vendor, suggesting vendor monopolization (HHI=1.00).","Sanction: ₹1,000,000; Disbursed: ₹999,619; Cost ratio: 1.00; Sanction delay: 272d; Vendor HHI: 1.00",0.21322557587144025,0.75,0.607087083401654,1000000.0,999619.0,0.999619,,272,,2024-10-19,2025-07-18,,1.0,1.0,4.0,1.0,True,False,False,0.0,0.0,0.3616327820899763,3.3333333333333335,
WS/MP370/2024-2025/145455,Odisha,SUNDARGARH (ST),Shri Jual Oram,Normal/Others,Complation of Mandap at Patuapada Harijanpada,Physical Inspection,Completed,0.565180859141025,True,medium,vendor,R06,"94% of all payments (6.0 transactions) were directed to a single vendor, suggesting vendor monopolization (HHI=0.88).","Sanction: ₹500,000; Disbursed: ₹500,000; Cost ratio: 1.00; Sanction delay: 62d; Duration: 229d",0.25786504127365617,0.75,0.573470282350317,500000.0,500000.0,1.0,500000.0,62,229.0,2024-10-04,2024-12-05,2025-07-22,0.8813992373039999,6.0,6.0,0.938106,False,False,False,0.0,0.0,0.001122,1.6666666666666667,1.0043859649122806
WS/MP370/2024-2025/145454,Odisha,SUNDARGARH (ST),Shri Jual Oram,Normal/Others,Completion of Mandap at Kulga,Physical Inspection,Completed,0.5651721699224879,True,medium,vendor,R06,"94% of all payments (6.0 transactions) were directed to a single vendor, suggesting vendor monopolization (HHI=0.88).","Sanction: ₹500,000; Disbursed: ₹500,000; Cost ratio: 1.00; Sanction delay: 62d; Duration: 229d",0.25783028439950717,0.75,0.573470282350317,500000.0,500000.0,1.0,500000.0,62,229.0,2024-10-04,2024-12-05,2025-07-22,0.8814665151440001,6.0,6.0,0.938146,False,False,False,0.0,0.0,0.001172,1.6666666666666667,1.0043859649122806
WS/MP18242/2024-2025/145618,Uttar Pradesh,SULTANPUR,RAMBHUAL NISHAD,Normal/Others,As per list attached of 44 places of installation of high mast led light - 6 LED for different blocks and villages.,Physical Inspection,Completed,0.565118707923454,True,medium,vendor,R09,"All ₹9,852,234 of expenditure was directed to a single vendor for this large project, raising concentration risk.","Sanction: ₹9,852,234; Disbursed: ₹9,852,234; Cost ratio: 1.00; Sanction delay: 21d; Duration: 664d",0.7503121297656004,0.5,0.5072590728058682,9852234.0,9852234.0,1.0,9852234.0,21,664.0,2024-10-05,2024-10-26,2026-08-21,1.0,1.0,2.0,1.0,True,False,False,0.0,0.0,0.5988489514154861,32.84078,2.912280701754386
WS/MP410/2025-2026/148376,Assam,LAKHIMPUR,Pradan Baruah,Normal/Others,"Const. of community hall of Doksiri (CLF), Jonai LAC under MPLAD, FY 2024-25",Vendor Identification,Ongoing,0.5629937664074852,True,medium,vendor,R06,"100% of all payments (4.0 transactions) were directed to a single vendor, suggesting vendor monopolization (HHI=1.00).","Sanction: ₹1,000,000; Disbursed: ₹999,439; Cost ratio: 1.00; Sanction delay: 283d; Vendor HHI: 1.00",0.2354951354079353,0.75,0.5831999501585753,1000000.0,999439.0,0.999439,,283,,2024-10-19,2025-07-29,,1.0,1.0,4.0,1.0,True,False,False,0.0,0.0,0.440817298504461,3.3333333333333335,
WS/MP18024/2025-2026/148300,Assam,JORHAT,GAURAV GOGOI,Normal/Others,"Construction of Boundary Wall of Majdulakakhara Sanskritik Kendra, Ouguri Shyam gaon, Lukhurakhon, Begenabari GP",Vendor Identification,Ongoing,0.5624932023442495,True,medium,vendor,R06,"100% of all payments (4.0 transactions) were directed to a single vendor, suggesting vendor monopolization (HHI=1.00).","Sanction: ₹200,000; Disbursed: ₹200,000; Cost ratio: 1.00; Sanction delay: 300d; Vendor HHI: 1.00",0.23918530167534635,0.75,0.5791339340726083,200000.0,200000.0,1.0,,300,,2024-10-18,2025-08-14,,1.0,1.0,4.0,1.0,True,False,False,0.0,0.0,0.3245,0.6666666666666666,
WS/MP352/2025-2026/140054,Kerala,ERNAKULAM,Shri Hibi Eden,Normal/Others,"Purchase of a School bus for St.Joseph U P School, Karithala",Physical Inspection,Completed,0.5622141427711933,True,medium,temporal,R03,"Sanction was delayed by 379 days after recommendation, far exceeding the typical processing time.","Sanction: ₹2,472,799; Disbursed: ₹2,472,799; Cost ratio: 1.00; Sanction delay: 379d; Duration: 36d",0.6399797094824088,0.5,0.5777691868588317,2472799.0,2472799.0,1.0,2472799.0,379,36.0,2024-09-09,2025-09-23,2025-10-29,0.9428535813842129,2.0,2.0,0.9705600819152709,False,False,False,0.0,0.0,0.029439918084729087,8.242663333333333,0.15789473684210525
WS/MP18250/2024-2025/142043,West Bengal,BASIRHAT,SK NURUL ISLAM,Normal/Others,Installation of street solar light and 7nos. of Eletric based water tank under Falti Beliaghata G.P & Barasat II Panchayat Samity. (Sl No.-8 to 15),Work Completed,Completed,0.5618888797060029,True,medium,vendor,"R04,R09","This ₹4,270,000 work was completed in only 0 days, which is suspiciously fast for a project of this budget. All ₹4,257,482 of expenditure was directed to a single vendor for this large project, raising concentration risk.","Sanction: ₹4,270,000; Disbursed: ₹4,257,482; Cost ratio: 1.00; Sanction delay: 110d; Vendor HHI: 1.00",0.7474362668799079,0.6875,0.28579946567435954,4270000.0,4257482.0,0.9970683840749415,4257482.0,110,0.0,2024-09-20,2025-01-08,2025-01-08,1.0,1.0,1.0,1.0,True,False,False,0.0,0.0,1.0,14.233333333333333,0.0
WS/MP691/2024-2025/140096,Maharashtra,RAVER,Smt Raksha Nikhil Khadse,Normal/Others,Mauje Bodwad Bodwad District  Seating Arrangment at various places for inner city citizens in Jalgaon.,Physical Inspection,Completed,0.5610254422877491,True,medium,vendor,"R04,R09","This ₹2,999,928 work was completed in only 2 days, which is suspiciously fast for a project of this budget. All ₹2,974,718 of expenditure was directed to a single vendor for this large project, raising concentration risk.","Sanction: ₹2,999,928; Disbursed: ₹2,974,718; Cost ratio: 0.99; Duration: 2d; Vendor HHI: 1.00",0.727657321339182,0.6875,0.2974603198655814,2999928.0,2974718.0,0.9915964649818262,2974718.0,0,2.0,2024-09-09,2024-09-09,2024-09-11,1.0,1.0,1.0,1.0,True,False,False,0.0,0.0,1.0,9.99976,0.008771929824561403
WS/MP526/2025-2026/146057,Andhra Pradesh,KADAPA,Y S Avinash Reddy,Normal/Others,Providing Earthen drain from R&B Road (Railway Bridge) to Kamalapuram tank Marava Channel in Gopulapuram Village & GP of Kamalapuram Mandal,Physical Inspection,Completed,0.5598047505599018,True,medium,temporal,"R03,R04","Sanction was delayed by 452 days after recommendation, far exceeding the typical processing time. This ₹451,000 work was completed in only 1 days, which is suspiciously fast for a project of this budget.","Sanction: ₹451,000; Disbursed: ₹410,821; Cost ratio: 0.91; Sanction delay: 452d; Duration: 1d",0.6130998289036443,0.6875,0.3757994095256876,451000.0,410821.0,0.9109113082039911,410821.0,452,1.0,2024-10-08,2026-01-03,2026-01-04,1.0,1.0,1.0,1.0,True,False,False,0.0,0.0,1.0,1.5033333333333334,0.0043859649122807015
WS/MP18112/2024-2025/136522,Maharashtra,AMRAVATI(SC),BALWANT BASWANT WANKHADE,Normal/Others,"CONSTRUCTION OF COMMUNITY HALL , AT RAMABAI AMBEDKAR NAGAR , DARYAPUR DIST AMRAVATI",Physical Inspection,Completed,0.5597280366252025,True,medium,compliance,R05,"Completed work worth ₹1,497,556 has no verification photograph attached, which is a compliance gap.","Sanction: ₹1,500,000; Disbursed: ₹1,497,556; Cost ratio: 1.00; Sanction delay: 182d; Duration: 101d",0.5718401033144007,0.5,0.6193371737045781,1500000.0,1497556.0,0.9983706666666666,1497556.0,182,101.0,2024-08-20,2025-02-18,2025-05-30,0.650765671915833,2.0,3.0,0.7745593486988133,False,True,False,0.0,0.0,0.7745593486988133,5.0,0.44298245614035087
WS/MP858/2024-2025/143945,West Bengal,BOLPUR(SC),Asit Kumar Mal,Normal/Others,"Construction of Boundary Wall at Sukhbazar Eco PARK UNDER ,ILLAMBAZAR BLOCK ,Executing Agency will be EO S.S.D.A. BOLPUR, BIRBHUM.",Vendor Identification,Ongoing,0.5586518425164747,True,medium,vendor,R09,"All ₹1,579,974 of expenditure was directed to a single vendor for this large project, raising concentration risk.","Sanction: ₹4,124,451; Disbursed: ₹1,579,974; Cost ratio: 0.38; Sanction delay: 70d; Vendor HHI: 1.00",0.7464113514348583,0.5,0.4915685847364575,4124451.0,1579974.0,0.38307498379784366,,70,,2024-09-27,2024-12-06,,1.0,1.0,1.0,1.0,True,False,False,0.0,0.0,1.0,13.74817,
WS/MP013/2024-2025/141726,Sikkim,SIKKIM,Indra Hang Subba,Normal/Others,Protective wall near PMGSY road at Upper Luing,Work Completed,Completed,0.5584238387127612,True,medium,compliance,R05,"Completed work worth ₹1,999,843 has no verification photograph attached, which is a compliance gap.","Sanction: ₹2,000,000; Disbursed: ₹1,999,843; Cost ratio: 1.00; Sanction delay: 76d; Duration: 47d",0.5138498342898565,0.5,0.6570325146865632,2000000.0,1999843.0,0.9999215,1999843.0,76,47.0,2024-09-19,2024-12-04,2025-01-20,0.5005135697084044,2.0,2.0,0.516024507923872,False,True,False,1.0,0.5,0.516024507923872,6.666666666666667,0.20614035087719298
WS/MP370/2024-2025/145375,Odisha,SUNDARGARH (ST),Shri Jual Oram,Normal/Others,Completion of CC building at Balijori,Work Completed,Completed,0.5548678274911562,True,medium,vendor,R06,"97% of all payments (5.0 transactions) were directed to a single vendor, suggesting vendor monopolization (HHI=0.94).","Sanction: ₹350,000; Disbursed: ₹349,724; Cost ratio: 1.00; Sanction delay: 95d; Duration: 476d",0.24468010553003722,0.75,0.5534222888818481,350000.0,349724.0,0.9992114285714285,349724.0,95,476.0,2024-10-04,2025-01-07,2026-04-28,0.9368564093903704,5.0,5.0,0.9676116022920932,False,False,False,0.0,0.0,0.0002859397696469216,1.1666666666666667,2.087719298245614
WS/MP351/2025-2026/141857,Kerala,KANNUR,Shri Kumbakudi Sudhakaran,Normal/Others,Vattipram Vayal Minnur Kshethra Road Tarring,Work partially Completed,Ongoing,0.554203612884906,True,medium,financial,"R03,R07","Sanction was delayed by 518 days after recommendation, far exceeding the typical processing time. 1 out of 1.0 payments (100%) fall just below statutory thresholds, suggesting potential contract splitting.","Sanction: ₹1,000,000; Disbursed: ₹980,140; Cost ratio: 0.98; Sanction delay: 518d; Vendor HHI: 1.00",0.6494289282624165,0.6875,0.3338468023408624,1000000.0,980140.0,0.98014,,518,,2024-09-19,2026-02-19,,1.0,1.0,1.0,1.0,True,False,False,1.0,1.0,1.0,3.3333333333333335,
WS/MP384/2024-2025/145491,Rajasthan,BIKANER(SC),Shri Arjun Ram Meghwal,Normal/Others,"Construction of Public Community Building, near Bannaram Ji Suthar Ki Kotadi, Hadan  working agency : Shri Tanot Rai Public Academy Sanstha, Hadan",Work partially Completed,Ongoing,0.5523466227408701,True,medium,financial,R07,"1 out of 1.0 payments (100%) fall just below statutory thresholds, suggesting potential contract splitting.","Sanction: ₹1,000,000; Disbursed: ₹493,519; Cost ratio: 0.49; Sanction delay: 96d; Vendor HHI: 1.00",0.49488280201740814,0.75,0.36750263496148017,1000000.0,493519.0,0.493519,,96,,2024-10-04,2025-01-08,,1.0,1.0,1.0,1.0,True,False,False,1.0,1.0,1.0,3.3333333333333335,
WS/MP18249/2025-2026/144807,West Bengal,BARRACKPUR,PARTHA BHOWMICK,Normal/Others,"Construction of Tin shade for Auditorium of ""Unity Malancha"" (IA- E.O Barrackpore -I Panchyat Samity)",Work Completed,Completed,0.5523121129589197,True,medium,temporal,"R03,R04","Sanction was delayed by 512 days after recommendation, far exceeding the typical processing time. This ₹700,000 work was completed in only 2 days, which is suspiciously fast for a project of this budget.","Sanction: ₹700,000; Disbursed: ₹699,023; Cost ratio: 1.00; Sanction delay: 512d; Duration: 2d",0.6289823835753522,0.6875,0.343047191614519,700000.0,699023.0,0.9986042857142857,699023.0,512,2.0,2024-09-30,2026-02-24,2026-02-26,1.0,1.0,1.0,1.0,True,False,False,0.0,0.0,1.0,2.3333333333333335,0.008771929824561403
WS/MP18209/2025-2026/144762,Uttar Pradesh,BIJNOR,CHANDAN CHAUHAN,Normal/Others,"Drain construction work from Ravinder’s house to Sinny/Aditya's farm in Village Karhera, Block Jansath.",Work Completed,Completed,0.5522287456905428,True,medium,compliance,R05,"Completed work worth ₹1,412,124 has no verification photograph attached, which is a compliance gap.","Sanction: ₹1,414,000; Disbursed: ₹1,412,124; Cost ratio: 1.00; Sanction delay: 228d; Duration: 94d",0.5393248890534044,0.5,0.6211357812205478,1414000.0,1412124.0,0.9986732673267327,1412124.0,228,94.0,2024-12-17,2025-08-02,2025-11-04,0.7893383178153037,2.0,4.0,0.8803539915758106,False,True,False,0.0,0.0,0.03889247686463795,4.713333333333333,0.41228070175438597
WS/MP18109/2024-2025/146906,Madhya Pradesh,SIDHI,DR. RAJESH MISHRA,Normal/Others,BAKBA ME HARIJAN BASTI ME PULL NIRMAN,Vendor Identification,Ongoing,0.5518712125981898,True,medium,vendor,R06,"100% of all payments (6.0 transactions) were directed to a single vendor, suggesting vendor monopolization (HHI=1.00).","Sanction: ₹500,000; Disbursed: ₹499,910; Cost ratio: 1.00; Sanction delay: 109d; Vendor HHI: 1.00",0.18539384806481804,0.75,0.5872078588056722,500000.0,499910.0,0.99982,,109,,2024-10-11,2025-01-28,,1.0,1.0,6.0,1.0,True,False,False,0.0,0.0,0.1995359164649637,1.6666666666666667,
WS/MP18313/2024-2025/147431,Rajasthan,BANSWARA(ST),RAJ KUMAR ROAT,Normal/Others,Motilal Mavji se Rahul Roat ke Ghar ke pass tak CC Road with puliya nirman kary,Work partially Completed,Ongoing,0.5514305922685523,True,medium,financial,R07,"1 out of 1.0 payments (100%) fall just below statutory thresholds, suggesting potential contract splitting.","Sanction: ₹1,000,000; Disbursed: ₹499,800; Cost ratio: 0.50; Sanction delay: 60d; Vendor HHI: 1.00",0.49488280201740814,0.75,0.364885405040572,1000000.0,499800.0,0.4998,,60,,2024-10-15,2024-12-14,,1.0,1.0,1.0,1.0,True,False,False,1.0,1.0,1.0,3.3333333333333335,
WS/MP313/2024-2025/140892,Arunachal Pradesh,ARUNACHAL EAST,Shri Tapir Gao,Normal/Others,C/o MIC at Ledum Sika Nallah in East Siang District,Work Completed,Completed,0.5508590981823853,True,medium,temporal,R04,"This ₹500,000 work was completed in only 2 days, which is suspiciously fast for a project of this budget.","Sanction: ₹500,000; Disbursed: ₹500,000; Cost ratio: 1.00; Sanction delay: 178d; Duration: 2d",0.19019236554862023,0.75,0.5808885908435149,500000.0,500000.0,1.0,500000.0,178,2.0,2024-09-15,2025-03-12,2025-03-14,0.7449999999999999,2.0,3.0,0.85,False,False,False,0.0,0.0,0.6,1.6666666666666667,0.008771929824561403
WS/MP370/2024-2025/145535,Odisha,SUNDARGARH (ST),Shri Jual Oram,Normal/Others,Const. of Bathing ghat at Bilaigad Bhangapulia,Work Completed,Completed,0.5494492929689836,True,medium,vendor,R06,"94% of all payments (4.0 transactions) were directed to a single vendor, suggesting vendor monopolization (HHI=0.88).","Sanction: ₹400,000; Disbursed: ₹400,000; Cost ratio: 1.00; Sanction delay: 55d; Duration: 77d",0.25068676076579754,0.75,0.5336502936500978,400000.0,400000.0,1.0,400000.0,55,77.0,2024-10-04,2024-11-28,2025-02-13,0.8841483376125,4.0,4.0,0.9395375,False,False,False,0.0,0.0,0.02052,1.3333333333333333,0.33771929824561403
WS/MP394/2025-2026/136043,Tamil Nadu,KANNIYAKUMARI,Shri vijayakumar Vasanth,Normal/Others,kottaram peruratchi vilagathil samudhaya nala koodam,Physical Inspection,Completed,0.5488829915121924,True,medium,temporal,"R03,R04,R09","Sanction was delayed by 514 days after recommendation, far exceeding the typical processing time. This ₹2,000,000 work was completed in only 0 days, which is suspiciously fast for a project of this budget. All ₹2,000,000 of expenditure was directed to a single vendor for this large project, raising concentration risk.","Sanction: ₹2,000,000; Disbursed: ₹2,000,000; Cost ratio: 1.00; Sanction delay: 514d; Vendor HHI: 1.00",0.5143229500119707,0.7000000000000001,0.40086358288342794,2000000.0,2000000.0,1.0,2000000.0,514,0.0,2024-08-17,2026-01-13,2026-01-13,1.0,1.0,1.0,1.0,True,False,False,0.0,0.0,1.0,6.666666666666667,0.0
WS/MP384/2024-2025/145488,Rajasthan,BIKANER(SC),Shri Arjun Ram Meghwal,Normal/Others,"Shrii Chainayati Brahaman Mahasangh Ki Gaurav Path Bikaner par sthit Bhumi ki Chaardiwari may Gate Nirman Kaary, Jaipur Road, Bikaner  working agency : Shri Chainayati Mahasangh Bikaner  Contact Person : Shri Parasar Naryan Sharma, President Shri Chainayati Mahasangh Bikaner   Shri Sampat Pareek, BJP leader, Bikaner",Work partially Completed,Ongoing,0.5480177824883206,True,medium,vendor,R09,"All ₹1,496,135 of expenditure was directed to a single vendor for this large project, raising concentration risk.","Sanction: ₹2,500,000; Disbursed: ₹1,496,135; Cost ratio: 0.60; Sanction delay: 96d; Vendor HHI: 1.00",0.7007440570581049,0.5,0.493805052067984,2500000.0,1496135.0,0.598454,,96,,2024-10-04,2025-01-08,,1.0,1.0,2.0,1.0,True,False,False,0.0,0.0,0.31484525126409046,8.333333333333334,
WS/MP370/2024-2025/145449,Odisha,SUNDARGARH (ST),Shri Jual Oram,Normal/Others,Completion of CC building at Gultha,Work Completed,Completed,0.5479205208445788,True,medium,vendor,R06,"93% of all payments (4.0 transactions) were directed to a single vendor, suggesting vendor monopolization (HHI=0.88).","Sanction: ₹700,000; Disbursed: ₹700,000; Cost ratio: 1.00; Sanction delay: 62d; Duration: 152d",0.2565831685642708,0.75,0.5250706534386032,700000.0,700000.0,1.0,700000.0,62,152.0,2024-10-04,2024-12-05,2025-05-06,0.8753458448448979,4.0,4.0,0.9341528571428571,False,False,False,0.0,0.0,0.05078,2.3333333333333335,0.6666666666666666
WS/MP18024/2025-2026/148305,Assam,JORHAT,GAURAV GOGOI,Normal/Others,"Construction of Banhbari Namghar, Dhuniapather, 1 no Hawfaw, Longpatia GP",Physical Inspection,Completed,0.547127794627208,True,medium,vendor,R06,"100% of all payments (5.0 transactions) were directed to a single vendor, suggesting vendor monopolization (HHI=1.00).","Sanction: ₹200,000; Disbursed: ₹199,879; Cost ratio: 1.00; Sanction delay: 210d; Duration: 250d",0.20710786880599558,0.75,0.5581452212163116,200000.0,199879.0,0.999395,199879.0,210,250.0,2024-10-18,2025-05-16,2026-01-21,1.0,1.0,5.0,1.0,True,False,False,0.0,0.0,0.4199090449722082,0.6666666666666666,1.0964912280701755
WS/MP18180/2025-2026/143525,Tamil Nadu,PERAMBALUR,ARUN NEHRU,Normal/Others,Construction of Two Addnl Classrooms for PUPS venkatesapuram in venkatesapuram pt in Thuraiyur Panchayat Union,Work partially Completed,Ongoing,0.5465043442978764,True,medium,vendor,R09,"All ₹2,211,213 of expenditure was directed to a single vendor for this large project, raising concentration risk.","Sanction: ₹3,460,000; Disbursed: ₹2,211,213; Cost ratio: 0.64; Sanction delay: 274d; Vendor HHI: 1.00",0.7396274174545706,0.5,0.46170711409781073,3460000.0,2211213.0,0.6390789017341041,,274,,2024-09-25,2025-06-26,,1.0,1.0,1.0,1.0,True,False,False,0.0,0.0,1.0,11.533333333333333,
WS/MP826/2025-2026/135701,West Bengal,DARJEELING,Raju Bista,Normal/Others,"Construction of additional rooms at community halls at Rockwood Ranikothi  Ref: Pemila Dorjee Bhutia (9800898774), Councillor, Darjeeling Municipality, Ward No 16",Physical Inspection,Completed,0.5465039839237991,True,medium,financial,R07,"1 out of 1.0 payments (100%) fall just below statutory thresholds, suggesting potential contract splitting.","Sanction: ₹1,000,000; Disbursed: ₹957,317; Cost ratio: 0.96; Sanction delay: 235d; Duration: 509d",0.4949379574036416,0.75,0.35076998449396735,1000000.0,957317.0,0.957317,957317.0,235,509.0,2024-08-16,2025-04-08,2026-08-30,1.0,1.0,1.0,1.0,True,False,False,1.0,1.0,1.0,3.3333333333333335,2.232456140350877
WS/MP571/2025-2026/143825,Goa,NORTH GOA,Shripad Yesso Naik,Normal/Others,Purchase of 1 Ambulances to Institue of Psychiatry and Human Behavior Bambolim Goa.,Work partially Completed,Ongoing,0.5462290965662444,True,medium,vendor,"R03,R09","Sanction was delayed by 468 days after recommendation, far exceeding the typical processing time. All ₹2,119,665 of expenditure was directed to a single vendor for this large project, raising concentration risk.","Sanction: ₹2,500,000; Disbursed: ₹2,119,665; Cost ratio: 0.85; Sanction delay: 468d; Vendor HHI: 1.00",0.701185045117262,0.55,0.43123667224836837,2500000.0,2119665.0,0.847866,,468,,2024-09-26,2026-01-07,,1.0,1.0,1.0,1.0,True,False,False,0.0,0.0,1.0,8.333333333333334,
WS/MP18019/2024-2025/137520,Assam,Diphu (ST),AMARSING TISSO,Normal/Others,"Construction of Auditorium Hall cum Guest House at Phonglangso Lumding Road, near Arboretum (total @ Rs. 1.26 cr) 1st Installment Rs. 30.00 L",Physical Inspection,Completed,0.5456005317898376,True,medium,vendor,"R04,R05,R09","This ₹3,000,000 work was completed in only 2 days, which is suspiciously fast for a project of this budget. Completed work worth ₹3,000,000 has no verification photograph attached, which is a compliance gap. All ₹3,000,000 of expenditure was directed to a single vendor for this large project, raising concentration risk.","Sanction: ₹3,000,000; Disbursed: ₹3,000,000; Cost ratio: 1.00; Sanction delay: 114d; Duration: 2d",0.7086811502853663,0.7000000000000001,0.2526578406242741,3000000.0,3000000.0,1.0,3000000.0,114,2.0,2024-08-29,2024-12-21,2024-12-23,1.0,1.0,1.0,1.0,True,True,False,0.0,0.0,1.0,10.0,0.008771929824561403
WS/MP743/2025-2026/142092,Tamil Nadu,KANCHEEPURAM(SC),Ganesan Selvam,Normal/Others,"Construction of Community Hall at Naickenkuppam Panchayat, Walajabad Panchayat Union.",Physical Inspection,Completed,0.5455064079570621,True,medium,vendor,R09,"All ₹3,993,140 of expenditure was directed to a single vendor for this large project, raising concentration risk.","Sanction: ₹4,000,000; Disbursed: ₹3,993,140; Cost ratio: 1.00; Sanction delay: 204d; Duration: 493d",0.7438727720980212,0.5,0.4558234712358764,4000000.0,3993140.0,0.998285,3993140.0,204,493.0,2024-09-20,2025-04-12,2026-08-18,1.0,1.0,2.0,1.0,True,False,False,0.0,0.0,0.6248613872791838,13.333333333333334,2.162280701754386
WS/MP18161/2024-2025/138060,Rajasthan,BHARATPUR(SC),SANJNA JATAV,Normal/Others,CC sadak Nirman karya AmarSingh ke Makan se tikri road ki or gram Katehada; work agency GP Kheda Kalyanpur,Physical Inspection,Completed,0.5440160640152372,True,medium,compliance,R05,"Completed work worth ₹785,757 has no verification photograph attached, which is a compliance gap.","Sanction: ₹785,757; Disbursed: ₹785,757; Cost ratio: 1.00; Sanction delay: 93d; Duration: 60d",0.19422534524342577,0.5,0.8441706505839448,785757.0,785757.0,1.0,785757.0,93,60.0,2024-08-31,2024-12-02,2025-01-31,0.7330771492535297,16.0,28.0,0.855298775575655,False,True,False,1.0,0.03571428571428571,0.6232066656739934,2.61919,0.2631578947368421
WS/MP370/2024-2025/145450,Odisha,SUNDARGARH (ST),Shri Jual Oram,Normal/Others,Completion of opan pendal at bandhapali in frount of Jagannath temple,Work Completed,Completed,0.543717690504279,True,medium,vendor,R06,"92% of all payments (4.0 transactions) were directed to a single vendor, suggesting vendor monopolization (HHI=0.85).","Sanction: ₹500,000; Disbursed: ₹500,000; Cost ratio: 1.00; Sanction delay: 68d; Duration: 315d",0.24301806025463635,0.75,0.5227519298303425,500000.0,500000.0,1.0,500000.0,68,315.0,2024-10-04,2024-12-11,2025-10-22,0.852919911384,4.0,4.0,0.921098,False,False,False,0.0,0.0,0.066268,1.6666666666666667,1.381578947368421
WS/MP672/2024-2025/136731,Maharashtra,NAGPUR,Nitin Jairam Gadkari,Normal/Others,"Installation of Highmast light and electric poles with light at Gosavi Ghat, Binaki, Nagpur",Work Completed,Completed,0.5434493828413807,True,medium,financial,"R04,R07","This ₹999,600 work was completed in only 0 days, which is suspiciously fast for a project of this budget. 1 out of 1.0 payments (100%) fall just below statutory thresholds, suggesting potential contract splitting.","Sanction: ₹999,600; Disbursed: ₹963,514; Cost ratio: 0.96; Sanction delay: 1d; Vendor HHI: 1.00",0.49487562881061026,0.8250000000000001,0.2563727875392229,999600.0,963514.0,0.9638995598239296,963514.0,1,0.0,2024-08-22,2024-08-23,2024-08-23,1.0,1.0,1.0,1.0,True,False,False,1.0,1.0,1.0,3.332,0.0
WS/MP352/2025-2026/143151,Kerala,ERNAKULAM,Shri Hibi Eden,Normal/Others,"Purchase of School bus For St.Marys UP School, West Cheranalloor",Physical Inspection,Completed,0.5427782138756525,True,medium,temporal,R03,"Sanction was delayed by 366 days after recommendation, far exceeding the typical processing time.","Sanction: ₹2,196,400; Disbursed: ₹2,196,400; Cost ratio: 1.00; Sanction delay: 366d; Duration: 18d",0.5743674035363047,0.5,0.5691038942616466,2196400.0,2196400.0,1.0,2196400.0,366,18.0,2024-09-24,2025-09-25,2025-10-13,0.9547481026783087,2.0,2.0,0.9768375523584046,False,False,False,0.0,0.0,0.02316244764159534,7.3213333333333335,0.07894736842105263
WS/MP577/2025-2026/133591,Gujarat,DAHOD(ST),Jaswantsinh Sumanbhai Bhabhor,Normal/Others,abhlod game umriya umariya faliya thi pranmji mandir par c.c.road nu kam,Physical Inspection,Completed,0.5423629298111634,True,medium,financial,"R03,R07","Sanction was delayed by 544 days after recommendation, far exceeding the typical processing time. 1 out of 1.0 payments (100%) fall just below statutory thresholds, suggesting potential contract splitting.","Sanction: ₹250,000; Disbursed: ₹248,443; Cost ratio: 0.99; Sanction delay: 544d; Duration: 221d",0.6619687066244412,0.6875,0.2910592947287234,250000.0,248443.0,0.993772,248443.0,544,221.0,2024-07-17,2026-01-12,2026-08-21,1.0,1.0,1.0,1.0,True,False,False,1.0,1.0,1.0,0.8333333333333334,0.9692982456140351
WS/MP386/2024-2025/142507,Rajasthan,NAGAUR,Shri Hanuman Beniwal,Normal/Others,"Construction of Digital Library in Govt S.S.School,Kantiya",Physical Inspection,Completed,0.5415566497682873,True,medium,compliance,R05,"Completed work worth ₹1,499,850 has no verification photograph attached, which is a compliance gap.","Sanction: ₹1,499,850; Disbursed: ₹1,499,850; Cost ratio: 1.00; Sanction delay: 75d; Duration: 521d",0.33644361913290144,0.5,0.7355592713858914,1499850.0,1499850.0,1.0,1499850.0,75,521.0,2024-09-22,2024-12-06,2026-05-11,0.7182398257827582,2.0,5.0,0.8303330333033303,False,True,False,0.0,0.0,0.3541107444077741,4.9995,2.2850877192982457
WS/MP18272/2024-2025/136068,West Bengal,JHARGRAM(ST),KALIPADA SAREN,Normal/Others,Construction of 45 Beded New Hostel Building of Belpahari S.C. High School (H.S.).,Physical Inspection,Completed,0.5408818934886636,True,medium,vendor,R09,"All ₹4,947,386 of expenditure was directed to a single vendor for this large project, raising concentration risk.","Sanction: ₹4,947,386; Disbursed: ₹4,947,386; Cost ratio: 1.00; Sanction delay: 120d; Duration: 575d",0.7491906325388428,0.5,0.43881210101129375,4947386.0,4947386.0,1.0,4947386.0,120,575.0,2024-09-02,2024-12-31,2026-07-29,1.0,1.0,2.0,1.0,True,False,False,0.0,0.0,0.6347125532553959,16.491286666666667,2.5219298245614037
WS/MP18048/2024-2025/145555,Chhattisgarh,BASTAR(ST),MAHESH KASHYAP,Normal/Others,gram orchha me samudayik bhavan nirman karya,Vendor Identification,Ongoing,0.5408117263664755,True,medium,financial,R07,"1 out of 1.0 payments (100%) fall just below statutory thresholds, suggesting potential contract splitting.","Sanction: ₹500,000; Disbursed: ₹243,500; Cost ratio: 0.49; Sanction delay: 171d; Vendor HHI: 1.00",0.4424804025510709,0.75,0.37197607351059336,500000.0,243500.0,0.487,,171,,2024-10-04,2025-03-24,,1.0,1.0,1.0,1.0,True,False,False,1.0,1.0,1.0,1.6666666666666667,
WS/MP352/2025-2026/140055,Kerala,ERNAKULAM,Shri Hibi Eden,Normal/Others,"Purchase of a school bus for St.Marys CGHS, Ernakulam",Physical Inspection,Completed,0.5403709560593121,True,medium,temporal,R03,"Sanction was delayed by 379 days after recommendation, far exceeding the typical processing time.","Sanction: ₹2,257,000; Disbursed: ₹2,257,000; Cost ratio: 1.00; Sanction delay: 379d; Duration: 36d",0.5907304015239511,0.5,0.5505381590809266,2257000.0,2257000.0,1.0,2257000.0,379,36.0,2024-09-09,2025-09-23,2025-10-29,0.9720458126727873,2.0,2.0,0.9858218874612317,False,False,False,0.0,0.0,0.014178112538768276,7.523333333333333,0.15789473684210525
WS/MP18328/2025-2026/148181,Himachal Pradesh,MANDI,Kangana Ranaut,Normal/Others,"Construction of Proposed 2nd floor cum examination hall Saraswati Vidya Mandir School Village Bhalyani, Tehsil & District Kullu H.P. Work Executed By- BDO Kullu,     (SMC Saraswati Vidya Mandir Bhalyani)",Vendor Identification,Ongoing,0.5391774162468487,True,medium,temporal,R03,"Sanction was delayed by 427 days after recommendation, far exceeding the typical processing time.","Sanction: ₹1,230,000; Disbursed: ₹615,000; Cost ratio: 0.50; Sanction delay: 427d; Vendor HHI: 1.00",0.5975813159771034,0.5,0.542234535007351,1230000.0,615000.0,0.5,,427,,2024-10-18,2025-12-19,,1.0,1.0,1.0,1.0,True,False,False,0.0,0.0,1.0,4.1,
WS/MP18308/2025-2026/145431,Maharashtra,MUMBAI NORTH WEST,RAVINDRA DATTARAM WAIKAR,Normal/Others,"Consturction of Ladikaran at Mrunaltai Gore, Near Nagari Niwara Parisad, Dindoshi, Goregaon (E)",Vendor Identification,Ongoing,0.5389751955570715,True,medium,vendor,"R03,R09","Sanction was delayed by 469 days after recommendation, far exceeding the typical processing time. All ₹3,993,959 of expenditure was directed to a single vendor for this large project, raising concentration risk.","Sanction: ₹4,000,000; Disbursed: ₹3,993,959; Cost ratio: 1.00; Sanction delay: 469d; Vendor HHI: 1.00",0.7438761815748479,0.55,0.3800175718953128,4000000.0,3993959.0,0.99848975,,469,,2024-10-08,2026-01-20,,1.0,1.0,1.0,1.0,True,False,False,0.0,0.0,1.0,13.333333333333334,
WS/MP18391/2024-2025/140309,Nagaland,NAGALAND,S SUPONGMEREN JAMIR,Normal/Others,soiling metalling of approach road,Physical Inspection,Completed,0.5389435611313766,True,medium,vendor,"R05,R09","Completed work worth ₹4,500,000 has no verification photograph attached, which is a compliance gap. All ₹4,500,000 of expenditure was directed to a single vendor for this large project, raising concentration risk.","Sanction: ₹4,500,000; Disbursed: ₹4,500,000; Cost ratio: 1.00; Sanction delay: 58d; Duration: 36d",0.7478498126949856,0.55,0.37708887987894346,4500000.0,4500000.0,1.0,4500000.0,58,36.0,2024-09-11,2024-11-08,2024-12-14,1.0,1.0,2.0,1.0,True,True,False,0.0,0.0,0.5555555555555556,15.0,0.15789473684210525
WS/MP18390/2026-2027/148735,Uttar Pradesh,GHAZIPUR,AFZAL ANSARI,Normal/Others,Construction of CC Road: Kshetr Panchayat - Saidpur Gram Panchayat - Fardiha From Ram Saran's residence to Ramjeet's Residence 100 Mtr x 2.40 Mtr x 10 cm Development Agency - Kshetr Panchayat,Work partially Completed,Ongoing,0.5378910504298718,True,medium,temporal,R03,"Sanction was delayed by 670 days after recommendation, far exceeding the typical processing time.","Sanction: ₹400,000; Disbursed: ₹299,486; Cost ratio: 0.75; Sanction delay: 670d; Vendor HHI: 1.00",0.706490454276326,0.5,0.46076696245940096,400000.0,299486.0,0.748715,,670,,2024-10-21,2026-08-22,,1.0,1.0,1.0,1.0,True,False,False,0.0,0.0,1.0,1.3333333333333333,
WS/MP410/2025-2026/148377,Assam,LAKHIMPUR,Pradan Baruah,Repair and Renovation,"Rennovation of Ramdhan PHC, Jonai LAC under MPLAD, FY 2024-25",Vendor Identification,Ongoing,0.5378136786804316,True,medium,vendor,R06,"100% of all payments (4.0 transactions) were directed to a single vendor, suggesting vendor monopolization (HHI=1.00).","Sanction: ₹1,000,000; Disbursed: ₹999,847; Cost ratio: 1.00; Sanction delay: 227d; Vendor HHI: 1.00",0.20878689073586637,0.75,0.5303341599899001,1000000.0,999847.0,0.999847,,227,,2024-10-19,2025-06-03,,1.0,1.0,4.0,1.0,True,False,False,2.0,0.5,0.4998814818667256,2.0067225204434855,
WS/MP664/2026-2027/146583,Maharashtra,MUMBAI SOUTH,Arvind Ganpat Sawant,Normal/Others,near to aashray dharmaday trust khetwadi 5th lane malbarhill,Vendor Identification,Ongoing,0.5377728957713521,True,medium,vendor,"R03,R09","Sanction was delayed by 586 days after recommendation, far exceeding the typical processing time. All ₹2,495,616 of expenditure was directed to a single vendor for this large project, raising concentration risk.","Sanction: ₹2,500,000; Disbursed: ₹2,495,616; Cost ratio: 1.00; Sanction delay: 586d; Vendor HHI: 1.00",0.6981971048693497,0.55,0.40921034158289893,2500000.0,2495616.0,0.9982464,,586,,2024-10-09,2026-05-18,,1.0,1.0,1.0,1.0,True,False,False,0.0,0.0,1.0,8.333333333333334,
WS/MP18250/2025-2026/142039,West Bengal,BASIRHAT,SK NURUL ISLAM,Normal/Others,Installation of 3nos. Eletric based water tank and street solar light under Srinagar Matia G.P & Basirhat II Panchayat Samity. (Sl No.-5 to 7),Vendor Identification,Ongoing,0.5376159905247229,True,medium,vendor,"R03,R09","Sanction was delayed by 525 days after recommendation, far exceeding the typical processing time. All ₹2,637,123 of expenditure was directed to a single vendor for this large project, raising concentration risk.","Sanction: ₹2,660,000; Disbursed: ₹2,637,123; Cost ratio: 0.99; Sanction delay: 525d; Vendor HHI: 1.00",0.7117128750901877,0.55,0.39910791929193146,2660000.0,2637123.0,0.9913996240601504,,525,,2024-09-20,2026-02-27,,1.0,1.0,1.0,1.0,True,False,False,0.0,0.0,1.0,8.866666666666667,
WS/MP243/2025-2026/141108,West Bengal,BARASAT,Kakoli Ghosh Dastidar,Normal/Others,High must park light,Work Completed,Completed,0.5369663451550272,True,medium,temporal,R04,"This ₹480,000 work was completed in only 1 days, which is suspiciously fast for a project of this budget.","Sanction: ₹480,000; Disbursed: ₹408,472; Cost ratio: 0.85; Sanction delay: 276d; Duration: 1d",0.5000143732520255,0.75,0.319893576691488,480000.0,408472.0,0.8509833333333333,408472.0,276,1.0,2024-09-15,2025-06-18,2025-06-19,1.0,1.0,1.0,1.0,True,False,False,0.0,0.0,1.0,1.6,0.0043859649122807015
WS/MP18390/2026-2027/148734,Uttar Pradesh,GHAZIPUR,AFZAL ANSARI,Normal/Others,"Construction of CC Road: Kshetr Panchayat - Saidpur, Gram Panchayat - Ishopur From Highway to Dih Baba Mandir 100 Mtr x 2.40 Mtr x 10 cm Development Agency - Kshetr Panchayat Saidpur",Work partially Completed,Ongoing,0.536081061151331,True,medium,temporal,R03,"Sanction was delayed by 670 days after recommendation, far exceeding the typical processing time.","Sanction: ₹400,000; Disbursed: ₹299,793; Cost ratio: 0.75; Sanction delay: 670d; Vendor HHI: 1.00",0.706490454276326,0.5,0.45559556452071304,400000.0,299793.0,0.7494825,,670,,2024-10-21,2026-08-22,,1.0,1.0,1.0,1.0,True,False,False,0.0,0.0,1.0,1.3333333333333333,
WS/MP18019/2024-2025/137607,Assam,Diphu (ST),AMARSING TISSO,Normal/Others,"Construction of ringwell near West Tarabasa English LP School, Phuloni",Physical Inspection,Completed,0.535982735992055,True,medium,compliance,R08,"This work is marked as completed but still has 1 payment(s) in-progress, indicating a financial inconsistency.","Sanction: ₹300,000; Disbursed: ₹299,583; Cost ratio: 1.00; Sanction delay: 57d; Duration: 373d",0.525669261274318,0.5,0.5844726304956445,300000.0,299583.0,0.99861,299583.0,57,373.0,2024-08-29,2024-10-25,2025-11-02,0.5620763550014006,2.0,4.0,0.6761765520740496,False,False,True,0.0,0.0,0.5199226925426342,1.0,1.6359649122807018
WS/MP347/2024-2025/138962,Kerala,MAVELIKKARA(SC),Shri Suresh Kodikunnil,Normal/Others,Class room at Govt.LPS Elikattoor including electrification in Piravanthoore Grama Panchayath (SCP),Work partially Completed,Ongoing,0.5355510454259155,True,medium,vendor,R09,"All ₹1,336,681 of expenditure was directed to a single vendor for this large project, raising concentration risk.","Sanction: ₹1,550,000; Disbursed: ₹1,336,681; Cost ratio: 0.86; Sanction delay: 48d; Vendor HHI: 1.00",0.5855846343901414,0.5,0.5404425337953719,1550000.0,1336681.0,0.8623748387096775,,48,,2024-09-11,2024-10-29,,1.0,1.0,3.0,1.0,True,False,False,0.0,0.0,0.23719870335555004,5.166666666666667,
WS/MP18019/2024-2025/137606,Assam,Diphu (ST),AMARSING TISSO,Normal/Others,"Construction of ringwell near the house of Smt Klarie Phangchopi, Rongnagar",Physical Inspection,Completed,0.5355231644277134,True,medium,vendor,"R06,R08","97% of all payments (4.0 transactions) were directed to a single vendor, suggesting vendor monopolization (HHI=0.93). This work is marked as completed but still has 1 payment(s) in-progress, indicating a financial inconsistency.","Sanction: ₹300,000; Disbursed: ₹299,583; Cost ratio: 1.00; Sanction delay: 57d; Duration: 362d",0.4059684653777269,0.6875,0.45437442309509046,300000.0,299583.0,0.99861,299583.0,57,362.0,2024-08-29,2024-10-25,2025-10-22,0.934149136229171,2.0,4.0,0.9659126185397703,False,False,True,0.0,0.0,0.5199226925426342,1.0,1.587719298245614
WS/MP18209/2025-2026/144763,Uttar Pradesh,BIJNOR,CHANDAN CHAUHAN,Normal/Others,"CC road and drain construction work of the road from Harender’s house to Punit’s house in Village  Ghatayan Uttri, block- Jansath",Work Completed,Completed,0.5354655629570466,True,medium,compliance,R05,"Completed work worth ₹930,844 has no verification photograph attached, which is a compliance gap.","Sanction: ₹932,500; Disbursed: ₹930,844; Cost ratio: 1.00; Sanction delay: 169d; Duration: 97d",0.4819174307449201,0.5,0.6142463007737615,932500.0,930844.0,0.998224128686327,930844.0,169,97.0,2024-12-17,2025-06-04,2025-09-09,0.7705530111323324,2.0,4.0,0.8677995453588356,False,True,False,0.0,0.0,0.4589286711844305,3.1083333333333334,0.42543859649122806
WS/MP18019/2024-2025/137729,Assam,Diphu (ST),AMARSING TISSO,Normal/Others,Construction of boundary wall with fencing at Langbungdingpi Graveyard,Physical Inspection,Completed,0.5349373632884622,True,medium,compliance,"R05,R06,R08","Completed work worth ₹999,347 has no verification photograph attached, which is a compliance gap. 100% of all payments (5.0 transactions) were directed to a single vendor, suggesting vendor monopolization (HHI=1.00). This work is marked as completed but still has 1 payment(s) in-progress, indicating a financial inconsistency.","Sanction: ₹1,000,000; Disbursed: ₹999,347; Cost ratio: 1.00; Sanction delay: 57d; Duration: 362d",0.25799517969493496,0.7000000000000001,0.5441101953277955,1000000.0,999347.0,0.999347,999347.0,57,362.0,2024-08-29,2024-10-25,2025-10-22,1.0,1.0,5.0,1.0,True,True,True,2.0,0.4,0.49819832350524895,3.3333333333333335,1.587719298245614
WS/MP18095/2025-2026/147281,Kerala,ALAPPUZHA,K. C VENUGOPAL,Normal/Others,Construction of Valiyaveettil Chooravila Road in the 11th ward of Chingoli GP (SCP),Physical Inspection,Completed,0.5343977403581384,True,medium,vendor,"R03,R09","Sanction was delayed by 477 days after recommendation, far exceeding the typical processing time. All ₹2,884,733 of expenditure was directed to a single vendor for this large project, raising concentration risk.","Sanction: ₹2,884,733; Disbursed: ₹2,884,733; Cost ratio: 1.00; Sanction delay: 477d; Duration: 23d",0.698932288955357,0.55,0.3990419089122832,2884733.0,2884733.0,1.0,2884733.0,477,23.0,2024-10-22,2026-02-11,2026-03-06,1.0,1.0,1.0,1.0,True,False,False,0.0,0.0,1.0,9.615776666666667,0.10087719298245613
WS/MP013/2024-2025/141729,Sikkim,SIKKIM,Indra Hang Subba,Normal/Others,Boundary and protection railing at Sichey near SBS traffic point,Work Completed,Completed,0.5340864337596597,True,medium,compliance,R05,"Completed work worth ₹999,391 has no verification photograph attached, which is a compliance gap.","Sanction: ₹1,000,000; Disbursed: ₹999,391; Cost ratio: 1.00; Sanction delay: 14d; Duration: 113d",0.3865642286619495,0.5,0.6784153616976353,1000000.0,999391.0,0.999391,999391.0,14,113.0,2024-09-19,2024-10-03,2025-01-24,0.4852594492166361,3.0,3.0,0.5515859158227361,False,True,False,0.0,0.0,0.023614381158125298,3.3333333333333335,0.4956140350877193
WS/MP18019/2024-2025/146093,Assam,Diphu (ST),AMARSING TISSO,Normal/Others,"Construction of RCC Ringwell at Sainilangso, Disobai",Physical Inspection,Completed,0.5338381524345117,True,medium,compliance,R08,"This work is marked as completed but still has 1 payment(s) in-progress, indicating a financial inconsistency.","Sanction: ₹300,000; Disbursed: ₹299,583; Cost ratio: 1.00; Sanction delay: 77d; Duration: 293d",0.525669261274318,0.5,0.5783452489026633,300000.0,299583.0,0.99861,299583.0,77,293.0,2024-10-28,2025-01-13,2025-11-02,0.5620763550014006,2.0,4.0,0.6761765520740496,False,False,True,0.0,0.0,0.5199226925426342,1.0,1.2850877192982457
WS/MP313/2024-2025/140903,Arunachal Pradesh,ARUNACHAL EAST,Shri Tapir Gao,Normal/Others,Protection Wall at LP School Ruksin Village in East Siang District,Work Completed,Completed,0.533765697156432,True,medium,temporal,R04,"This ₹1,000,000 work was completed in only 6 days, which is suspiciously fast for a project of this budget.","Sanction: ₹1,000,000; Disbursed: ₹1,000,000; Cost ratio: 1.00; Sanction delay: 143d; Duration: 6d",0.244640124663789,0.75,0.4931590456870989,1000000.0,1000000.0,1.0,1000000.0,143,6.0,2024-09-15,2025-02-05,2025-02-11,1.0,1.0,3.0,1.0,True,False,False,0.0,0.0,0.223,3.3333333333333335,0.02631578947368421
WS/MP18109/2024-2025/146895,Madhya Pradesh,SIDHI,DR. RAJESH MISHRA,Normal/Others,GRAM PANCHAYAT HADBADO ME SWARAJ BHAWAN SE HARIJAN BASTI SURGA SAJA ME NAVEEN ROAD,Vendor Identification,Ongoing,0.5324233817116769,True,medium,vendor,R06,"100% of all payments (5.0 transactions) were directed to a single vendor, suggesting vendor monopolization (HHI=1.00).","Sanction: ₹300,000; Disbursed: ₹300,000; Cost ratio: 1.00; Sanction delay: 109d; Vendor HHI: 1.00",0.15874459818442743,0.75,0.550677806187343,300000.0,300000.0,1.0,,109,,2024-10-11,2025-01-28,,1.0,1.0,5.0,1.0,True,False,False,0.0,0.0,0.25,1.0,
WS/MP18390/2024-2025/146108,Uttar Pradesh,GHAZIPUR,AFZAL ANSARI,Normal/Others,Installation of High Mask Light at: 1)	Village Tetarpur 2)	Village Chappra Kodiya 3)	Village Khanpur 4)	Village Fareedaha 5)	Village Ameda 6)	Village Sarvarpur,Physical Inspection,Completed,0.5323705914288364,True,medium,vendor,R09,"All ₹1,548,508 of expenditure was directed to a single vendor for this large project, raising concentration risk.","Sanction: ₹1,602,000; Disbursed: ₹1,548,508; Cost ratio: 0.97; Sanction delay: 161d; Duration: 286d",0.5940118491492324,0.5,0.5253360832615093,1602000.0,1548508.0,0.966609238451935,1602000.0,161,286.0,2024-10-08,2025-03-18,2025-12-29,1.0,1.0,3.0,1.0,True,False,False,0.0,0.0,0.5201484267436784,5.34,1.2543859649122806
WS/MP18109/2024-2025/146896,Madhya Pradesh,SIDHI,DR. RAJESH MISHRA,Normal/Others,BARHAI ME MOTILAL PANIKA KE GHAR SE AMBIKA PANIKA KE GHAR TAK NAVEEN SADAK NIRMAN,Vendor Identification,Ongoing,0.532087244397843,True,medium,vendor,R06,"100% of all payments (5.0 transactions) were directed to a single vendor, suggesting vendor monopolization (HHI=1.00).","Sanction: ₹300,000; Disbursed: ₹300,000; Cost ratio: 1.00; Sanction delay: 109d; Vendor HHI: 1.00",0.1574000489290917,0.75,0.550677806187343,300000.0,300000.0,1.0,,109,,2024-10-11,2025-01-28,,1.0,1.0,5.0,1.0,True,False,False,1.0,0.2,0.255,1.0,
WS/MP18391/2024-2025/140274,Nagaland,NAGALAND,S SUPONGMEREN JAMIR,Normal/Others,Construction of river embankment & water conservation plant at Kikha Kohima,Physical Inspection,Completed,0.5296188279480463,True,medium,vendor,"R05,R09","Completed work worth ₹11,000,000 has no verification photograph attached, which is a compliance gap. All ₹11,000,000 of expenditure was directed to a single vendor for this large project, raising concentration risk.","Sanction: ₹11,000,000; Disbursed: ₹11,000,000; Cost ratio: 1.00; Sanction delay: 79d; Duration: 409d",0.7499999668852244,0.55,0.3489109606478289,11000000.0,11000000.0,1.0,11000000.0,79,409.0,2024-09-11,2024-11-29,2026-01-12,1.0,1.0,2.0,1.0,True,True,False,0.0,0.0,0.6363636363636364,36.666666666666664,1.793859649122807
WS/MP18272/2024-2025/138305,West Bengal,JHARGRAM(ST),KALIPADA SAREN,Normal/Others,Construction of New Hostel Building and infrastructure development of Morchi Golapnath S.C. High School (H.S.).,Physical Inspection,Completed,0.5287082343848806,True,medium,vendor,R09,"All ₹2,911,701 of expenditure was directed to a single vendor for this large project, raising concentration risk.","Sanction: ₹2,911,701; Disbursed: ₹2,911,701; Cost ratio: 1.00; Sanction delay: 120d; Duration: 576d",0.7015141398527516,0.5,0.43808485549055065,2911701.0,2911701.0,1.0,2911701.0,120,576.0,2024-09-02,2024-12-31,2026-07-30,1.0,1.0,2.0,1.0,True,False,False,0.0,0.0,0.449985420893148,9.70567,2.526315789473684
WS/MP18019/2024-2025/137599,Assam,Diphu (ST),AMARSING TISSO,Normal/Others,"Construction of ringwell near the house of Sri Dosarath Tisso, Rongnihang",Physical Inspection,Completed,0.5278366919467872,True,medium,vendor,R06,"100% of all payments (4.0 transactions) were directed to a single vendor, suggesting vendor monopolization (HHI=1.00).","Sanction: ₹400,000; Disbursed: ₹399,862; Cost ratio: 1.00; Sanction delay: 57d; Duration: 412d",0.14612951686338044,0.75,0.5465837506598344,400000.0,399862.0,0.999655,399862.0,57,412.0,2024-08-29,2024-10-25,2025-12-11,1.0,1.0,4.0,1.0,True,False,False,0.0,0.0,0.3177471227573513,1.3333333333333333,1.8070175438596492
WS/MP18019/2024-2025/137600,Assam,Diphu (ST),AMARSING TISSO,Normal/Others,"Construction of ringwell near the house of Sri Rajen Kro, PWD Colony, Diphu",Physical Inspection,Completed,0.5278366919467872,True,medium,vendor,R06,"100% of all payments (4.0 transactions) were directed to a single vendor, suggesting vendor monopolization (HHI=1.00).","Sanction: ₹400,000; Disbursed: ₹399,862; Cost ratio: 1.00; Sanction delay: 57d; Duration: 412d",0.14612951686338044,0.75,0.5465837506598344,400000.0,399862.0,0.999655,399862.0,57,412.0,2024-08-29,2024-10-25,2025-12-11,1.0,1.0,4.0,1.0,True,False,False,0.0,0.0,0.3177471227573513,1.3333333333333333,1.8070175438596492
WS/MP18019/2024-2025/137598,Assam,Diphu (ST),AMARSING TISSO,Normal/Others,"Construction of ringwell near the house of Lt. Thangsing Tisso, Mohendijua",Physical Inspection,Completed,0.5278366919467872,True,medium,vendor,R06,"100% of all payments (4.0 transactions) were directed to a single vendor, suggesting vendor monopolization (HHI=1.00).","Sanction: ₹400,000; Disbursed: ₹399,862; Cost ratio: 1.00; Sanction delay: 57d; Duration: 412d",0.14612951686338044,0.75,0.5465837506598344,400000.0,399862.0,0.999655,399862.0,57,412.0,2024-08-29,2024-10-25,2025-12-11,1.0,1.0,4.0,1.0,True,False,False,0.0,0.0,0.3177471227573513,1.3333333333333333,1.8070175438596492
WS/MP18323/2025-2026/146708,Maharashtra,LATUR(SC),DR KALGE SHIVAJI BANDAPPA,Normal/Others,"Construction of  cement concrete internal road at Balantwadi, Tq.Kandahar, District Nanded",Physical Inspection,Completed,0.5276104516244569,True,medium,financial,"R04,R07","This ₹500,000 work was completed in only 2 days, which is suspiciously fast for a project of this budget. 1 out of 1.0 payments (100%) fall just below statutory thresholds, suggesting potential contract splitting.","Sanction: ₹500,000; Disbursed: ₹494,297; Cost ratio: 0.99; Sanction delay: 285d; Duration: 2d",0.5056305813097278,0.8250000000000001,0.2034365894200708,500000.0,494297.0,0.988594,494297.0,285,2.0,2024-10-10,2025-07-22,2025-07-24,1.0,1.0,1.0,1.0,True,False,False,1.0,1.0,1.0,1.6666666666666667,0.008771929824561403
WS/MP18076/2025-2026/145734,Karnataka,BANGALORE RURAL,DR C N MANJUNATH,Normal/Others,"Fitting of Sitting RCC Benches in Public Places At Aralikatte of Lakshmi Narasimhaswamy Temple, Norajanakuppe, Taredakuppe Grama Panchayath , Kunigal Taluk, Tumkur District, Karnataka.",Work Completed,Completed,0.5272784021735778,True,medium,temporal,R04,"This ₹300,000 work was completed in only 5 days, which is suspiciously fast for a project of this budget.","Sanction: ₹300,000; Disbursed: ₹286,240; Cost ratio: 0.95; Sanction delay: 329d; Duration: 5d",0.5341828254554696,0.75,0.2678077023134581,300000.0,286240.0,0.9541333333333334,286240.0,329,5.0,2024-10-05,2025-08-30,2025-09-04,1.0,1.0,1.0,1.0,True,False,False,0.0,0.0,1.0,1.0,0.021929824561403508
WS/MP18108/2024-2025/143816,Madhya Pradesh,SAGAR,DR. LATA WANKHEDE,Normal/Others,Pre fabricated  bus shelter  model number 4 with two LED solar light 1. Gram Panchayat bagrod Mein mukhya Marg bagroda 2. Gram Panchayat batoli mein 3. Gram Panchayat Devpur Mein  4. Gram Panchayat deepnakheda 5. Gram Panchayat baretha mein  6. Gram Panchayat Barwal 7. Gram Panchayat baatami 8. Gram Panchayat Udaipur  9. Gram Panchayat Rampura 10. Gram Panchayat  pipaldhar,Physical Inspection,Completed,0.5269995337657462,True,medium,vendor,"R04,R05,R09","This ₹2,698,500 work was completed in only 5 days, which is suspiciously fast for a project of this budget. Completed work worth ₹2,698,500 has no verification photograph attached, which is a compliance gap. All ₹2,698,500 of expenditure was directed to a single vendor for this large project, raising concentration risk.","Sanction: ₹2,698,500; Disbursed: ₹2,698,500; Cost ratio: 1.00; Sanction delay: 48d; Duration: 5d",0.6772461303662733,0.7000000000000001,0.2219657176405081,2698500.0,2698500.0,1.0,2698500.0,48,5.0,2024-09-26,2024-11-13,2024-11-18,1.0,1.0,1.0,1.0,True,True,False,0.0,0.0,1.0,8.995,0.021929824561403508
WS/MP18308/2025-2026/145427,Maharashtra,MUMBAI NORTH WEST,RAVINDRA DATTARAM WAIKAR,Normal/Others,"Construction of Poch Rasta and Shed at Nagsen Chawl, Kranti Nagar, Ward No.39, Malad (E)",Vendor Identification,Ongoing,0.5266181694718176,True,medium,vendor,"R03,R09","Sanction was delayed by 469 days after recommendation, far exceeding the typical processing time. All ₹2,995,469 of expenditure was directed to a single vendor for this large project, raising concentration risk.","Sanction: ₹3,000,000; Disbursed: ₹2,995,469; Cost ratio: 1.00; Sanction delay: 469d; Vendor HHI: 1.00",0.7177942328392432,0.55,0.36334174646287654,3000000.0,2995469.0,0.9984896666666667,,469,,2024-10-08,2026-01-20,,1.0,1.0,1.0,1.0,True,False,False,0.0,0.0,1.0,10.0,
WS/MP664/2026-2027/146582,Maharashtra,MUMBAI SOUTH,Arvind Ganpat Sawant,Normal/Others,manav seva samiti cuff parade colaba providing drinking water pipeline,Vendor Identification,Ongoing,0.526604156637978,True,medium,vendor,"R03,R09","Sanction was delayed by 586 days after recommendation, far exceeding the typical processing time. All ₹1,996,493 of expenditure was directed to a single vendor for this large project, raising concentration risk.","Sanction: ₹2,000,000; Disbursed: ₹1,996,493; Cost ratio: 1.00; Sanction delay: 586d; Vendor HHI: 1.00",0.6761947210129331,0.55,0.3930156468135564,2000000.0,1996493.0,0.9982465,,586,,2024-10-09,2026-05-18,,1.0,1.0,1.0,1.0,True,False,False,0.0,0.0,1.0,6.666666666666667,
WS/MP443/2024-2025/138725,Madhya Pradesh,RAJGARH,Rodmal Nagar,Normal/Others,General workshed with toilets full brick work (40×30feet),Work Completed,Completed,0.5259845084778325,True,medium,vendor,R09,"All ₹2,258,637 of expenditure was directed to a single vendor for this large project, raising concentration risk.","Sanction: ₹2,353,000; Disbursed: ₹2,258,637; Cost ratio: 0.96; Sanction delay: 67d; Duration: 471d",0.6894307929588817,0.5,0.4389337435374632,2353000.0,2258637.0,0.9598967275818104,2258637.0,67,471.0,2024-09-03,2024-11-09,2026-02-23,1.0,1.0,2.0,1.0,True,False,False,0.0,0.0,0.5312938732518772,7.843333333333334,2.0657894736842106
WS/MP443/2024-2025/138723,Madhya Pradesh,RAJGARH,Rodmal Nagar,Normal/Others,General workshed with toilets full brick work (40×30feet),Work Completed,Completed,0.5259845084778325,True,medium,vendor,R09,"All ₹2,258,932 of expenditure was directed to a single vendor for this large project, raising concentration risk.","Sanction: ₹2,353,000; Disbursed: ₹2,258,932; Cost ratio: 0.96; Sanction delay: 67d; Duration: 471d",0.6894307929588817,0.5,0.4389337435374632,2353000.0,2258932.0,0.9600220994475138,2258932.0,67,471.0,2024-09-03,2024-11-09,2026-02-23,1.0,1.0,2.0,1.0,True,False,False,0.0,0.0,0.5312244901572956,7.843333333333334,2.0657894736842106
WS/MP18021/2025-2026/145958,Assam,DHUBRI,RAKIBUL HUSSAIN,Normal/Others,Construction of raised Platform Middle Barghol Char near Taijuddin Supa at Barghol,Vendor Identification,Ongoing,0.5252491025252307,True,medium,temporal,R03,"Sanction was delayed by 492 days after recommendation, far exceeding the typical processing time.","Sanction: ₹500,000; Disbursed: ₹300,000; Cost ratio: 0.60; Sanction delay: 492d; Vendor HHI: 1.00",0.6356036856824351,0.5,0.475280517441777,500000.0,300000.0,0.6,,492,,2024-10-07,2026-02-11,,1.0,1.0,1.0,1.0,True,False,False,0.0,0.0,1.0,1.6666666666666667,
WS/MP664/2026-2027/146584,Maharashtra,MUMBAI SOUTH,Arvind Ganpat Sawant,Normal/Others,shivner mitra mandal lokhand bazar community hall mumbadevi,Vendor Identification,Ongoing,0.5248597473251688,True,medium,vendor,"R03,R09","Sanction was delayed by 586 days after recommendation, far exceeding the typical processing time. All ₹1,996,890 of expenditure was directed to a single vendor for this large project, raising concentration risk.","Sanction: ₹2,000,000; Disbursed: ₹1,996,890; Cost ratio: 1.00; Sanction delay: 586d; Vendor HHI: 1.00",0.6712456933365862,0.55,0.39156663997434915,2000000.0,1996890.0,0.998445,,586,,2024-10-09,2026-05-18,,1.0,1.0,1.0,1.0,True,False,False,0.0,0.0,1.0,6.666666666666667,
WS/MP351/2025-2026/141871,Kerala,KANNUR,Shri Kumbakudi Sudhakaran,Normal/Others,MP-LADS-Construction Of Bridge Accross Poothara Road in Thillenkeri Grama Panchayath.,Physical Inspection,Completed,0.5242577569341831,True,medium,vendor,"R04,R09","This ₹1,600,000 work was completed in only 1 days, which is suspiciously fast for a project of this budget. All ₹1,591,546 of expenditure was directed to a single vendor for this large project, raising concentration risk.","Sanction: ₹1,600,000; Disbursed: ₹1,591,546; Cost ratio: 0.99; Sanction delay: 348d; Duration: 1d",0.5936905282801803,0.6875,0.2881003567546798,1600000.0,1591546.0,0.99471625,1591546.0,348,1.0,2024-09-19,2025-09-02,2025-09-03,1.0,1.0,1.0,1.0,True,False,False,0.0,0.0,1.0,5.333333333333333,0.0043859649122807015
WS/MP18209/2025-2026/144766,Uttar Pradesh,BIJNOR,CHANDAN CHAUHAN,Normal/Others,"CC road and drain construction work of the road from Ranjeet’s house to Chandarpal’s house in Village Lalbhag, Purkaji",Work Completed,Completed,0.5240726021616134,True,medium,compliance,R05,"Completed work worth ₹518,742 has no verification photograph attached, which is a compliance gap.","Sanction: ₹519,500; Disbursed: ₹518,742; Cost ratio: 1.00; Sanction delay: 228d; Duration: 94d",0.45875026843738276,0.5,0.5982429572921937,519500.0,518742.0,0.9985409047160732,518742.0,228,94.0,2024-12-17,2025-08-02,2025-11-04,0.7717736994273741,2.0,4.0,0.8686283354731253,False,True,False,0.0,0.0,0.06605788619390757,1.7316666666666667,0.41228070175438597
WS/MP541/2026-2027/141495,Assam,NOWGONG,Pradyut Bordoloi,Normal/Others,"Construction of community hall at 5 No. Bogamukh near Abdul Hekim house, Bhurbandha GP",Vendor Identification,Ongoing,0.5238791984675003,True,medium,temporal,R03,"Sanction was delayed by 592 days after recommendation, far exceeding the typical processing time.","Sanction: ₹200,000; Disbursed: ₹150,000; Cost ratio: 0.75; Sanction delay: 592d; Vendor HHI: 1.00",0.681466881206752,0.5,0.4386070804737494,200000.0,150000.0,0.75,,592,,2024-12-02,2026-07-17,,1.0,1.0,1.0,1.0,True,False,False,0.0,0.0,1.0,0.6666666666666666,
WS/MP541/2026-2027/141492,Assam,NOWGONG,Pradyut Bordoloi,Normal/Others,"Construction of community hall at Uttar Potakalang Bashah Bazar near Ramjan Ali house, Ambagan GP",Vendor Identification,Ongoing,0.5237851079686273,True,medium,temporal,R03,"Sanction was delayed by 591 days after recommendation, far exceeding the typical processing time.","Sanction: ₹200,000; Disbursed: ₹150,000; Cost ratio: 0.75; Sanction delay: 591d; Vendor HHI: 1.00",0.6810905192112601,0.5,0.4386070804737494,200000.0,150000.0,0.75,,591,,2024-12-02,2026-07-16,,1.0,1.0,1.0,1.0,True,False,False,0.0,0.0,1.0,0.6666666666666666,
WS/MP18161/2024-2025/138087,Rajasthan,BHARATPUR(SC),SANJNA JATAV,Normal/Others,Interlocking sadak Nirman karya bharosi ke Makan se bhuteshwar Mandir ki taraf samOOchi work agency GP samOOchi,Physical Inspection,Completed,0.5237332976070974,True,medium,vendor,R06,"100% of all payments (4.0 transactions) were directed to a single vendor, suggesting vendor monopolization (HHI=1.00).","Sanction: ₹551,993; Disbursed: ₹551,993; Cost ratio: 1.00; Sanction delay: 102d; Duration: 32d",0.25567357535844754,0.75,0.45661401076424424,551993.0,551993.0,1.0,551993.0,102,32.0,2024-09-01,2024-12-12,2025-01-13,0.9963833295609774,2.0,4.0,0.9981883828236953,False,False,False,0.0,0.0,0.001811617176304772,1.8399766666666666,0.14035087719298245
WS/MP18313/2024-2025/141606,Rajasthan,BANSWARA(ST),RAJ KUMAR ROAT,Normal/Others,goan bokhla paal mein varhaat khel maidaan mein stadium nirman kary,Work partially Completed,Ongoing,0.5229836984227865,True,medium,vendor,R09,"All ₹1,028,911 of expenditure was directed to a single vendor for this large project, raising concentration risk.","Sanction: ₹1,200,000; Disbursed: ₹1,028,911; Cost ratio: 0.86; Sanction delay: 86d; Vendor HHI: 1.00",0.5269987690907028,0.5,0.5463828747146022,1200000.0,1028911.0,0.8574258333333333,,86,,2024-09-18,2024-12-13,,1.0,1.0,3.0,1.0,True,False,False,0.0,0.0,0.2462720293591963,4.0,
WS/MP18209/2025-2026/144761,Uttar Pradesh,BIJNOR,CHANDAN CHAUHAN,Normal/Others,Construction work of drain and CC road in Branch Street from the house of Village Sikri Appi Pardhan to the house of Khalil Ahmed.,Work Completed,Completed,0.5228727079988426,True,medium,compliance,R05,"Completed work worth ₹1,094,566 has no verification photograph attached, which is a compliance gap.","Sanction: ₹1,095,800; Disbursed: ₹1,094,566; Cost ratio: 1.00; Sanction delay: 169d; Duration: 97d",0.4521420034577044,0.5,0.5995348775269043,1095800.0,1094566.0,0.9988738820952728,1094566.0,169,97.0,2024-12-17,2025-06-04,2025-09-09,0.7684644701531729,2.0,4.0,0.8663771759765971,False,True,False,0.0,0.0,0.5334890723811995,3.6526666666666667,0.42543859649122806
WS/MP18247/2024-2025/145108,West Bengal,BANKURA,ARUP CHAKRABORTY,Normal/Others,"Installation of 14 nos. of solar high mast lights at different places of Khalagram, Harmasra, Taldangra and Panchmura Gram Panchayat area under Taldangra Block, District - Bankura",Physical Inspection,Completed,0.5220509757587299,True,medium,vendor,R09,"All ₹4,020,731 of expenditure was directed to a single vendor for this large project, raising concentration risk.","Sanction: ₹4,020,731; Disbursed: ₹4,020,731; Cost ratio: 1.00; Sanction delay: 69d; Duration: 617d",0.7443914776802077,0.5,0.388437446681937,4020731.0,4020731.0,1.0,4020731.0,69,617.0,2024-10-02,2024-12-10,2026-08-19,1.0,1.0,1.0,1.0,True,False,False,0.0,0.0,1.0,13.402436666666667,2.706140350877193
WS/MP18323/2025-2026/144116,Maharashtra,LATUR(SC),DR KALGE SHIVAJI BANDAPPA,Normal/Others,"Construction of Public  Gutter /Drainage at Karimnagar,Maharanapratap Nagar,Taluka Latur",Physical Inspection,Completed,0.5218107959771958,True,medium,temporal,"R03,R04,R07","Sanction was delayed by 494 days after recommendation, far exceeding the typical processing time. This ₹995,696 work was completed in only 1 days, which is suspiciously fast for a project of this budget. 1 out of 1.0 payments (100%) fall just below statutory thresholds, suggesting potential contract splitting.","Sanction: ₹995,696; Disbursed: ₹995,696; Cost ratio: 1.00; Sanction delay: 494d; Duration: 1d",0.3508421729118678,0.7999999999999999,0.326000722140654,995696.0,995696.0,1.0,995696.0,494,1.0,2024-09-27,2026-02-03,2026-02-04,1.0,1.0,1.0,1.0,True,False,False,1.0,1.0,1.0,3.3189866666666665,0.0043859649122807015
WS/MP716/2024-2025/142655,Punjab,BHATINDA,Smt Harsimrat Kaur Badal,Normal/Others,Enclosure Volleyball Net,Physical Inspection,Completed,0.5210072312458018,True,medium,vendor,R06,"100% of all payments (4.0 transactions) were directed to a single vendor, suggesting vendor monopolization (HHI=1.00).","Sanction: ₹200,000; Disbursed: ₹200,000; Cost ratio: 1.00; Sanction delay: 60d; Duration: 284d",0.14638858478495936,0.75,0.5268859572844626,200000.0,200000.0,1.0,200000.0,60,284.0,2024-09-23,2024-11-22,2025-09-02,1.0,1.0,4.0,1.0,True,False,False,1.0,0.25,0.313655,0.6666666666666666,1.2456140350877194
WS/MP18272/2025-2026/143426,West Bengal,JHARGRAM(ST),KALIPADA SAREN,Normal/Others,Construction of boundary wall of Murar Ashutosh High School (H.S.),Physical Inspection,Completed,0.5208322946670536,True,medium,vendor,R09,"All ₹2,942,147 of expenditure was directed to a single vendor for this large project, raising concentration risk.","Sanction: ₹2,942,147; Disbursed: ₹2,942,147; Cost ratio: 1.00; Sanction delay: 238d; Duration: 429d",0.7042792376864113,0.5,0.4136071007012878,2942147.0,2942147.0,1.0,2942147.0,238,429.0,2024-09-25,2025-05-21,2026-07-24,1.0,1.0,2.0,1.0,True,False,False,0.0,0.0,0.5470657992275709,9.807156666666666,1.881578947368421
WS/MP858/2024-2025/142023,West Bengal,BOLPUR(SC),Asit Kumar Mal,Normal/Others,Installation of LED street light (60watt)from labpur Sastinagar Bus Stop to Laghata Rail Sub-Way via Labpur New Bus Stand (Lenth 2.75km) Executing Agency will be EO LABPUR PANCHAYAT SAMITY.,Physical Inspection,Completed,0.5205628369786828,True,medium,vendor,R09,"All ₹5,215,848 of expenditure was directed to a single vendor for this large project, raising concentration risk.","Sanction: ₹5,215,848; Disbursed: ₹5,215,848; Cost ratio: 1.00; Sanction delay: 73d; Duration: 597d",0.7493410281358273,0.5,0.3806502284135028,5215848.0,5215848.0,1.0,5215848.0,73,597.0,2024-09-20,2024-12-02,2026-07-22,1.0,1.0,1.0,1.0,True,False,False,0.0,0.0,1.0,17.38616,2.6184210526315788
WS/MP823/2024-2025/139964,West Bengal,KRISHNANAGAR,Ms Mahua Moitra,Normal/Others,"Construction of Shed and Beautification with colour paver block at Karimpur Anandapally Crematorium under Karimpur -I Block, Nadia.",Physical Inspection,Completed,0.5199181253504981,True,medium,vendor,R09,"All ₹2,933,290 of expenditure was directed to a single vendor for this large project, raising concentration risk.","Sanction: ₹2,933,290; Disbursed: ₹2,933,290; Cost ratio: 1.00; Sanction delay: 109d; Duration: 582d",0.7034908053183461,0.5,0.4115583543454616,2933290.0,2933290.0,1.0,2933290.0,109,582.0,2024-09-08,2024-12-26,2026-07-31,1.0,1.0,2.0,1.0,True,False,False,0.0,0.0,0.6319174033252764,9.777633333333334,2.5526315789473686
WS/MP18108/2024-2025/143811,Madhya Pradesh,SAGAR,DR. LATA WANKHEDE,Normal/Others,Pre fabricated  bus shelter  model number 3 with two LED solar light 1.Gram Panchayat sarkhedi Mein barghat ticketda per 2. Gram Panchayat barcha mein tigada per 3. Gram Panchayat chamari Mein school ke pass 4. Gram biram Khedi  Gram Panchayat GirHani  5. Gram Panchayat mudiya Dehra gram Mirzapur 6. Gram Panchayat Sila Pari men Road per 7. Gram Panchayat dikua 8. Gram Panchayat dhanagar 9. Gram Panchayat  bagthari 10. Gram Panchayat bhilon,Physical Inspection,Completed,0.5198654447804374,True,medium,vendor,"R04,R09","This ₹2,599,420 work was completed in only 3 days, which is suspiciously fast for a project of this budget. All ₹2,599,420 of expenditure was directed to a single vendor for this large project, raising concentration risk.","Sanction: ₹2,599,420; Disbursed: ₹2,599,420; Cost ratio: 1.00; Sanction delay: 46d; Duration: 3d",0.6625354679196195,0.6875,0.22637593657295008,2599420.0,2599420.0,1.0,2599420.0,46,3.0,2024-09-26,2024-11-11,2024-11-14,1.0,1.0,1.0,1.0,True,False,False,0.0,0.0,1.0,8.664733333333333,0.013157894736842105
WS/MP313/2024-2025/140904,Arunachal Pradesh,ARUNACHAL EAST,Shri Tapir Gao,Normal/Others,"Protection work to protect cultivation field at Kumdum, Rayang Village in East Siang District",Work Completed,Completed,0.5193694066858567,True,medium,temporal,"R04,R05","This ₹1,000,000 work was completed in only 6 days, which is suspiciously fast for a project of this budget. Completed work worth ₹1,000,000 has no verification photograph attached, which is a compliance gap.","Sanction: ₹1,000,000; Disbursed: ₹1,000,000; Cost ratio: 1.00; Sanction delay: 143d; Duration: 6d",0.2248618191529089,0.6875,0.537582719707513,1000000.0,1000000.0,1.0,1000000.0,143,6.0,2024-09-15,2025-02-05,2025-02-11,1.0,1.0,3.0,1.0,True,True,False,0.0,0.0,0.2977,3.3333333333333335,0.02631578947368421
WS/MP18209/2025-2026/144767,Uttar Pradesh,BIJNOR,CHANDAN CHAUHAN,Normal/Others,"CC road and drain construction work of the road from Main Road  to Kabristaan in Village Sherpur, block- Purkaji.",Work Completed,Completed,0.5184959398454103,True,medium,compliance,R05,"Completed work worth ₹602,049 has no verification photograph attached, which is a compliance gap.","Sanction: ₹603,000; Disbursed: ₹602,049; Cost ratio: 1.00; Sanction delay: 169d; Duration: 97d",0.4624599459864006,0.5,0.5796598667108864,603000.0,602049.0,0.9984228855721393,602049.0,169,97.0,2024-12-17,2025-06-04,2025-09-09,0.7657123618393438,2.0,4.0,0.8644944182284167,False,True,False,0.0,0.0,0.532313814988481,2.01,0.42543859649122806
WS/MP18024/2025-2026/148257,Assam,JORHAT,GAURAV GOGOI,Normal/Others,"Construction of Duffalating Bagisa Sachan Griha, 4 no Potia Gaon P.O. Melamati, Melamati GP",Vendor Identification,Ongoing,0.5177539360250134,True,medium,vendor,R06,"100% of all payments (4.0 transactions) were directed to a single vendor, suggesting vendor monopolization (HHI=1.00).","Sanction: ₹200,000; Disbursed: ₹200,000; Cost ratio: 1.00; Sanction delay: 166d; Vendor HHI: 1.00",0.15828170551696708,0.75,0.5090957418450616,200000.0,200000.0,1.0,,166,,2024-10-18,2025-04-02,,1.0,1.0,4.0,1.0,True,False,False,0.0,0.0,0.35,0.6666666666666666,
WS/MP485/2024-2025/137228,West Bengal,JOYNAGAR(SC),Pratima Mondal,Normal/Others,Construction of Concrete drain with Guard wall of Parbatipur Junior School  Under Jharkhali GP,Work Completed,Completed,0.5169641933815878,True,medium,financial,"R09,R10","All ₹1,089,241 of expenditure was directed to a single vendor for this large project, raising concentration risk. 92% of total funds were disbursed in the first payment, despite having 2.0 total payments, indicating excessive upfront payment.","Sanction: ₹1,100,000; Disbursed: ₹1,089,241; Cost ratio: 0.99; Sanction delay: 206d; Duration: 115d",0.5105433445082681,0.6875,0.3266524492986308,1100000.0,1089241.0,0.9902190909090909,1089241.0,206,115.0,2024-08-27,2025-03-21,2025-07-14,1.0,1.0,2.0,1.0,True,False,False,1.0,0.5,0.917857480575924,3.6666666666666665,0.5043859649122807
WS/MP243/2025-2026/147541,West Bengal,BARASAT,Kakoli Ghosh Dastidar,Normal/Others,1 High must light,Work Completed,Completed,0.5164773754325346,True,medium,temporal,R04,"This ₹440,000 work was completed in only 4 days, which is suspiciously fast for a project of this budget.","Sanction: ₹440,000; Disbursed: ₹396,224; Cost ratio: 0.90; Sanction delay: 241d; Duration: 4d",0.47877668472347107,0.75,0.276523440719048,440000.0,396224.0,0.9005090909090909,396224.0,241,4.0,2024-10-15,2025-06-13,2025-06-17,1.0,1.0,1.0,1.0,True,False,False,0.0,0.0,1.0,1.4666666666666666,0.017543859649122806
WS/MP641/2024-2025/143280,Madhya Pradesh,KHARGONE(ST),Gajendra Singh Patel,Normal/Others,Setting up of farmers’ training and assistance center in village Jalud at near Madhwashram Gaushala,Work Completed,Completed,0.5162504235462316,True,medium,vendor,"R05,R09","Completed work worth ₹2,000,000 has no verification photograph attached, which is a compliance gap. All ₹2,000,000 of expenditure was directed to a single vendor for this large project, raising concentration risk.","Sanction: ₹2,000,000; Disbursed: ₹2,000,000; Cost ratio: 1.00; Sanction delay: 3d; Duration: 146d",0.5143229500119707,0.55,0.4790562458378257,2000000.0,2000000.0,1.0,2000000.0,3,146.0,2024-09-24,2024-09-27,2025-02-20,1.0,1.0,3.0,1.0,True,True,False,0.0,0.0,0.5,6.666666666666667,0.6403508771929824
WS/MP18067/2025-2026/134321,Haryana,SONEPAT,SATPAL BRAHAMCHARI,Normal/Others,one Tractor ambulance purchase in Gaushala Panchyati Land village kheri gujjar,Work partially Completed,Ongoing,0.516214983791992,True,medium,financial,R07,"1 out of 1.0 payments (100%) fall just below statutory thresholds, suggesting potential contract splitting.","Sanction: ₹545,000; Disbursed: ₹475,750; Cost ratio: 0.87; Sanction delay: 339d; Vendor HHI: 1.00",0.5405833869857879,0.75,0.23162610584441445,545000.0,475750.0,0.8729357798165137,,339,,2025-03-15,2026-02-17,,1.0,1.0,1.0,1.0,True,False,False,1.0,1.0,1.0,1.8166666666666667,
WS/MP823/2024-2025/139548,West Bengal,KRISHNANAGAR,Ms Mahua Moitra,Normal/Others,"Construction of Culvert at Nichupara Canel Under Matiari Village near the land of Sushanta Das & Jagannath Das under Matiyari Gram Panchayat, Block Kaliganj, Nadia.",Vendor Identification,Ongoing,0.516111951042411,True,medium,vendor,R09,"All ₹6,415,716 of expenditure was directed to a single vendor for this large project, raising concentration risk.","Sanction: ₹6,433,401; Disbursed: ₹6,415,716; Cost ratio: 1.00; Sanction delay: 95d; Vendor HHI: 1.00",0.7499219481768258,0.5,0.36751846856629866,6433401.0,6415716.0,0.9972510651830968,,95,,2024-09-07,2024-12-11,,1.0,1.0,2.0,1.0,True,False,False,0.0,0.0,0.5290708005154842,21.44467,
WS/MP643/2024-2025/146592,Madhya Pradesh,KHANDWA,Gyaneshwar Patil,Normal/Others,near kunbhi samaj go shala singot bhavan nirman,Vendor Identification,Ongoing,0.515574190216167,True,medium,statistical,,This work shows unusual patterns across multiple financial and operational metrics compared to similar works.,"Sanction: ₹1,500,000; Disbursed: ₹903,480; Cost ratio: 0.60; Sanction delay: 84d; Vendor HHI: 0.21",0.6622967608646679,0.0,1.0,1500000.0,903480.0,0.60232,,84,,2024-10-10,2025-01-02,,0.2130657851970869,7.0,25.0,0.35250365254349847,False,False,False,1.0,0.04,0.033204940895205204,5.0,
WS/MP740/2025-2026/140338,Tamil Nadu,NILGIRIS(SC),Andimuthu Raja,Normal/Others,Construction of Passenger Shelter at Alapalayam Village H/O Kanuvakarai Panchayat,Physical Inspection,Completed,0.5149411260166115,True,medium,temporal,"R03,R04,R07","Sanction was delayed by 503 days after recommendation, far exceeding the typical processing time. This ₹499,977 work was completed in only 2 days, which is suspiciously fast for a project of this budget. 1 out of 1.0 payments (100%) fall just below statutory thresholds, suggesting potential contract splitting.","Sanction: ₹499,977; Disbursed: ₹499,977; Cost ratio: 1.00; Sanction delay: 503d; Duration: 2d",0.35555763310041066,0.7999999999999999,0.30300490783288225,499977.0,499977.0,1.0,499977.0,503,2.0,2024-09-11,2026-01-27,2026-01-29,1.0,1.0,1.0,1.0,True,False,False,1.0,1.0,1.0,1.66659,0.008771929824561403
WS/MP435/2024-2025/146460,Jharkhand,RANCHI,Sanjay Seth,Normal/Others,"Construction of Culvert at Patra Gonda, Kanke Dam Side under ward-01, Ranchi.",Vendor Identification,Ongoing,0.5147905514541211,True,medium,financial,R07,"1 out of 1.0 payments (100%) fall just below statutory thresholds, suggesting potential contract splitting.","Sanction: ₹1,298,900; Disbursed: ₹974,175; Cost ratio: 0.75; Sanction delay: 83d; Vendor HHI: 1.00",0.5439028474353782,0.75,0.2251852559865043,1298900.0,974175.0,0.75,,83,,2024-10-09,2024-12-31,,1.0,1.0,1.0,1.0,True,False,False,1.0,1.0,1.0,4.329666666666666,
WS/MP664/2026-2027/146585,Maharashtra,MUMBAI SOUTH,Arvind Ganpat Sawant,Normal/Others,dadarkar compound tulsiwadi tardeo malbarhill development of playground,Vendor Identification,Ongoing,0.5146353667243149,True,medium,vendor,"R03,R09","Sanction was delayed by 586 days after recommendation, far exceeding the typical processing time. All ₹1,497,667 of expenditure was directed to a single vendor for this large project, raising concentration risk.","Sanction: ₹1,500,000; Disbursed: ₹1,497,667; Cost ratio: 1.00; Sanction delay: 586d; Vendor HHI: 1.00",0.6712585942380043,0.55,0.36234490904232497,1500000.0,1497667.0,0.9984446666666666,,586,,2024-10-09,2026-05-18,,1.0,1.0,1.0,1.0,True,False,False,0.0,0.0,1.0,5.0,
WS/MP18007/2024-2025/140066,Andhra Pradesh,ELURU,Putta Mahesh Kumar,Normal/Others,"Construction of Veterinary Hospital at A.V. Nagaram village of Thondangi mandal, Kakinada district.",Work partially Completed,Ongoing,0.5141693972575748,True,medium,vendor,R09,"All ₹2,267,093 of expenditure was directed to a single vendor for this large project, raising concentration risk.","Sanction: ₹2,500,000; Disbursed: ₹2,267,093; Cost ratio: 0.91; Sanction delay: 30d; Vendor HHI: 1.00",0.701185045117262,0.5,0.3967803885093124,2500000.0,2267093.0,0.9068372,,30,,2024-09-09,2024-10-09,,1.0,1.0,2.0,1.0,True,False,False,0.0,0.0,0.516044114643731,8.333333333333334,
WS/MP394/2025-2026/136041,Tamil Nadu,KANNIYAKUMARI,Shri vijayakumar Vasanth,Normal/Others,chenavilai arasu aramba palliyil 2 vagupparai,Work partially Completed,Ongoing,0.5139637841137761,True,medium,vendor,"R03,R09","Sanction was delayed by 385 days after recommendation, far exceeding the typical processing time. All ₹2,500,000 of expenditure was directed to a single vendor for this large project, raising concentration risk.","Sanction: ₹2,500,000; Disbursed: ₹2,500,000; Cost ratio: 1.00; Sanction delay: 385d; Vendor HHI: 1.00",0.6452028272589343,0.55,0.37903736371154995,2500000.0,2500000.0,1.0,,385,,2024-08-17,2025-09-06,,1.0,1.0,2.0,1.0,True,False,False,0.0,0.0,0.64,8.333333333333334,
WS/MP351/2025-2026/141849,Kerala,KANNUR,Shri Kumbakudi Sudhakaran,Normal/Others,Gandhi Smaraka Thazhe Chalil Road-Tarring-,Physical Inspection,Completed,0.5132654459464342,True,medium,temporal,"R03,R05","Sanction was delayed by 518 days after recommendation, far exceeding the typical processing time. Completed work worth ₹671,276 has no verification photograph attached, which is a compliance gap.","Sanction: ₹700,000; Disbursed: ₹671,276; Cost ratio: 0.96; Sanction delay: 518d; Duration: 85d",0.6491165681364236,0.55,0.3742465826066521,700000.0,671276.0,0.9589657142857143,671276.0,518,85.0,2024-09-19,2026-02-19,2026-05-15,1.0,1.0,1.0,1.0,True,True,False,0.0,0.0,1.0,2.3333333333333335,0.37280701754385964
WS/MP410/2024-2025/148379,Assam,LAKHIMPUR,Pradan Baruah,Repair and Renovation,"Rennovation of Dekapam PHC, Jonai LAC under MPLAD, FY 2024-25",Work Completed,Completed,0.5128209719678167,True,medium,vendor,"R05,R06","Completed work worth ₹999,780 has no verification photograph attached, which is a compliance gap. 100% of all payments (4.0 transactions) were directed to a single vendor, suggesting vendor monopolization (HHI=1.00).","Sanction: ₹1,000,000; Disbursed: ₹999,780; Cost ratio: 1.00; Sanction delay: 160d; Duration: 298d",0.20878689073586637,0.6875,0.5303549979538575,1000000.0,999780.0,0.99978,999780.0,160,298.0,2024-10-19,2025-03-28,2026-01-20,1.0,1.0,4.0,1.0,True,True,False,0.0,0.0,0.41981735981916024,2.0067225204434855,1.4752475247524752
WS/MP443/2024-2025/138721,Madhya Pradesh,RAJGARH,Rodmal Nagar,Normal/Others,General workshed with toilets (125×80feet),Work Completed,Completed,0.5127265894608599,True,medium,vendor,R09,"All ₹16,176,660 of expenditure was directed to a single vendor for this large project, raising concentration risk.","Sanction: ₹16,177,075; Disbursed: ₹16,176,660; Cost ratio: 1.00; Sanction delay: 70d; Duration: 252d",0.7499999999946964,0.5,0.3577902556062452,16177075.0,16176660.0,0.9999743464130567,16176660.0,70,252.0,2024-09-03,2024-11-12,2025-07-22,1.0,1.0,2.0,1.0,True,False,False,0.0,0.0,0.500721409734766,53.92358333333333,1.105263157894737
WS/MP386/2024-2025/142233,Rajasthan,NAGAUR,Shri Hanuman Beniwal,Normal/Others,RCC construction at prayer venue stage in Govt SS School Balaya,Physical Inspection,Completed,0.5125695596260229,True,medium,vendor,"R05,R06","Completed work worth ₹600,000 has no verification photograph attached, which is a compliance gap. 100% of all payments (4.0 transactions) were directed to a single vendor, suggesting vendor monopolization (HHI=1.00).","Sanction: ₹600,000; Disbursed: ₹600,000; Cost ratio: 1.00; Sanction delay: 81d; Duration: 450d",0.16134455736431938,0.6875,0.56352405795698,600000.0,600000.0,1.0,600000.0,81,450.0,2024-09-21,2024-12-11,2026-03-06,1.0,1.0,4.0,1.0,True,True,False,0.0,0.0,0.3333333333333333,2.0,1.9736842105263157
WS/MP313/2024-2025/138631,Arunachal Pradesh,ARUNACHAL EAST,Shri Tapir Gao,Normal/Others,C/o Fencing wall at Niglok Village in East Siang District,Work Completed,Completed,0.5125517123870239,True,medium,financial,"R04,R07","This ₹1,000,000 work was completed in only 6 days, which is suspiciously fast for a project of this budget. 1 out of 1.0 payments (100%) fall just below statutory thresholds, suggesting potential contract splitting.","Sanction: ₹1,000,000; Disbursed: ₹997,136; Cost ratio: 1.00; Sanction delay: 143d; Duration: 6d",0.4949261673821138,0.8250000000000001,0.16805763011855812,1000000.0,997136.0,0.997136,997136.0,143,6.0,2024-09-15,2025-02-05,2025-02-11,1.0,1.0,1.0,1.0,True,False,False,1.0,1.0,1.0,3.3333333333333335,0.02631578947368421
WS/MP792/2024-2025/136736,Uttar Pradesh,HARDOI (SC),Jai Prakash,Normal/Others,31 ?? 06 ??  170-200 ??? ???????? ???? ?? ????????? ?????,Vendor Identification,Ongoing,0.5125478850118919,True,medium,vendor,R09,"All ₹4,678,233 of expenditure was directed to a single vendor for this large project, raising concentration risk.","Sanction: ₹6,520,794; Disbursed: ₹4,678,233; Cost ratio: 0.72; Sanction delay: 32d; Vendor HHI: 1.00",0.7501937718868843,0.5,0.3571412629719166,6520794.0,4678233.0,0.7174330303947648,,32,,2024-08-22,2024-09-23,,1.0,1.0,1.0,1.0,True,False,False,0.0,0.0,1.0,21.73598,
WS/MP18155/2024-2025/141715,Punjab,HOSHIARPUR(SC),DR. RAJ KUMAR CHABBEWAL,Normal/Others,Construction of Streets & Drains,Physical Inspection,Completed,0.5120367616229665,True,medium,vendor,R06,"100% of all payments (4.0 transactions) were directed to a single vendor, suggesting vendor monopolization (HHI=1.00).","Sanction: ₹200,000; Disbursed: ₹200,000; Cost ratio: 1.00; Sanction delay: 4d; Duration: 471d",0.15774261951958649,0.75,0.49314601926591395,200000.0,200000.0,1.0,200000.0,4,471.0,2024-09-19,2024-09-23,2026-01-07,1.0,1.0,4.0,1.0,True,False,False,0.0,0.0,0.741,0.6666666666666666,2.0657894736842106
WS/MP664/2025-2026/146367,Maharashtra,MUMBAI SOUTH,Arvind Ganpat Sawant,Normal/Others,janta rahiwasi seva sangh worlikoliwada worli community hall,Physical Inspection,Completed,0.511922621661318,True,medium,vendor,"R04,R09","This ₹2,094,646 work was completed in only 0 days, which is suspiciously fast for a project of this budget. All ₹2,094,646 of expenditure was directed to a single vendor for this large project, raising concentration risk.","Sanction: ₹2,094,646; Disbursed: ₹2,094,646; Cost ratio: 1.00; Sanction delay: 344d; Vendor HHI: 1.00",0.5445118158057756,0.6875,0.2879847648853543,2094646.0,2094646.0,1.0,2094646.0,344,0.0,2024-10-08,2025-09-17,2025-09-17,1.0,1.0,1.0,1.0,True,False,False,0.0,0.0,1.0,6.982153333333334,0.0
WS/MP345/2024-2025/134143,Kerala,KOLLAM,Shri NK Premachandran,Normal/Others,"Construction of Building for Brothers Library & Reading room, Puthenchantha at  Panmana Grama panchayath in Chavara Constituency.",Physical Inspection,Completed,0.5117689296835489,True,medium,financial,R10,"94% of total funds were disbursed in the first payment, despite having 2.0 total payments, indicating excessive upfront payment.","Sanction: ₹1,182,588; Disbursed: ₹1,182,588; Cost ratio: 1.00; Sanction delay: 19d; Duration: 76d",0.2379529788207819,0.75,0.4350876713667241,1182588.0,1182588.0,1.0,1182588.0,19,76.0,2024-07-25,2024-08-13,2024-10-28,0.8937824600604916,2.0,2.0,0.9437242725277104,False,False,False,0.0,0.0,0.9437242725277104,3.94196,0.3333333333333333
WS/MP664/2025-2026/146365,Maharashtra,MUMBAI SOUTH,Arvind Ganpat Sawant,Normal/Others,engel seva mandal worli naka worli community hall,Physical Inspection,Completed,0.5114879922597585,True,medium,vendor,"R04,R09","This ₹2,089,002 work was completed in only 0 days, which is suspiciously fast for a project of this budget. All ₹2,089,002 of expenditure was directed to a single vendor for this large project, raising concentration risk.","Sanction: ₹2,089,002; Disbursed: ₹2,089,002; Cost ratio: 1.00; Sanction delay: 344d; Vendor HHI: 1.00",0.5427732981995378,0.6875,0.2879847648853543,2089002.0,2089002.0,1.0,2089002.0,344,0.0,2024-10-08,2025-09-17,2025-09-17,1.0,1.0,1.0,1.0,True,False,False,0.0,0.0,1.0,6.96334,0.0
WS/MP18165/2024-2025/141467,Rajasthan,JAIPUR,MANJU SHARMA,Normal/Others,?????? ??? ???????? ??????? ?? ??? ?????? ??? (??????) ?????????? ?? ????? ???? 125 ??? ??????? ?? ?????? ?? ???????? ????? ?????? ?? ?????,Work Completed,Completed,0.5114675942337059,True,medium,vendor,R09,"All ₹2,308,863 of expenditure was directed to a single vendor for this large project, raising concentration risk.","Sanction: ₹2,500,000; Disbursed: ₹2,308,863; Cost ratio: 0.92; Sanction delay: 110d; Duration: 376d",0.701185045117262,0.5,0.38906095129825846,2500000.0,2308863.0,0.9235452,2308863.0,110,376.0,2024-09-17,2025-01-05,2026-01-16,1.0,1.0,2.0,1.0,True,False,False,0.0,0.0,0.6852472407414385,8.333333333333334,1.6491228070175439
WS/MP18182/2024-2025/134223,Tamil Nadu,TENKASI(SC),DR RANI SRI KUMAR,Normal/Others,Construction of surplus weir Apron of Periya Panayankulam  in Nainaragaram Village of Kadayanallur Union.,Physical Inspection,Completed,0.5111380537371574,True,medium,vendor,"R04,R09","This ₹2,493,302 work was completed in only 0 days, which is suspiciously fast for a project of this budget. All ₹2,493,302 of expenditure was directed to a single vendor for this large project, raising concentration risk.","Sanction: ₹2,493,302; Disbursed: ₹2,493,302; Cost ratio: 1.00; Sanction delay: 73d; Vendor HHI: 1.00",0.6439363896526281,0.6875,0.21472558949714382,2493302.0,2493302.0,1.0,2493302.0,73,0.0,2024-07-29,2024-10-10,2024-10-10,1.0,1.0,1.0,1.0,True,False,False,0.0,0.0,1.0,8.311006666666668,0.0
WS/MP18019/2024-2025/137588,Assam,Diphu (ST),AMARSING TISSO,Normal/Others,Construction of Community Hall at Jawlian under Singhason MAC Constituency,Physical Inspection,Completed,0.5111186129208879,True,medium,compliance,R05,"Completed work worth ₹1,499,859 has no verification photograph attached, which is a compliance gap.","Sanction: ₹1,500,000; Disbursed: ₹1,499,859; Cost ratio: 1.00; Sanction delay: 76d; Duration: 392d",0.33647011803158616,0.5,0.6485745240371181,1500000.0,1499859.0,0.999906,1499859.0,76,392.0,2024-08-29,2024-11-13,2025-12-10,0.5725171909931448,2.0,4.0,0.6904168991885237,False,True,False,0.0,0.0,0.20291307382893992,5.0,1.719298245614035
WS/MP18307/2025-2026/143612,Maharashtra,MUMBAI NORTH,Piyush Vedprakash Goyal,Normal/Others,Ward 44  - Beautification  of Square near Raheja Township Malad (East),Work partially Completed,Ongoing,0.5110567507378474,True,medium,vendor,"R03,R09","Sanction was delayed by 546 days after recommendation, far exceeding the typical processing time. All ₹1,485,428 of expenditure was directed to a single vendor for this large project, raising concentration risk.","Sanction: ₹1,500,000; Disbursed: ₹1,485,428; Cost ratio: 0.99; Sanction delay: 546d; Vendor HHI: 1.00",0.6624356454497676,0.55,0.3584223982154441,1500000.0,1485428.0,0.9902853333333334,,546,,2024-09-25,2026-03-25,,1.0,1.0,1.0,1.0,True,False,False,0.0,0.0,1.0,5.0,
WS/MP18236/2024-2025/139455,Uttar Pradesh,ROBERTSGANJ(SC),CHHOTELAL,Normal/Others,Construction of one room in Maa Motirani Devi Higher Secondary School Sirsia Kekrahi Sonbhadra in village Kekrahi,Physical Inspection,Completed,0.510981849506271,True,medium,vendor,R06,"100% of all payments (4.0 transactions) were directed to a single vendor, suggesting vendor monopolization (HHI=1.00).","Sanction: ₹500,000; Disbursed: ₹500,000; Cost ratio: 1.00; Sanction delay: 193d; Duration: 304d",0.16659894649530002,0.75,0.4838060368069885,500000.0,500000.0,1.0,500000.0,193,304.0,2024-09-06,2025-03-18,2026-01-16,1.0,1.0,4.0,1.0,True,False,False,0.0,0.0,0.5,1.6666666666666667,1.3333333333333333
WS/MP18065/2025-2026/134736,Haryana,ROHTAK,DEEPENDER SINGH HOODA,Normal/Others,Const. of Kabaddi Hall near Shiv Mandir,Physical Inspection,Ongoing,0.5108600555860783,True,medium,temporal,R03,"Sanction was delayed by 392 days after recommendation, far exceeding the typical processing time.","Sanction: ₹1,000,000; Disbursed: ₹999,711; Cost ratio: 1.00; Sanction delay: 392d; Vendor HHI: 0.61",0.28939232538711546,0.5,0.6814627835408555,1000000.0,999711.0,0.999711,,392,,2024-08-05,2025-09-01,,0.6063639246053005,2.0,3.0,0.7306121469104572,False,False,False,0.0,0.0,0.47174933555797627,3.3333333333333335,
WS/MP18182/2024-2025/134225,Tamil Nadu,TENKASI(SC),DR RANI SRI KUMAR,Normal/Others,Construction of protective wall in Right side weir of Pattakulam in Sernthamangalam Village of Melaneelithanallur Union.,Physical Inspection,Completed,0.5103725622256083,True,medium,vendor,"R04,R09","This ₹2,482,079 work was completed in only 0 days, which is suspiciously fast for a project of this budget. All ₹2,482,079 of expenditure was directed to a single vendor for this large project, raising concentration risk.","Sanction: ₹2,482,079; Disbursed: ₹2,482,079; Cost ratio: 1.00; Sanction delay: 73d; Vendor HHI: 1.00",0.6417855764418244,0.6875,0.21407476604329212,2482079.0,2482079.0,1.0,2482079.0,73,0.0,2024-07-29,2024-10-10,2024-10-10,1.0,1.0,1.0,1.0,True,False,False,0.0,0.0,1.0,8.273596666666666,0.0
WS/MP18024/2025-2026/148262,Assam,JORHAT,GAURAV GOGOI,Normal/Others,"Installation of Net Fencing Boundary of Tokowbari Majorchuk Bor Namghar, Adhalkatia P.O. Kachukhat, Kachukahat GP",Vendor Identification,Ongoing,0.5100198709183701,True,medium,vendor,R06,"100% of all payments (4.0 transactions) were directed to a single vendor, suggesting vendor monopolization (HHI=1.00).","Sanction: ₹200,000; Disbursed: ₹200,000; Cost ratio: 1.00; Sanction delay: 166d; Vendor HHI: 1.00",0.17758487378039067,0.75,0.4732104356379212,200000.0,200000.0,1.0,,166,,2024-10-18,2025-04-02,,1.0,1.0,4.0,1.0,True,False,False,0.0,0.0,0.26927,0.6666666666666666,
WS/MP18074/2024-2025/140513,Jharkhand,KHUNTI(ST),KALI CHARAN MUNDA,Normal/Others,Construction of PCC road in Singha Dulua of Kunjla Panchayat under Murhu Block.,Vendor Identification,Ongoing,0.5096371386142627,True,medium,financial,R07,"1 out of 1.0 payments (100%) fall just below statutory thresholds, suggesting potential contract splitting.","Sanction: ₹1,200,000; Disbursed: ₹960,000; Cost ratio: 0.80; Sanction delay: 32d; Vendor HHI: 1.00",0.5273111292166957,0.75,0.22231244660025362,1200000.0,960000.0,0.8,,32,,2024-09-12,2024-10-14,,1.0,1.0,1.0,1.0,True,False,False,1.0,1.0,1.0,4.0,
WS/MP18182/2024-2025/134222,Tamil Nadu,TENKASI(SC),DR RANI SRI KUMAR,Normal/Others,Construction of Flood protective wall in Periya Panayankulam weir in Nainaragaram Village of Kadayanallur Union.,Physical Inspection,Completed,0.5094039884902702,True,medium,vendor,"R04,R09","This ₹2,486,079 work was completed in only 5 days, which is suspiciously fast for a project of this budget. All ₹2,486,079 of expenditure was directed to a single vendor for this large project, raising concentration risk.","Sanction: ₹2,486,079; Disbursed: ₹2,486,079; Cost ratio: 1.00; Sanction delay: 58d; Duration: 5d",0.6425563006260706,0.6875,0.2107568952392932,2486079.0,2486079.0,1.0,2486079.0,58,5.0,2024-07-29,2024-09-25,2024-09-30,1.0,1.0,1.0,1.0,True,False,False,0.0,0.0,1.0,8.28693,0.021929824561403508
WS/MP243/2025-2026/147545,West Bengal,BARASAT,Kakoli Ghosh Dastidar,Normal/Others,High must light,Work Completed,Completed,0.5093636494932219,True,medium,temporal,R04,"This ₹440,000 work was completed in only 0 days, which is suspiciously fast for a project of this budget.","Sanction: ₹440,000; Disbursed: ₹436,842; Cost ratio: 0.99; Sanction delay: 332d; Vendor HHI: 1.00",0.5359712817706471,0.75,0.21534522585874305,440000.0,436842.0,0.9928227272727272,436842.0,332,0.0,2024-10-15,2025-09-12,2025-09-12,1.0,1.0,1.0,1.0,True,False,False,0.0,0.0,1.0,1.4666666666666666,0.0
WS/MP18182/2024-2025/134224,Tamil Nadu,TENKASI(SC),DR RANI SRI KUMAR,Normal/Others,Construction of protective wall and skin wall  in Left side weir of Pattakulam in Sernthamangalam village of Melaneelithanallur Union.,Physical Inspection,Completed,0.5091623764593618,True,medium,vendor,"R04,R09","This ₹2,481,067 work was completed in only 5 days, which is suspiciously fast for a project of this budget. All ₹2,481,067 of expenditure was directed to a single vendor for this large project, raising concentration risk.","Sanction: ₹2,481,067; Disbursed: ₹2,481,067; Cost ratio: 1.00; Sanction delay: 58d; Duration: 5d",0.6415898525024369,0.6875,0.2107568952392932,2481067.0,2481067.0,1.0,2481067.0,58,5.0,2024-07-29,2024-09-25,2024-09-30,1.0,1.0,1.0,1.0,True,False,False,0.0,0.0,1.0,8.270223333333334,0.021929824561403508
WS/MP18238/2025-2026/145095,Uttar Pradesh,SALEMPUR,RAMASHANKAR RAJBHAR,Normal/Others,Installation of Solar Power electricity in Belthara Tahasil Bhawan,Work partially Completed,Ongoing,0.5089218814275704,True,medium,financial,R07,"1 out of 1.0 payments (100%) fall just below statutory thresholds, suggesting potential contract splitting.","Sanction: ₹636,000; Disbursed: ₹477,000; Cost ratio: 0.75; Sanction delay: 287d; Vendor HHI: 1.00",0.5068891214051812,0.75,0.23485600307507182,636000.0,477000.0,0.75,,287,,2024-10-02,2025-07-16,,1.0,1.0,1.0,1.0,True,False,False,1.0,1.0,1.0,2.12,
WS/MP013/2024-2025/137237,Sikkim,SIKKIM,Indra Hang Subba,Normal/Others,Construction of drainage system at Ambakey jhora under Chamlathang GPU,Work Completed,Completed,0.508921554868369,True,medium,compliance,R05,"Completed work worth ₹1,499,545 has no verification photograph attached, which is a compliance gap.","Sanction: ₹1,500,000; Disbursed: ₹1,499,545; Cost ratio: 1.00; Sanction delay: 78d; Duration: 12d",0.3364123495804395,0.5,0.6423384784950261,1500000.0,1499545.0,0.9996966666666667,1499545.0,78,12.0,2024-08-27,2024-11-13,2024-11-25,0.5117100730835472,2.0,2.0,0.5765182105238589,False,True,False,0.0,0.0,0.4234817894761411,5.0,0.05263157894736842
WS/MP18019/2024-2025/137587,Assam,Diphu (ST),AMARSING TISSO,Normal/Others,Construction of Open Stage at Gangjang,Physical Inspection,Completed,0.5087981526747882,True,medium,compliance,R05,"Completed work worth ₹1,499,021 has no verification photograph attached, which is a compliance gap.","Sanction: ₹1,500,000; Disbursed: ₹1,499,021; Cost ratio: 1.00; Sanction delay: 76d; Duration: 392d",0.35425658928171155,0.5,0.6292400152981723,1500000.0,1499021.0,0.9993473333333334,1499021.0,76,392.0,2024-08-29,2024-11-13,2025-12-10,0.6445360421506792,2.0,4.0,0.7688271211677489,False,True,False,0.0,0.0,0.13434501584700947,5.0,1.719298245614035
WS/MP577/2024-2025/133585,Gujarat,DAHOD(ST),Jaswantsinh Sumanbhai Bhabhor,Normal/Others,matwa game navi vsahat thi badarbhai plas na ghar sudhi c.c.road nu kam,Physical Inspection,Completed,0.5086681227355234,True,medium,financial,R07,"1 out of 1.0 payments (100%) fall just below statutory thresholds, suggesting potential contract splitting.","Sanction: ₹250,000; Disbursed: ₹249,291; Cost ratio: 1.00; Sanction delay: 253d; Duration: 513d",0.4862286287478649,0.75,0.24888847299587735,250000.0,249291.0,0.997164,249291.0,253,513.0,2024-07-17,2025-03-27,2026-08-22,1.0,1.0,1.0,1.0,True,False,False,1.0,1.0,1.0,0.8333333333333334,2.25
WS/MP577/2024-2025/133588,Gujarat,DAHOD(ST),Jaswantsinh Sumanbhai Bhabhor,Normal/Others,rayan panchayat limbu faliya thi lilva talavne jodto c.c.road nu kam,Physical Inspection,Completed,0.5086681227355234,True,medium,financial,R07,"1 out of 1.0 payments (100%) fall just below statutory thresholds, suggesting potential contract splitting.","Sanction: ₹250,000; Disbursed: ₹249,291; Cost ratio: 1.00; Sanction delay: 253d; Duration: 514d",0.4862286287478649,0.75,0.24888847299587735,250000.0,249291.0,0.997164,249291.0,253,514.0,2024-07-17,2025-03-27,2026-08-23,1.0,1.0,1.0,1.0,True,False,False,1.0,1.0,1.0,0.8333333333333334,2.254385964912281
WS/MP18209/2025-2026/144706,Uttar Pradesh,BIJNOR,CHANDAN CHAUHAN,Normal/Others,Construction work of drain and CC road in branch street from Dharamraj's house to Suresh Prajapati's house in village Buwapur.,Work Completed,Completed,0.5082544127894584,True,medium,compliance,R05,"Completed work worth ₹940,770 has no verification photograph attached, which is a compliance gap.","Sanction: ₹941,700; Disbursed: ₹940,770; Cost ratio: 1.00; Sanction delay: 169d; Duration: 97d",0.38698885164526087,0.5,0.6043062853661232,941700.0,940770.0,0.9990124243389614,940770.0,169,97.0,2024-12-17,2025-06-04,2025-09-09,0.7664732017125844,2.0,4.0,0.8650158912380285,False,True,False,0.0,0.0,0.46776789225846915,3.139,0.42543859649122806
WS/MP18323/2025-2026/146706,Maharashtra,LATUR(SC),DR KALGE SHIVAJI BANDAPPA,Normal/Others,"Construction of internal vilage cement road at Valsangwadi, Nandanwadi, Tq.Kandahar, District Nanded",Physical Inspection,Completed,0.5081978519394004,True,medium,financial,"R04,R07","This ₹500,000 work was completed in only 4 days, which is suspiciously fast for a project of this budget. 1 out of 1.0 payments (100%) fall just below statutory thresholds, suggesting potential contract splitting.","Sanction: ₹500,000; Disbursed: ₹494,000; Cost ratio: 0.99; Sanction delay: 207d; Duration: 4d",0.460233638487754,0.8250000000000001,0.18039840662131967,500000.0,494000.0,0.988,494000.0,207,4.0,2024-10-10,2025-05-05,2025-05-09,1.0,1.0,1.0,1.0,True,False,False,1.0,1.0,1.0,1.6666666666666667,0.017543859649122806
WS/MP792/2024-2025/140290,Uttar Pradesh,HARDOI (SC),Jai Prakash,Normal/Others,19 ?? 6?? 170 ?? 200 ??? ???? ????????? ?????,Vendor Identification,Ongoing,0.5077409287906682,True,medium,vendor,R09,"All ₹2,671,944 of expenditure was directed to a single vendor for this large project, raising concentration risk.","Sanction: ₹3,959,045; Disbursed: ₹2,671,944; Cost ratio: 0.67; Sanction delay: 28d; Vendor HHI: 1.00",0.7457103834285633,0.5,0.34660952266722134,3959045.0,2671944.0,0.6748960923657094,,28,,2024-09-11,2024-10-09,,1.0,1.0,1.0,1.0,True,False,False,0.0,0.0,1.0,13.196816666666667,
WS/MP18024/2025-2026/148255,Assam,JORHAT,GAURAV GOGOI,Normal/Others,"Construction of Tyrun 5 No ward Labour Line Path, Tyroon T.E, P.O. Bandarchalia, Bandarchalia, Charaipani GP",Vendor Identification,Ongoing,0.507668596997884,True,medium,vendor,R06,"100% of all payments (4.0 transactions) were directed to a single vendor, suggesting vendor monopolization (HHI=1.00).","Sanction: ₹200,000; Disbursed: ₹200,000; Cost ratio: 1.00; Sanction delay: 166d; Vendor HHI: 1.00",0.16149811080177112,0.75,0.4779830551355462,200000.0,200000.0,1.0,,166,,2024-10-18,2025-04-02,,1.0,1.0,4.0,1.0,True,False,False,0.0,0.0,0.335485,0.6666666666666666,
WS/MP350/2025-2026/143224,Kerala,KASARAGOD,Shri Rajmohan Unnithan,Normal/Others,Construction and Tarring/Concrete work for the Podithadam SC Colony Road in Ward 8 of Ezhom Grama Panchayath (First or second reach as required by concerend LGIs) [Work to be included under SC Category],Physical Inspection,Completed,0.5076163722843401,True,medium,temporal,R03,"Sanction was delayed by 513 days after recommendation, far exceeding the typical processing time.","Sanction: ₹600,000; Disbursed: ₹526,192; Cost ratio: 0.88; Sanction delay: 513d; Duration: 74d",0.6466018748993394,0.5,0.4170454387414434,600000.0,526192.0,0.8769866666666667,526192.0,513,74.0,2024-09-24,2026-02-19,2026-05-04,1.0,1.0,1.0,1.0,True,False,False,0.0,0.0,1.0,2.0,0.32456140350877194
WS/MP18074/2024-2025/136932,Jharkhand,KHUNTI(ST),KALI CHARAN MUNDA,Normal/Others,Construction of two rooms in Lutheran Middle School at Umbulbaha of Birbanki Panchayat under Arki block.,Vendor Identification,Ongoing,0.5075117644036711,True,medium,financial,R07,"1 out of 1.0 payments (100%) fall just below statutory thresholds, suggesting potential contract splitting.","Sanction: ₹1,200,000; Disbursed: ₹960,000; Cost ratio: 0.80; Sanction delay: 51d; Vendor HHI: 1.00",0.5273111292166957,0.75,0.21623994885570597,1200000.0,960000.0,0.8,,51,,2024-08-24,2024-10-14,,1.0,1.0,1.0,1.0,True,False,False,1.0,1.0,1.0,4.0,
WS/MP710/2024-2025/146369,Puducherry,Puducherry,Vaithilingam Ve,Normal/Others,"“Raising and Improvements to the Chalakkara Punnol road, Chalakkara, Mahe, Puducherry”",Physical Inspection,Completed,0.5066637142745134,True,medium,vendor,"R05,R09","Completed work worth ₹2,903,403 has no verification photograph attached, which is a compliance gap. All ₹2,903,403 of expenditure was directed to a single vendor for this large project, raising concentration risk.","Sanction: ₹3,000,000; Disbursed: ₹2,903,403; Cost ratio: 0.97; Sanction delay: 34d; Duration: 8d",0.7276599321092754,0.55,0.2992820892776985,3000000.0,2903403.0,0.967801,2903403.0,34,8.0,2024-10-08,2024-11-11,2024-11-19,1.0,1.0,1.0,1.0,True,True,False,0.0,0.0,1.0,10.0,0.03508771929824561
WS/MP18065/2024-2025/135232,Haryana,ROHTAK,DEEPENDER SINGH HOODA,Normal/Others,Const. Shed in Punjabi Dharamshala,Work Completed,Completed,0.5053532276104159,True,medium,financial,R07,"1 out of 1.0 payments (100%) fall just below statutory thresholds, suggesting potential contract splitting.","Sanction: ₹1,100,000; Disbursed: ₹968,588; Cost ratio: 0.88; Sanction delay: 105d; Duration: 117d",0.510855704634261,0.75,0.22182657557671615,1100000.0,968588.0,0.8805345454545455,968588.0,105,117.0,2024-08-09,2024-11-22,2025-03-19,1.0,1.0,1.0,1.0,True,False,False,1.0,1.0,1.0,3.6666666666666665,0.5131578947368421
WS/MP761/2024-2025/139062,Telangana,NIZAMABAD,Arvind Dharmapuri,Normal/Others,Laying of CC Drain in Agriculture Market at Varshakonda,Physical Inspection,Completed,0.5052593414360256,True,medium,temporal,R04,"This ₹495,000 work was completed in only 5 days, which is suspiciously fast for a project of this budget.","Sanction: ₹495,000; Disbursed: ₹440,865; Cost ratio: 0.89; Sanction delay: 191d; Duration: 5d",0.4520006223755463,0.75,0.2635976738346829,495000.0,440865.0,0.8906363636363637,440865.0,191,5.0,2024-09-05,2025-03-15,2025-03-20,1.0,1.0,1.0,1.0,True,False,False,0.0,0.0,1.0,1.65,0.021929824561403508
WS/MP792/2024-2025/140292,Uttar Pradesh,HARDOI (SC),Jai Prakash,Normal/Others,30 ?? 6?? 170 ?? 200 ??? ???? ????????? ?????,Vendor Identification,Ongoing,0.5049645544907444,True,medium,vendor,R09,"All ₹2,922,912 of expenditure was directed to a single vendor for this large project, raising concentration risk.","Sanction: ₹4,022,832; Disbursed: ₹2,922,912; Cost ratio: 0.73; Sanction delay: 176d; Vendor HHI: 1.00",0.7461880716077012,0.5,0.3383358188251975,4022832.0,2922912.0,0.7265806774928707,,176,,2024-09-11,2025-03-06,,1.0,1.0,1.0,1.0,True,False,False,0.0,0.0,1.0,13.40944,
WS/MP18155/2024-2025/141708,Punjab,HOSHIARPUR(SC),DR. RAJ KUMAR CHABBEWAL,Normal/Others,Construction of SC Dharmshala,Physical Inspection,Completed,0.5043026883706188,True,medium,financial,R07,"2 out of 3.0 payments (67%) fall just below statutory thresholds, suggesting potential contract splitting.","Sanction: ₹100,000; Disbursed: ₹100,000; Cost ratio: 1.00; Sanction delay: 6d; Duration: 411d",0.15635777151763822,0.75,0.4720378442605976,100000.0,100000.0,1.0,100000.0,6,411.0,2024-09-19,2024-09-25,2025-11-10,1.0,1.0,3.0,1.0,True,False,False,2.0,0.6666666666666666,0.49796,0.3333333333333333,1.8026315789473684
WS/MP761/2024-2025/146622,Telangana,NIZAMABAD,Arvind Dharmapuri,Normal/Others,Laying of CC drain from Sc Community hall to Library,Physical Inspection,Completed,0.5037892844946814,True,medium,temporal,R04,"This ₹493,396 work was completed in only 0 days, which is suspiciously fast for a project of this budget.","Sanction: ₹493,396; Disbursed: ₹493,396; Cost ratio: 1.00; Sanction delay: 11d; Vendor HHI: 1.00",0.15428459639919964,0.75,0.47205181541394714,493396.0,493396.0,1.0,493396.0,11,0.0,2024-10-10,2024-10-21,2024-10-21,1.0,1.0,3.0,1.0,True,False,False,0.0,0.0,0.5066923931284404,1.6446533333333333,0.0
WS/MP243/2025-2026/147542,West Bengal,BARASAT,Kakoli Ghosh Dastidar,Normal/Others,Kemia khamarpara street light,Work Completed,Completed,0.5030067221098,True,medium,vendor,R09,"All ₹2,887,200 of expenditure was directed to a single vendor for this large project, raising concentration risk.","Sanction: ₹3,000,000; Disbursed: ₹2,887,200; Cost ratio: 0.96; Sanction delay: 343d; Duration: 104d",0.7276599321092754,0.5,0.3459763973785177,3000000.0,2887200.0,0.9624,2887200.0,343,104.0,2024-10-15,2025-09-23,2026-01-05,1.0,1.0,1.0,1.0,True,False,False,0.0,0.0,1.0,10.0,0.45614035087719296
WS/MP541/2025-2026/141493,Assam,NOWGONG,Pradyut Bordoloi,Normal/Others,"Extention of boundary wall at 2 No. Bhatiakhali Milon Eidgah near Jamir Tiniali, 2 No. Bhatikhali GP Bhatiakhali",Vendor Identification,Ongoing,0.5030028986898951,True,medium,temporal,R03,"Sanction was delayed by 430 days after recommendation, far exceeding the typical processing time.","Sanction: ₹200,000; Disbursed: ₹132,531; Cost ratio: 0.66; Sanction delay: 430d; Vendor HHI: 1.00",0.5994483888110609,0.5,0.4375451471060855,200000.0,132531.0,0.662655,,430,,2024-12-02,2026-02-05,,1.0,1.0,1.0,1.0,True,False,False,0.0,0.0,1.0,0.6666666666666666,
WS/MP18323/2025-2026/144107,Maharashtra,LATUR(SC),DR KALGE SHIVAJI BANDAPPA,Normal/Others,"Construction of Community Hall at Ward No.17,Lakshminagar,Chakur,District.Latur",Physical Inspection,Completed,0.5029599572416333,True,medium,temporal,"R03,R04,R09","Sanction was delayed by 494 days after recommendation, far exceeding the typical processing time. This ₹1,494,640 work was completed in only 0 days, which is suspiciously fast for a project of this budget. All ₹1,494,640 of expenditure was directed to a single vendor for this large project, raising concentration risk.","Sanction: ₹1,494,640; Disbursed: ₹1,494,640; Cost ratio: 1.00; Sanction delay: 494d; Vendor HHI: 1.00",0.3948368189700715,0.7000000000000001,0.3550021499974726,1494640.0,1494640.0,1.0,1494640.0,494,0.0,2024-09-27,2026-02-03,2026-02-03,1.0,1.0,1.0,1.0,True,False,False,0.0,0.0,1.0,4.9821333333333335,0.0
WS/MP18307/2025-2026/143603,Maharashtra,MUMBAI NORTH,Piyush Vedprakash Goyal,Normal/Others,"Ward 2 -Construction of Drains and footpaths at Sai Kripa Chawl, Sambhaji Nagar, Dubey Chawl, Babli Pada, Tare Compound, Raja Ram Mhatre Chawl  Bharwad Chawl Dahisar",Work partially Completed,Ongoing,0.5021231756842013,True,medium,vendor,"R03,R09","Sanction was delayed by 492 days after recommendation, far exceeding the typical processing time. All ₹2,498,104 of expenditure was directed to a single vendor for this large project, raising concentration risk.","Sanction: ₹2,500,000; Disbursed: ₹2,498,104; Cost ratio: 1.00; Sanction delay: 492d; Vendor HHI: 1.00",0.6449840108109665,0.55,0.3453633513755989,2500000.0,2498104.0,0.9992416,,492,,2024-09-25,2026-01-30,,1.0,1.0,1.0,1.0,True,False,False,0.0,0.0,1.0,8.333333333333334,
WS/MP18023/2024-2025/136756,Assam,GUWAHATI,BIJULI KALITA MEDHI,Normal/Others,"Constraction of toilet blocks at Mespara Madhachal Rabha Samaj. Rangsai , Baida .",Vendor Identification,Ongoing,0.5012838217416802,True,medium,financial,R07,"1 out of 1.0 payments (100%) fall just below statutory thresholds, suggesting potential contract splitting.","Sanction: ₹400,000; Disbursed: ₹240,000; Cost ratio: 0.60; Sanction delay: 137d; Vendor HHI: 1.00",0.4275192790604252,0.75,0.26972571993306815,400000.0,240000.0,0.6,,137,,2024-08-22,2025-01-06,,1.0,1.0,1.0,1.0,True,False,False,1.0,1.0,1.0,1.3333333333333333,
WS/MP18019/2024-2025/137589,Assam,Diphu (ST),AMARSING TISSO,Normal/Others,"Tree Plantation for providing self sufficiency to the 06 (six) Nos. of Ex-Revolutionary Cadre under the Banner of ""KERUP- Karbi Ex-Revolutionary United Forum""",Work Completed,Completed,0.500895506681831,True,medium,compliance,R05,"Completed work worth ₹999,679 has no verification photograph attached, which is a compliance gap.","Sanction: ₹1,000,000; Disbursed: ₹999,679; Cost ratio: 1.00; Sanction delay: 57d; Duration: 180d",0.3006292125138066,0.5,0.6449662958667981,1000000.0,999679.0,0.999679,999679.0,57,180.0,2024-08-29,2024-10-25,2025-04-23,0.5200771389749534,2.0,4.0,0.6001926618444521,False,True,False,0.0,0.0,0.2541475813736209,3.3333333333333335,0.7894736842105263
WS/MP18112/2024-2025/145331,Maharashtra,AMRAVATI(SC),BALWANT BASWANT WANKHADE,Normal/Others,construction of road at Khartalegaon Ta.Bhatkuli From Gunwant Kuche Home To Dnyaneshvar Navare Home,Physical Inspection,Completed,0.5008402598374562,True,medium,financial,R10,"92% of total funds were disbursed in the first payment, despite having 2.0 total payments, indicating excessive upfront payment.","Sanction: ₹700,000; Disbursed: ₹694,357; Cost ratio: 0.99; Sanction delay: 175d; Duration: 210d",0.45178862196393876,0.75,0.25112315527563267,700000.0,694357.0,0.9919385714285714,694357.0,175,210.0,2024-10-04,2025-03-28,2025-10-24,1.0,1.0,2.0,1.0,True,False,False,0.0,0.0,0.9196393209832983,2.3333333333333335,0.9210526315789473
WS/MP351/2025-2026/141862,Kerala,KANNUR,Shri Kumbakudi Sudhakaran,Normal/Others,Madakkal Anayadi Road-Tarring,Physical Inspection,Completed,0.5005080773711188,True,medium,financial,"R03,R07","Sanction was delayed by 377 days after recommendation, far exceeding the typical processing time. 1 out of 1.0 payments (100%) fall just below statutory thresholds, suggesting potential contract splitting.","Sanction: ₹500,000; Disbursed: ₹497,201; Cost ratio: 0.99; Sanction delay: 377d; Duration: 7d",0.5656736212647832,0.6875,0.24025620587120866,500000.0,497201.0,0.994402,497201.0,377,7.0,2024-09-19,2025-10-01,2025-10-08,1.0,1.0,1.0,1.0,True,False,False,1.0,1.0,1.0,1.6666666666666667,0.03070175438596491
WS/MP479/2024-2025/138772,West Bengal,BISHNUPUR(SC),Saumitra khan,Normal/Others,Boundary fencing & 4Nos.of Solar Lights,Physical Inspection,Completed,0.5001534196549806,True,medium,vendor,R09,"All ₹2,774,787 of expenditure was directed to a single vendor for this large project, raising concentration risk.","Sanction: ₹2,774,787; Disbursed: ₹2,774,787; Cost ratio: 1.00; Sanction delay: 100d; Duration: 605d",0.6869994512841,0.5,0.3668673052398731,2774787.0,2774787.0,1.0,2774787.0,100,605.0,2024-09-04,2024-12-13,2026-08-10,1.0,1.0,1.0,1.0,True,False,False,0.0,0.0,1.0,9.24929,2.6535087719298245
WS/MP541/2025-2026/141496,Assam,NOWGONG,Pradyut Bordoloi,Normal/Others,"Construction of boundary wall at Pachim Singimari Bir Lachit L.P. School, Singimari GP",Vendor Identification,Ongoing,0.500068223520115,True,medium,temporal,R03,"Sanction was delayed by 414 days after recommendation, far exceeding the typical processing time.","Sanction: ₹200,000; Disbursed: ₹132,531; Cost ratio: 0.66; Sanction delay: 414d; Vendor HHI: 1.00",0.5893926146572385,0.5,0.4363430567308727,200000.0,132531.0,0.662655,,414,,2024-12-02,2026-01-20,,1.0,1.0,1.0,1.0,True,False,False,0.0,0.0,1.0,0.6666666666666666,
WS/MP541/2025-2026/141494,Assam,NOWGONG,Pradyut Bordoloi,Normal/Others,"Extention of boundary wall at Kathpara ME School, Kathpara GP",Vendor Identification,Ongoing,0.500068223520115,True,medium,temporal,R03,"Sanction was delayed by 414 days after recommendation, far exceeding the typical processing time.","Sanction: ₹200,000; Disbursed: ₹132,531; Cost ratio: 0.66; Sanction delay: 414d; Vendor HHI: 1.00",0.5893926146572385,0.5,0.4363430567308727,200000.0,132531.0,0.662655,,414,,2024-12-02,2026-01-20,,1.0,1.0,1.0,1.0,True,False,False,0.0,0.0,1.0,0.6666666666666666,
WS/MP18391/2024-2025/140289,Nagaland,NAGALAND,S SUPONGMEREN JAMIR,Normal/Others,Construction of Sanitation facilities,Physical Inspection,Completed,0.4995405406674601,True,medium,vendor,R09,"All ₹4,500,000 of expenditure was directed to a single vendor for this large project, raising concentration risk.","Sanction: ₹4,500,000; Disbursed: ₹4,500,000; Cost ratio: 1.00; Sanction delay: 77d; Duration: 127d",0.7478498126949856,0.5,0.32165167855346766,4500000.0,4500000.0,1.0,4500000.0,77,127.0,2024-09-11,2024-11-27,2025-04-03,1.0,1.0,2.0,1.0,True,False,False,0.0,0.0,0.5555555555555556,15.0,0.5570175438596491
WS/MP18019/2024-2025/137592,Assam,Diphu (ST),AMARSING TISSO,Normal/Others,"Construction of 3 Nos. Ringwell at Sar-et Senar village, @3.00 L x 3 Nos.",Physical Inspection,Completed,0.4990804234624709,True,medium,compliance,"R05,R06,R08","Completed work worth ₹899,821 has no verification photograph attached, which is a compliance gap. 96% of all payments (4.0 transactions) were directed to a single vendor, suggesting vendor monopolization (HHI=0.92). This work is marked as completed but still has 1 payment(s) in-progress, indicating a financial inconsistency.","Sanction: ₹900,000; Disbursed: ₹899,821; Cost ratio: 1.00; Sanction delay: 57d; Duration: 362d",0.19328193704182772,0.7000000000000001,0.4878855405771827,900000.0,899821.0,0.9998011111111111,899821.0,57,362.0,2024-08-29,2024-10-25,2025-10-22,0.9200422008383184,2.0,4.0,0.9582805913620598,False,True,True,0.0,0.0,0.5193032836530821,3.0,1.587719298245614
WS/MP345/2024-2025/134123,Kerala,KOLLAM,Shri NK Premachandran,Normal/Others,Construction of building for Kadamancode Tribal LP School in Kulathupuzha Grama Panchayat in  Punalur Constituency (ST),Physical Inspection,Completed,0.49872743303202755,True,medium,vendor,R09,"All ₹4,740,188 of expenditure was directed to a single vendor for this large project, raising concentration risk.","Sanction: ₹4,740,188; Disbursed: ₹4,740,188; Cost ratio: 1.00; Sanction delay: 25d; Duration: 109d",0.7487051921157662,0.5,0.3187175285802456,4740188.0,4740188.0,1.0,4740188.0,25,109.0,2024-07-25,2024-08-19,2024-12-06,1.0,1.0,2.0,1.0,True,False,False,0.0,0.0,0.6282761358832182,15.800626666666666,0.4780701754385965
WS/MP013/2024-2025/137611,Sikkim,SIKKIM,Indra Hang Subba,Normal/Others,Anti erosion work at Kayathang rumtek under Kayathang Rumtek,Work Completed,Completed,0.49842920473943975,True,medium,compliance,R05,"Completed work worth ₹1,499,841 has no verification photograph attached, which is a compliance gap.","Sanction: ₹1,500,000; Disbursed: ₹1,499,841; Cost ratio: 1.00; Sanction delay: 34d; Duration: 113d",0.33646680601204676,0.5,0.6123214378183658,1500000.0,1499841.0,0.999894,1499841.0,34,113.0,2024-08-30,2024-10-03,2025-01-24,0.5203308318459141,2.0,2.0,0.600823687310855,False,True,False,0.0,0.0,0.39917631268914505,5.0,0.4956140350877193
WS/MP761/2024-2025/146279,Telangana,NIZAMABAD,Arvind Dharmapuri,Normal/Others,Laying of CC Drains in Agriculture Market,Work Completed,Completed,0.49796946181609825,True,medium,temporal,R04,"This ₹498,000 work was completed in only 4 days, which is suspiciously fast for a project of this budget.","Sanction: ₹498,000; Disbursed: ₹445,245; Cost ratio: 0.89; Sanction delay: 7d; Duration: 4d",0.4422966192316733,0.75,0.24970087716622824,498000.0,445245.0,0.894066265060241,445245.0,7,4.0,2024-10-08,2024-10-15,2024-10-19,1.0,1.0,1.0,1.0,True,False,False,0.0,0.0,1.0,1.66,0.017543859649122806
WS/MP370/2025-2026/145373,Odisha,SUNDARGARH (ST),Shri Jual Oram,Normal/Others,"Installation Transformer near Banabasi Kalyan Ashram, Sundargarh",Work partially Completed,Ongoing,0.49792235499877835,True,medium,financial,R07,"1 out of 1.0 payments (100%) fall just below statutory thresholds, suggesting potential contract splitting.","Sanction: ₹998,256; Disbursed: ₹991,382; Cost ratio: 0.99; Sanction delay: 321d; Vendor HHI: 1.00",0.5288114558002754,0.75,0.1877699744248842,998256.0,991382.0,0.9931139907999551,,321,,2024-10-04,2025-08-21,,1.0,1.0,1.0,1.0,True,False,False,1.0,1.0,1.0,3.32752,
WS/MP863/2024-2025/143487,Karnataka,BANGALORE CENTRAL,P C Mohan,Normal/Others,"Installation of 15 Nos. Dell Optiplex 7400 A10 12th Gen Core i7-12700T/16GB/512GB SSD + 1TB/WIN 10 Pro/FHD 24''/3 years on-site warranty, 02 Nos. Dell Optiplex 3280 A10 10th Gen Intel Core i5-10500T/8GB/1TB/22'' FHD/WIN 10 Pro/3 years on-site warranty, 03 Nos. Dell Optiplex 5400 A10 12th Gen Intel Core i5-12500T/8GB/256GB SSD + 1TB/WIN 11 Pro/24''/3 years on-site warranty, 02 Nos. Canon Jumbo Xerox Machines, and 02 Nos. Canon Laser Jet Printers 2900B",Physical Inspection,Completed,0.497352674495526,True,medium,vendor,"R05,R09","Completed work worth ₹4,739,506 has no verification photograph attached, which is a compliance gap. All ₹4,739,506 of expenditure was directed to a single vendor for this large project, raising concentration risk.","Sanction: ₹4,739,506; Disbursed: ₹4,739,506; Cost ratio: 1.00; Sanction delay: 56d; Duration: 170d",0.7487032664325137,0.55,0.2576481653925644,4739506.0,4739506.0,1.0,4739506.0,56,170.0,2024-09-25,2024-11-20,2025-05-09,1.0,1.0,2.0,1.0,True,True,False,0.0,0.0,0.7384735877536605,15.798353333333333,0.7456140350877193
WS/MP710/2024-2025/146442,Puducherry,Puducherry,Vaithilingam Ve,Normal/Others,"Balance work of Construction of U drain at Annaitherasa Nagar, Murungapakkam, Puducherry",Physical Inspection,Completed,0.4973427490602678,True,medium,vendor,"R04,R09","This ₹1,720,000 work was completed in only 1 days, which is suspiciously fast for a project of this budget. All ₹1,716,890 of expenditure was directed to a single vendor for this large project, raising concentration risk.","Sanction: ₹1,720,000; Disbursed: ₹1,716,890; Cost ratio: 1.00; Sanction delay: 27d; Duration: 1d",0.6102162820322572,0.6875,0.19939622443486715,1720000.0,1716890.0,0.9981918604651163,1716890.0,27,1.0,2024-10-09,2024-11-05,2024-11-06,1.0,1.0,1.0,1.0,True,False,False,0.0,0.0,1.0,5.733333333333333,0.0043859649122807015
WS/MP761/2024-2025/146297,Telangana,NIZAMABAD,Arvind Dharmapuri,Normal/Others,Construction of Community hall in Yadava wada in Sattakkapally Village,Work Completed,Completed,0.4972003894282826,True,medium,temporal,R04,"This ₹300,000 work was completed in only 4 days, which is suspiciously fast for a project of this budget.","Sanction: ₹300,000; Disbursed: ₹268,203; Cost ratio: 0.89; Sanction delay: 7d; Duration: 4d",0.4424804025510709,0.75,0.2473722536871853,300000.0,268203.0,0.89401,268203.0,7,4.0,2024-10-08,2024-10-15,2024-10-19,1.0,1.0,1.0,1.0,True,False,False,0.0,0.0,1.0,1.0,0.017543859649122806
WS/MP761/2024-2025/146295,Telangana,NIZAMABAD,Arvind Dharmapuri,Normal/Others,Construction of Community hall in Mudiraj Jangiti wada,Work Completed,Completed,0.4972003894282826,True,medium,temporal,R04,"This ₹300,000 work was completed in only 4 days, which is suspiciously fast for a project of this budget.","Sanction: ₹300,000; Disbursed: ₹268,220; Cost ratio: 0.89; Sanction delay: 7d; Duration: 4d",0.4424804025510709,0.75,0.2473722536871853,300000.0,268220.0,0.8940666666666667,268220.0,7,4.0,2024-10-08,2024-10-15,2024-10-19,1.0,1.0,1.0,1.0,True,False,False,0.0,0.0,1.0,1.0,0.017543859649122806
WS/MP577/2025-2026/133563,Gujarat,DAHOD(ST),Jaswantsinh Sumanbhai Bhabhor,Normal/Others,chandawada game toranvali mahudi faliya ma c.c.road nu kam,Physical Inspection,Ongoing,0.4971005055565404,True,medium,financial,"R03,R07","Sanction was delayed by 447 days after recommendation, far exceeding the typical processing time. 1 out of 1.0 payments (100%) fall just below statutory thresholds, suggesting potential contract splitting.","Sanction: ₹245,697; Disbursed: ₹245,356; Cost ratio: 1.00; Sanction delay: 447d; Vendor HHI: 1.00",0.5925295055362978,0.6875,0.2113375119213312,245697.0,245356.0,0.9986121116659951,,447,,2024-07-17,2025-10-07,,1.0,1.0,1.0,1.0,True,False,False,1.0,1.0,1.0,0.81899,
WS/MP18161/2024-2025/138092,Rajasthan,BHARATPUR(SC),SANJNA JATAV,Normal/Others,Cement interlocking kharanja Nirman may nali Jagan ke Ghar se Hari ke Ghar ki or va Anya galiyan malaha work agency GP malaha,Work Completed,Completed,0.4968234583016472,True,medium,financial,R10,"90% of total funds were disbursed in the first payment, despite having 2.0 total payments, indicating excessive upfront payment.","Sanction: ₹500,000; Disbursed: ₹499,205; Cost ratio: 1.00; Sanction delay: 102d; Duration: 428d",0.4219061658520658,0.75,0.26099119096751633,500000.0,499205.0,0.99841,499205.0,102,428.0,2024-09-01,2024-12-12,2026-02-13,1.0,1.0,2.0,1.0,True,False,False,1.0,0.5,0.9030218046694244,1.6666666666666667,1.8771929824561404
WS/MP18390/2024-2025/146104,Uttar Pradesh,GHAZIPUR,AFZAL ANSARI,Normal/Others,"Installation of High Mask Light at: 1)	Shri Mahant Ram Baran Das Doctor College, Bhudkuda, Ghazipur Ground 2)	Jakhaniya Bazaar Trimuhani 3)	Alipur Mandra, Dhubiyya chatti 4)	Shri Khatiya Baba Math, Padumpur, Ramraj, Jakhaniya 5)	Village Sikhdi, at Khatiya Baba's Pokhra Mandir 6)	At Dr. B.R. Ambedkar Memorial, Malikpura, near Harijan Basti 7)	Sant Nirankari Bhawan, Faulaadpur, in Bahariyabad 8)	Shiv Mandir Chowraha, Chak Fareed, Bahariyabad 9)	Jalalabad Sultanpur",Physical Inspection,Completed,0.496468864748148,True,medium,vendor,R09,"All ₹1,596,608 of expenditure was directed to a single vendor for this large project, raising concentration risk.","Sanction: ₹1,602,000; Disbursed: ₹1,596,608; Cost ratio: 1.00; Sanction delay: 161d; Duration: 286d",0.5940108863352593,0.5,0.4227604090409518,1602000.0,1596608.0,0.9966342072409489,1601708.0,161,286.0,2024-10-08,2025-03-18,2025-12-29,1.0,1.0,3.0,1.0,True,False,False,0.0,0.0,0.756717365815529,5.34,1.2543859649122806
WS/MP18390/2024-2025/146106,Uttar Pradesh,GHAZIPUR,AFZAL ANSARI,Normal/Others,"Installation of High Mask Light at: 1)	Village Hariharpur, Block Birno, Jhujharpur 2)	Village Maanpur, Block Birno 3)	Village Ranipur, Block Mardah 4)	Village Naseeruddinpur, Block Mardah 5)	Village Vidhapara, Block Sadar, Chak Hussain Bazaar 6)	Village Aaripur, Kushwaha Basti 7)	Village Baeranpur, Block Zamaniya 8)	Village Tadighaat Railway Station, Block Rewatipur 9)	Village Daarpur, Block Sadar",Physical Inspection,Completed,0.496468864748148,True,medium,vendor,R09,"All ₹1,596,608 of expenditure was directed to a single vendor for this large project, raising concentration risk.","Sanction: ₹1,602,000; Disbursed: ₹1,596,608; Cost ratio: 1.00; Sanction delay: 161d; Duration: 286d",0.5940108863352593,0.5,0.4227604090409518,1602000.0,1596608.0,0.9966342072409489,1601708.0,161,286.0,2024-10-08,2025-03-18,2025-12-29,1.0,1.0,3.0,1.0,True,False,False,0.0,0.0,0.756717365815529,5.34,1.2543859649122806
WS/MP18095/2025-2026/147276,Kerala,ALAPPUZHA,K. C VENUGOPAL,Normal/Others,"Purchase of School Bus for VRVM GHSS, Vayalar",Physical Inspection,Completed,0.49634452687561814,True,medium,temporal,R03,"Sanction was delayed by 384 days after recommendation, far exceeding the typical processing time.","Sanction: ₹1,791,636; Disbursed: ₹1,791,636; Cost ratio: 1.00; Sanction delay: 384d; Duration: 72d",0.4414552456585705,0.5,0.5313734727456443,1791636.0,1791636.0,1.0,1791636.0,384,72.0,2024-10-22,2025-11-10,2026-01-21,0.9400735433906893,2.0,2.0,0.9690807731034652,False,False,False,0.0,0.0,0.03091922689653479,5.97212,0.3157894736842105
WS/MP18152/2024-2025/141888,Punjab,FARIDKOT(SC),SARABJEET SINGH KHALSA,Normal/Others,Construction of community centers and community halls,Vendor Identification,Ongoing,0.49628640907329236,True,medium,statistical,,This work shows unusual patterns across multiple financial and operational metrics compared to similar works.,"Sanction: ₹2,000,000; Disbursed: ₹1,977,431; Cost ratio: 0.99; Sanction delay: 74d; Vendor HHI: 0.31",0.6515329283576817,0.0,0.9525805056682055,2000000.0,1977431.0,0.9887155,,74,,2024-09-20,2024-12-03,,0.31203912689640023,6.0,19.0,0.5082351798874398,False,False,False,1.0,0.05263157894736842,0.01939384989918738,6.666666666666667,
WS/MP761/2024-2025/144996,Telangana,NIZAMABAD,Arvind Dharmapuri,Normal/Others,Construction of Artisan Shed near Yellamma Temple,Physical Inspection,Completed,0.49567004848634755,True,medium,temporal,R04,"This ₹400,000 work was completed in only 0 days, which is suspiciously fast for a project of this budget.","Sanction: ₹400,000; Disbursed: ₹363,244; Cost ratio: 0.91; Sanction delay: 6d; Vendor HHI: 1.00",0.4425088381854135,0.75,0.2429795398285547,400000.0,363244.0,0.90811,363244.0,6,0.0,2024-10-01,2024-10-07,2024-10-07,1.0,1.0,1.0,1.0,True,False,False,0.0,0.0,1.0,1.3333333333333333,0.0
WS/MP18278/2025-2026/141850,Chhattisgarh,JANJGIR CHAMPA(SC),KAMLESH JANGDE,Normal/Others,GRAM ADBHAR ME (MUKTIDHAM NIRMARAN),Vendor Identification,Ongoing,0.4954107016404455,True,medium,temporal,R03,"Sanction was delayed by 504 days after recommendation, far exceeding the typical processing time.","Sanction: ₹250,000; Disbursed: ₹187,500; Cost ratio: 0.75; Sanction delay: 504d; Vendor HHI: 1.00",0.6419737159253212,0.5,0.3854779218831863,250000.0,187500.0,0.75,,504,,2024-09-19,2026-02-05,,1.0,1.0,1.0,1.0,True,False,False,0.0,0.0,1.0,0.8333333333333334,
WS/MP18023/2024-2025/140680,Assam,GUWAHATI,BIJULI KALITA MEDHI,Normal/Others,"Construction of road from Harimura bazar to Bijay Hajong house at Patalpur, Matia",Physical Inspection,Completed,0.4954044673792794,True,medium,vendor,"R05,R09","Completed work worth ₹2,500,000 has no verification photograph attached, which is a compliance gap. All ₹2,500,000 of expenditure was directed to a single vendor for this large project, raising concentration risk.","Sanction: ₹2,500,000; Disbursed: ₹2,500,000; Cost ratio: 1.00; Sanction delay: 159d; Duration: 432d",0.6452028272589343,0.55,0.3260107444701309,2500000.0,2500000.0,1.0,2500000.0,159,432.0,2024-09-13,2025-02-19,2026-04-27,1.0,1.0,2.0,1.0,True,True,False,0.0,0.0,0.6,8.333333333333334,1.894736842105263
WS/MP747/2025-2026/141752,Tamil Nadu,VIRUDHUNAGAR,Manickam Tagore B,Normal/Others,Construction of Drama stage in Keelanmarainadu village and Panchayat,Physical Inspection,Completed,0.49461418378040695,True,medium,temporal,"R03,R04,R07","Sanction was delayed by 420 days after recommendation, far exceeding the typical processing time. This ₹998,818 work was completed in only 5 days, which is suspiciously fast for a project of this budget. 1 out of 1.0 payments (100%) fall just below statutory thresholds, suggesting potential contract splitting.","Sanction: ₹998,818; Disbursed: ₹998,818; Cost ratio: 1.00; Sanction delay: 420d; Duration: 5d",0.3073522923953096,0.7999999999999999,0.27936031623308444,998818.0,998818.0,1.0,998818.0,420,5.0,2024-09-25,2025-11-19,2025-11-24,1.0,1.0,1.0,1.0,True,False,False,1.0,1.0,1.0,3.3293933333333334,0.021929824561403508
WS/MP18161/2024-2025/138055,Rajasthan,BHARATPUR(SC),SANJNA JATAV,Normal/Others,CC interlocking sadak Nirman karya harchandi ve madan jatav ke Makan se Amar Singh v jal Singh wali gali hote hue Ravindra sarpanch ke Makan ki taraf gram lathki,Physical Inspection,Completed,0.49399691896823805,True,medium,financial,R10,"100% of total funds were disbursed in the first payment, despite having 3.0 total payments, indicating excessive upfront payment.","Sanction: ₹986,008; Disbursed: ₹986,008; Cost ratio: 1.00; Sanction delay: 93d; Duration: 336d",0.20661363837977847,0.75,0.4066957410665525,986008.0,986008.0,1.0,986008.0,93,336.0,2024-08-31,2024-12-02,2025-11-03,0.9979736760564908,2.0,3.0,0.9989858094457651,False,False,False,1.0,0.3333333333333333,0.9979716188915303,3.2866933333333335,1.4736842105263157
WS/MP18019/2024-2025/137591,Assam,Diphu (ST),AMARSING TISSO,Normal/Others,Construction of waiting shed at Minbung under Singhason MAC Constituency,Physical Inspection,Completed,0.4935220746977238,True,medium,compliance,R05,"Completed work worth ₹999,363 has no verification photograph attached, which is a compliance gap.","Sanction: ₹1,000,000; Disbursed: ₹999,363; Cost ratio: 1.00; Sanction delay: 76d; Duration: 392d",0.2979111974243936,0.5,0.6258407866903584,1000000.0,999363.0,0.999363,999363.0,76,392.0,2024-08-29,2024-11-13,2025-12-10,0.5927320055277692,2.0,4.0,0.7153276637217908,False,True,False,0.0,0.0,0.1674276514139507,3.3333333333333335,1.719298245614035
WS/MP743/2025-2026/142803,Tamil Nadu,KANCHEEPURAM(SC),Ganesan Selvam,Normal/Others,"Construction of Drama Stage at Govt., Higher Secondary School at Achirupakkam.",Physical Inspection,Completed,0.49341085253814965,True,medium,temporal,"R03,R05","Sanction was delayed by 470 days after recommendation, far exceeding the typical processing time. Completed work worth ₹891,821 has no verification photograph attached, which is a compliance gap.","Sanction: ₹900,000; Disbursed: ₹891,821; Cost ratio: 0.99; Sanction delay: 470d; Duration: 7d",0.6233612713642938,0.55,0.3359158134202176,900000.0,891821.0,0.9909122222222222,891821.0,470,7.0,2024-09-23,2026-01-06,2026-01-13,1.0,1.0,1.0,1.0,True,True,False,0.0,0.0,1.0,3.0,0.03070175438596491
WS/MP761/2024-2025/146265,Telangana,NIZAMABAD,Arvind Dharmapuri,Normal/Others,Construction of compound wall ZPHS Gundampally,Work Completed,Completed,0.49311402210857286,True,medium,temporal,R04,"This ₹400,000 work was completed in only 1 days, which is suspiciously fast for a project of this budget.","Sanction: ₹400,000; Disbursed: ₹357,627; Cost ratio: 0.89; Sanction delay: 17d; Duration: 1d",0.4374373526802667,0.75,0.23929909696716045,400000.0,357627.0,0.8940675,357627.0,17,1.0,2024-10-08,2024-10-25,2024-10-26,1.0,1.0,1.0,1.0,True,False,False,0.0,0.0,1.0,1.3333333333333333,0.0043859649122807015
WS/MP18272/2024-2025/143420,West Bengal,JHARGRAM(ST),KALIPADA SAREN,Normal/Others,Construction of Boundary wall of Bandwan Mahavidyalaya at Chilla under Bandwan Block.,Physical Inspection,Completed,0.49265553089831715,True,medium,vendor,R09,"All ₹2,988,593 of expenditure was directed to a single vendor for this large project, raising concentration risk.","Sanction: ₹2,988,593; Disbursed: ₹2,988,593; Cost ratio: 1.00; Sanction delay: 149d; Duration: 516d",0.708208137250225,0.5,0.3302957045307453,2988593.0,2988593.0,1.0,2988593.0,149,516.0,2024-09-25,2025-02-21,2026-07-22,1.0,1.0,1.0,1.0,True,False,False,0.0,0.0,1.0,9.961976666666667,2.263157894736842
WS/MP18217/2024-2025/136140,Uttar Pradesh,FIROZABAD,AKSHAYA YADAV,Normal/Others,from anwara majra nagla chhainkur hanuman tample to railway underpass interlocking road and drainage system  developement lenght 400 meters by 7 meter,Physical Inspection,Completed,0.491822641986848,True,medium,vendor,R09,"All ₹9,511,630 of expenditure was directed to a single vendor for this large project, raising concentration risk.","Sanction: ₹9,511,630; Disbursed: ₹9,511,630; Cost ratio: 1.00; Sanction delay: 61d; Duration: 154d",0.7503119502796248,0.5,0.2978418697626908,9511630.0,9511630.0,1.0,9511630.0,61,154.0,2024-08-17,2024-10-17,2025-03-20,1.0,1.0,2.0,1.0,True,False,False,0.0,0.0,0.750175206562913,31.705433333333332,0.6754385964912281
WS/MP386/2024-2025/142432,Rajasthan,NAGAUR,Shri Hanuman Beniwal,Normal/Others,Construction of One Class Room in Govt.Primary School Gujro ki dhani (Dhangdo ki ) in Village Rol Chandawta,Physical Inspection,Completed,0.49178108255399794,True,medium,compliance,R05,"Completed work worth ₹699,880 has no verification photograph attached, which is a compliance gap.","Sanction: ₹699,880; Disbursed: ₹699,880; Cost ratio: 1.00; Sanction delay: 76d; Duration: 17d",0.308420037801222,0.5,0.6133602088676926,699880.0,699880.0,1.0,699880.0,76,17.0,2024-09-21,2024-12-06,2024-12-23,0.594672301125118,2.0,3.0,0.7175687260673258,False,True,False,0.0,0.0,0.130802423272561,2.3329333333333335,0.07456140350877193
WS/MP18353/2024-2025/138639,West Bengal,HOOGHLY,RACHNA BANERJEE,Normal/Others,Seating Arregment at the premises of Dhanikhali State General Hospital,Work partially Completed,Ongoing,0.4917217625674288,True,medium,vendor,R09,"All ₹3,087,958 of expenditure was directed to a single vendor for this large project, raising concentration risk.","Sanction: ₹3,093,826; Disbursed: ₹3,087,958; Cost ratio: 1.00; Sanction delay: 93d; Vendor HHI: 1.00",0.7289226655690344,0.5,0.3128317033576291,3093826.0,3087958.0,0.9981033193204789,,93,,2024-09-03,2024-12-05,,1.0,1.0,2.0,1.0,True,False,False,0.0,0.0,0.5275955825824056,10.312753333333333,
WS/MP243/2025-2026/141109,West Bengal,BARASAT,Kakoli Ghosh Dastidar,Normal/Others,200 solar light,Physical Inspection,Completed,0.49159622433858,True,medium,vendor,R09,"All ₹6,803,986 of expenditure was directed to a single vendor for this large project, raising concentration risk.","Sanction: ₹6,803,986; Disbursed: ₹6,803,986; Cost ratio: 1.00; Sanction delay: 283d; Duration: 138d",0.7499589127828346,0.5,0.2974471318367754,6803986.0,6803986.0,1.0,6803986.0,283,138.0,2024-09-15,2025-06-25,2025-11-10,1.0,1.0,1.0,1.0,True,False,False,0.0,0.0,1.0,22.679953333333334,0.6052631578947368
WS/MP858/2024-2025/141387,West Bengal,BOLPUR(SC),Asit Kumar Mal,Normal/Others,"Construction of CC Road from Ejahar sekh house to kochan sk house at Simulia-1 GP ,Executing Agency will be EO Mongalkote Panchayat Samity.",Work Completed,Completed,0.49154427054186345,True,medium,financial,R07,"1 out of 1.0 payments (100%) fall just below statutory thresholds, suggesting potential contract splitting.","Sanction: ₹1,020,000; Disbursed: ₹979,687; Cost ratio: 0.96; Sanction delay: 98d; Duration: 352d",0.49806901218063815,0.75,0.19150576427629673,1020000.0,979687.0,0.9604774509803922,979687.0,98,352.0,2024-09-16,2024-12-23,2025-12-10,1.0,1.0,1.0,1.0,True,False,False,1.0,1.0,1.0,3.4,1.543859649122807
WS/MP18095/2025-2026/141963,Kerala,ALAPPUZHA,K. C VENUGOPAL,Normal/Others,"Maths – Computer Lab Furnishing for Govt. Girls HSS, Cherthala     1) MDF Table for Teacher with one draw and one cupboard 120cmx60cmx75cm – 1 No.     2) Lap Top Table for student with side partition (8 seating) 880cmx50cmx75cm with one draw with Lock in each seat – 1 No.     3) Lap Top Table for student with side partition (7 seating) 560cmx50cmx75cm with one draw with Lock in each seat – 1 No.     4) Lap Top Table for student 560cmx110cmx75cm (14 seating) with central & side partition, etc",Physical Inspection,Completed,0.49124274639111315,True,medium,temporal,"R03,R04,R07","Sanction was delayed by 433 days after recommendation, far exceeding the typical processing time. This ₹499,776 work was completed in only 0 days, which is suspiciously fast for a project of this budget. 1 out of 1.0 payments (100%) fall just below statutory thresholds, suggesting potential contract splitting.","Sanction: ₹499,776; Disbursed: ₹499,776; Cost ratio: 1.00; Sanction delay: 433d; Vendor HHI: 1.00",0.31541246471873774,0.7999999999999999,0.2639703720326535,499776.0,499776.0,1.0,499776.0,433,0.0,2024-09-20,2025-11-27,2025-11-27,1.0,1.0,1.0,1.0,True,False,False,1.0,1.0,1.0,1.66592,0.0
WS/MP18006/2024-2025/141506,Andhra Pradesh,CHITTOOR,DAGGUMALLA PRASADA RAO,Normal/Others,"Improvements to Govt. SW Girls Hostel, Opposite OLL School of Palamaner Town of Palamaner Constituency.",Work partially Completed,Ongoing,0.49085311152313094,True,medium,vendor,R09,"All ₹1,900,917 of expenditure was directed to a single vendor for this large project, raising concentration risk.","Sanction: ₹2,000,000; Disbursed: ₹1,900,917; Cost ratio: 0.95; Sanction delay: 7d; Vendor HHI: 1.00",0.6515329283576817,0.5,0.36562822695345853,2000000.0,1900917.0,0.9504585,,7,,2024-09-18,2024-09-25,,1.0,1.0,2.0,1.0,True,False,False,0.0,0.0,0.4153053499968699,6.666666666666667,
WS/MP18006/2024-2025/146761,Andhra Pradesh,CHITTOOR,DAGGUMALLA PRASADA RAO,Normal/Others,Construction of CC Roads from Thirupathur BT Road to Burrial Ground in Ponnanguru of Mallanuru GP of Kuppam Mandal.,Work partially Completed,Ongoing,0.4903854168381911,True,medium,financial,R10,"90% of total funds were disbursed in the first payment, despite having 2.0 total payments, indicating excessive upfront payment.","Sanction: ₹500,000; Disbursed: ₹493,796; Cost ratio: 0.99; Sanction delay: 22d; Vendor HHI: 1.00",0.4354565345044389,0.75,0.23291795203451815,500000.0,493796.0,0.987592,,22,,2024-10-11,2024-11-02,,1.0,1.0,2.0,1.0,True,False,False,0.0,0.0,0.9047764663950295,1.6666666666666667,
WS/MP18095/2025-2026/147277,Kerala,ALAPPUZHA,K. C VENUGOPAL,Normal/Others,"Purchase of five computers / laptops for Vadikad Town LPS, Alappuzha",Physical Inspection,Completed,0.4901909020327799,True,medium,temporal,R03,"Sanction was delayed by 471 days after recommendation, far exceeding the typical processing time.","Sanction: ₹200,000; Disbursed: ₹181,000; Cost ratio: 0.91; Sanction delay: 471d; Duration: 49d",0.623932878109765,0.5,0.38345052144382463,200000.0,181000.0,0.905,181000.0,471,49.0,2024-10-22,2026-02-05,2026-03-26,1.0,1.0,1.0,1.0,True,False,False,0.0,0.0,1.0,0.6666666666666666,0.2149122807017544
WS/MP541/2025-2026/147184,Assam,NOWGONG,Pradyut Bordoloi,Normal/Others,"Construction of Community Hall at 5 no Gagamukh near Durani Masjid. Bhurbandha,G.P Laukhowa Block",Vendor Identification,Ongoing,0.4898611739750716,True,medium,temporal,R03,"Sanction was delayed by 477 days after recommendation, far exceeding the typical processing time.","Sanction: ₹200,000; Disbursed: ₹150,240; Cost ratio: 0.75; Sanction delay: 477d; Vendor HHI: 1.00",0.6273329587255674,0.5,0.3800798122676565,200000.0,150240.0,0.7512,,477,,2024-10-14,2026-02-03,,1.0,1.0,1.0,1.0,True,False,False,0.0,0.0,1.0,0.6666666666666666,
WS/MP18065/2025-2026/135231,Haryana,ROHTAK,DEEPENDER SINGH HOODA,Normal/Others,Construction of Boundary Wall at Rashi Wala Community Centre,Work Completed,Completed,0.4889346301534807,True,medium,financial,"R03,R07","Sanction was delayed by 584 days after recommendation, far exceeding the typical processing time. 1 out of 1.0 payments (100%) fall just below statutory thresholds, suggesting potential contract splitting.","Sanction: ₹500,000; Disbursed: ₹499,894; Cost ratio: 1.00; Sanction delay: 584d; Duration: 60d",0.3925162200751019,0.6875,0.3308730718134435,500000.0,499894.0,0.999788,499894.0,584,60.0,2024-08-09,2026-03-16,2026-05-15,1.0,1.0,1.0,1.0,True,False,False,1.0,1.0,1.0,1.6666666666666667,0.2631578947368421
WS/MP18323/2026-2027/144120,Maharashtra,LATUR(SC),DR KALGE SHIVAJI BANDAPPA,Normal/Others,"Construction of  Community centre /Hall in Municipal Corporation / Govt owned open space in front of Rudra Hanuman temple at ward No.02, Rudreshwar Nagar ( E), Latur Municipal Corporation",Physical Inspection,Ongoing,0.48881984272306506,True,medium,vendor,"R03,R09","Sanction was delayed by 602 days after recommendation, far exceeding the typical processing time. All ₹1,991,059 of expenditure was directed to a single vendor for this large project, raising concentration risk.","Sanction: ₹1,991,059; Disbursed: ₹1,991,059; Cost ratio: 1.00; Sanction delay: 602d; Vendor HHI: 1.00",0.5456563955698603,0.55,0.3783021252302856,1991059.0,1991059.0,1.0,,602,,2024-09-27,2026-05-22,,1.0,1.0,1.0,1.0,True,False,False,0.0,0.0,1.0,6.636863333333333,
WS/MP18307/2025-2026/143611,Maharashtra,MUMBAI NORTH,Piyush Vedprakash Goyal,Normal/Others,"Ward 21 - Beautification work at  Dahanukarwadi Junction, Charkop Kandivali (West)",Work partially Completed,Ongoing,0.48881422562451426,True,medium,vendor,"R03,R09","Sanction was delayed by 492 days after recommendation, far exceeding the typical processing time. All ₹1,485,428 of expenditure was directed to a single vendor for this large project, raising concentration risk.","Sanction: ₹1,500,000; Disbursed: ₹1,485,428; Cost ratio: 0.99; Sanction delay: 492d; Vendor HHI: 1.00",0.6356036856824351,0.55,0.31403801201115844,1500000.0,1485428.0,0.9902853333333334,,492,,2024-09-25,2026-01-30,,1.0,1.0,1.0,1.0,True,False,False,0.0,0.0,1.0,5.0,
WS/MP18323/2026-2027/144111,Maharashtra,LATUR(SC),DR KALGE SHIVAJI BANDAPPA,Normal/Others,"Construction of  Community centre  Hall in Gram Panchayat / Govt owned open space at  Kharola,  Ta.Renapur",Physical Inspection,Ongoing,0.48845362394508185,True,medium,financial,"R03,R07","Sanction was delayed by 602 days after recommendation, far exceeding the typical processing time. 1 out of 1.0 payments (100%) fall just below statutory thresholds, suggesting potential contract splitting.","Sanction: ₹998,705; Disbursed: ₹998,705; Cost ratio: 1.00; Sanction delay: 602d; Vendor HHI: 1.00",0.39930243363049767,0.6875,0.32465147296416397,998705.0,998705.0,1.0,,602,,2024-09-27,2026-05-22,,1.0,1.0,1.0,1.0,True,False,False,1.0,1.0,1.0,3.3290166666666665,
WS/MP745/2025-2026/141431,Tamil Nadu,TIRUPPUR,K Subbarayan,Normal/Others,"perumaanallur,podarampalaiyam, costraction of tailet and bath rooms at tiruppur panchayat",Physical Inspection,Completed,0.4877814275657085,True,medium,temporal,"R03,R04,R05,R07","Sanction was delayed by 393 days after recommendation, far exceeding the typical processing time. This ₹999,902 work was completed in only 1 days, which is suspiciously fast for a project of this budget. Completed work worth ₹999,902 has no verification photograph attached, which is a compliance gap.","Sanction: ₹999,902; Disbursed: ₹999,902; Cost ratio: 1.00; Sanction delay: 393d; Duration: 1d",0.29004280193639154,0.8125,0.2579163630903162,999902.0,999902.0,1.0,999902.0,393,1.0,2024-09-17,2025-10-15,2025-10-16,1.0,1.0,1.0,1.0,True,True,False,1.0,1.0,1.0,3.3330066666666665,0.0043859649122807015
WS/MP313/2024-2025/140979,Arunachal Pradesh,ARUNACHAL EAST,Shri Tapir Gao,Normal/Others,C/o Culvert at Mirem Yober cultivation field in East Siang District,Work Completed,Completed,0.48725094358272436,True,medium,compliance,R05,"Completed work worth ₹1,000,000 has no verification photograph attached, which is a compliance gap.","Sanction: ₹1,000,000; Disbursed: ₹1,000,000; Cost ratio: 1.00; Sanction delay: 156d; Duration: 8d",0.2665440846933825,0.5,0.6303283497410821,1000000.0,1000000.0,1.0,1000000.0,156,8.0,2024-09-15,2025-02-18,2025-02-26,0.7449999999999999,2.0,3.0,0.85,False,True,False,0.0,0.0,0.15,3.3333333333333335,0.03508771929824561
WS/MP18247/2024-2025/145106,West Bengal,BANKURA,ARUP CHAKRABORTY,Normal/Others,"Installation of 9 nos. of solar high mast lights at different places of Brajarajpur and Gourbazar Gram Panchayat area under Indpur Block, District - Bankura",Physical Inspection,Completed,0.48702557563755144,True,medium,vendor,R09,"All ₹2,579,844 of expenditure was directed to a single vendor for this large project, raising concentration risk.","Sanction: ₹2,579,844; Disbursed: ₹2,579,844; Cost ratio: 1.00; Sanction delay: 69d; Duration: 617d",0.6593344043059228,0.5,0.349119927317345,2579844.0,2579844.0,1.0,2579844.0,69,617.0,2024-10-02,2024-12-10,2026-08-19,1.0,1.0,1.0,1.0,True,False,False,0.0,0.0,1.0,8.59948,2.706140350877193
WS/MP740/2026-2027/140339,Tamil Nadu,NILGIRIS(SC),Andimuthu Raja,Normal/Others,Construction of 30000 Litres capacity OHT 12M Stage at Alagepalayam AD Colony at Kuppanur Panchayat,Physical Inspection,Completed,0.48689835670797693,True,medium,vendor,"R03,R09","Sanction was delayed by 672 days after recommendation, far exceeding the typical processing time. All ₹1,399,943 of expenditure was directed to a single vendor for this large project, raising concentration risk.","Sanction: ₹1,399,943; Disbursed: ₹1,399,943; Cost ratio: 1.00; Sanction delay: 672d; Duration: 35d",0.44818669591697746,0.55,0.4424333792249502,1399943.0,1399943.0,1.0,1399943.0,672,35.0,2024-09-11,2026-07-15,2026-08-19,1.0,1.0,1.0,1.0,True,False,False,0.0,0.0,1.0,4.666476666666667,0.15350877192982457
WS/MP18241/2024-2025/145275,Uttar Pradesh,SITAPUR,RAKESH RATHOR,Normal/Others,KARIYAMAU K PIPRI MAI AASHARAM K MAKAN SE DURJANLAL K MAKAN TAK 151.50 METER INTERLOCKIN WA NALI NIRMAN KARYA.,Physical Inspection,Completed,0.4858990485619331,True,medium,vendor,"R05,R09","Completed work worth ₹1,795,952 has no verification photograph attached, which is a compliance gap. All ₹1,795,952 of expenditure was directed to a single vendor for this large project, raising concentration risk.","Sanction: ₹1,795,952; Disbursed: ₹1,795,952; Cost ratio: 1.00; Sanction delay: 92d; Duration: 374d",0.44300940083128176,0.55,0.44327628101175043,1795952.0,1795952.0,1.0,1795952.0,92,374.0,2024-10-03,2025-01-03,2026-01-12,1.0,1.0,3.0,1.0,True,True,False,0.0,0.0,0.5999091289744938,5.986506666666667,1.6403508771929824
WS/MP18308/2025-2026/145425,Maharashtra,MUMBAI NORTH WEST,RAVINDRA DATTARAM WAIKAR,Normal/Others,"Construction of 14 seated Toilet block at Shri Hanuman Tekadi Seva Mandal, Shankar Desai Chawl, Tanaji Nagar, Malad (E)",Work partially Completed,Ongoing,0.4855773168976345,True,medium,vendor,"R03,R09","Sanction was delayed by 533 days after recommendation, far exceeding the typical processing time. All ₹2,098,407 of expenditure was directed to a single vendor for this large project, raising concentration risk.","Sanction: ₹2,100,000; Disbursed: ₹2,098,407; Cost ratio: 1.00; Sanction delay: 533d; Vendor HHI: 1.00",0.545848086805388,0.55,0.36890084341796436,2100000.0,2098407.0,0.9992414285714286,,533,,2024-10-08,2026-03-25,,1.0,1.0,1.0,1.0,True,False,False,0.0,0.0,1.0,7.0,
WS/MP494/2024-2025/137215,Uttar Pradesh,AGRA(SC),Prof SP Singh Baghel,Normal/Others,CC WORK IN TEDI BAGIYA RADHA NAGAR COLONY JD FARM HOUSE TO DEVENDRA BAGHEL HOUSE,Physical Inspection,Completed,0.4855450758045984,True,medium,vendor,R09,"All ₹2,794,931 of expenditure was directed to a single vendor for this large project, raising concentration risk.","Sanction: ₹2,794,931; Disbursed: ₹2,794,931; Cost ratio: 1.00; Sanction delay: 32d; Duration: 480d",0.6893648967253615,0.5,0.32343957606645135,2794931.0,2794931.0,1.0,2794931.0,32,480.0,2024-08-27,2024-09-28,2026-01-21,1.0,1.0,2.0,1.0,True,False,False,0.0,0.0,0.7503469674206626,9.316436666666666,2.1052631578947367
WS/MP18250/2026-2027/139022,West Bengal,BASIRHAT,SK NURUL ISLAM,Normal/Others,"Installation of 14 nos. Arsenic Free Water Tank, Street Light, etc at different places under Hingalganj Block (SL.No. 19 to 32)",Sanction,To Be Implemented,0.48517795407608244,True,medium,temporal,R03,"Sanction was delayed by 671 days after recommendation, far exceeding the typical processing time.","Sanction: ₹2,765,000; Sanction delay: 671d; Vendor HHI: 1.00",0.6847866995006973,0.5,0.3256607977168803,2765000.0,,,,671,,2024-09-05,2026-07-08,,1.0,,,1.0,False,False,False,,,,9.216666666666667,
WS/MP443/2024-2025/138722,Madhya Pradesh,RAJGARH,Rodmal Nagar,Normal/Others,General workshed with toilets (40×30feet),Work Completed,Completed,0.48455592177715945,True,medium,vendor,R09,"All ₹1,400,153 of expenditure was directed to a single vendor for this large project, raising concentration risk.","Sanction: ₹1,443,000; Disbursed: ₹1,400,153; Cost ratio: 0.97; Sanction delay: 67d; Duration: 471d",0.5678609063170243,0.5,0.4074019862797239,1443000.0,1400153.0,0.9703069993069993,1400153.0,67,471.0,2024-09-03,2024-11-09,2026-02-23,1.0,1.0,2.0,1.0,True,False,False,0.0,0.0,0.49994536311388826,4.81,2.0657894736842106
WS/MP443/2024-2025/138724,Madhya Pradesh,RAJGARH,Rodmal Nagar,Normal/Others,General workshed (40×30feet),Work Completed,Completed,0.48453608342826615,True,medium,vendor,R09,"All ₹1,386,077 of expenditure was directed to a single vendor for this large project, raising concentration risk.","Sanction: ₹1,443,000; Disbursed: ₹1,386,077; Cost ratio: 0.96; Sanction delay: 67d; Duration: 471d",0.5678609063170243,0.5,0.4073453052828858,1443000.0,1386077.0,0.9605523215523215,1386077.0,67,471.0,2024-09-03,2024-11-09,2026-02-23,1.0,1.0,2.0,1.0,True,False,False,0.0,0.0,0.5050224482478246,4.81,2.0657894736842106
WS/MP761/2025-2026/146645,Telangana,NIZAMABAD,Arvind Dharmapuri,Normal/Others,"Construction of Community hall near Mudiraj wada , Ibrahimpatnam",Work Completed,Completed,0.4844954495074246,True,medium,temporal,R03,"Sanction was delayed by 433 days after recommendation, far exceeding the typical processing time.","Sanction: ₹250,000; Disbursed: ₹223,517; Cost ratio: 0.89; Sanction delay: 433d; Duration: 21d",0.6017473147059106,0.5,0.38302463094556294,250000.0,223517.0,0.894068,223517.0,433,21.0,2024-10-10,2025-12-17,2026-01-07,1.0,1.0,1.0,1.0,True,False,False,0.0,0.0,1.0,0.8333333333333334,0.09210526315789473
WS/MP761/2025-2026/146633,Telangana,NIZAMABAD,Arvind Dharmapuri,Normal/Others,"Construction of Community hall near Mudiraj wada , Ibrahimpatnam",Work Completed,Completed,0.4844954495074246,True,medium,temporal,R03,"Sanction was delayed by 433 days after recommendation, far exceeding the typical processing time.","Sanction: ₹250,000; Disbursed: ₹223,517; Cost ratio: 0.89; Sanction delay: 433d; Duration: 21d",0.6017473147059106,0.5,0.38302463094556294,250000.0,223517.0,0.894068,223517.0,433,21.0,2024-10-10,2025-12-17,2026-01-07,1.0,1.0,1.0,1.0,True,False,False,0.0,0.0,1.0,0.8333333333333334,0.09210526315789473
WS/MP18228/2024-2025/140103,Uttar Pradesh,MACHHLISHAHR(SC),PRIYA SAROJ,Normal/Others,GRAM PANCHAYAT LAHANGPUR (ATAHANU) BLOCK JALALPUR ME PREM PRAKASH K GHAR SE BAHADUR RAJBHAR K GHAR HOTE HUYE VARANASI BORDER TAK SOLING K UPPER C C ROAD 780 METTERS,Physical Inspection,Completed,0.4841690743473456,True,medium,vendor,R09,"All ₹3,646,225 of expenditure was directed to a single vendor for this large project, raising concentration risk.","Sanction: ₹3,646,225; Disbursed: ₹3,646,225; Cost ratio: 1.00; Sanction delay: 22d; Duration: 174d",0.7380721668126327,0.5,0.2847172361262498,3646225.0,3646225.0,1.0,3646225.0,22,174.0,2024-09-09,2024-10-01,2025-03-24,1.0,1.0,2.0,1.0,True,False,False,0.0,0.0,0.6938024943606058,12.154083333333332,0.7631578947368421
WS/MP317/2024-2025/144904,Bihar,VAISHALI,Smt Veena Devi,Normal/Others,puchase book of diffrent school library,Physical Inspection,Completed,0.4839746790860968,True,medium,vendor,R09,"All ₹5,000,000 of expenditure was directed to a single vendor for this large project, raising concentration risk.","Sanction: ₹5,000,000; Disbursed: ₹5,000,000; Cost ratio: 1.00; Sanction delay: 6d; Duration: 30d",0.7490298497625341,0.5,0.2763349047013237,5000000.0,5000000.0,1.0,5000000.0,6,30.0,2024-10-01,2024-10-07,2024-11-06,1.0,1.0,1.0,1.0,True,False,False,0.0,0.0,1.0,16.666666666666668,0.13157894736842105
WS/MP317/2024-2025/144816,Bihar,VAISHALI,Smt Veena Devi,Normal/Others,"Kanti, Motipur, saraiya ewam paroo prakhand ke bibhinna vidyalayo ke pushtakalayo mein pustak aapurti",Physical Inspection,Completed,0.4839746790860968,True,medium,vendor,R09,"All ₹5,000,000 of expenditure was directed to a single vendor for this large project, raising concentration risk.","Sanction: ₹5,000,000; Disbursed: ₹5,000,000; Cost ratio: 1.00; Sanction delay: 7d; Duration: 30d",0.7490298497625341,0.5,0.2763349047013237,5000000.0,5000000.0,1.0,5000000.0,7,30.0,2024-09-30,2024-10-07,2024-11-06,1.0,1.0,1.0,1.0,True,False,False,0.0,0.0,1.0,16.666666666666668,0.13157894736842105
WS/MP317/2024-2025/144813,Bihar,VAISHALI,Smt Veena Devi,Normal/Others,sahebgang aur motipur prakhand ke bivvin schoos ke pustakalay mein book supply,Physical Inspection,Completed,0.4834306190653305,True,medium,vendor,R09,"All ₹5,000,000 of expenditure was directed to a single vendor for this large project, raising concentration risk.","Sanction: ₹5,000,000; Disbursed: ₹5,000,000; Cost ratio: 1.00; Sanction delay: 7d; Duration: 37d",0.7490298497625341,0.5,0.27478044749913433,5000000.0,5000000.0,1.0,5000000.0,7,37.0,2024-09-30,2024-10-07,2024-11-13,1.0,1.0,1.0,1.0,True,False,False,0.0,0.0,1.0,16.666666666666668,0.16228070175438597
WS/MP18205/2025-2026/148488,Uttar Pradesh,BALLIA,SANATAN PANDEY,Normal/Others,"Installation of Open gym work At Primary School, Kanshari Revised Letter Attached",Work partially Completed,Ongoing,0.4831682687651132,True,medium,financial,R07,"1 out of 1.0 payments (100%) fall just below statutory thresholds, suggesting potential contract splitting.","Sanction: ₹690,000; Disbursed: ₹492,926; Cost ratio: 0.71; Sanction delay: 164d; Vendor HHI: 1.00",0.4507703790540718,0.75,0.2013590685759864,690000.0,492926.0,0.7143855072463768,,164,,2024-10-21,2025-04-03,,1.0,1.0,1.0,1.0,True,False,False,1.0,1.0,1.0,2.3,
WS/MP423/2026-2027/136934,Bihar,JHANJHARPUR,Ramprit Mandal,Normal/Others,Pandaul Prakhand ke Dahibhat Madhopur west Panchayat ke Salempur Gaw ke ward no 8 me Rajkishor Mishra ke Ghar ke bagal me Sarak Kinare Submersible Pump ka Adhisthapan Karya,Physical Inspection,Ongoing,0.48292557657860774,True,medium,temporal,R03,"Sanction was delayed by 606 days after recommendation, far exceeding the typical processing time.","Sanction: ₹200,000; Disbursed: ₹198,664; Cost ratio: 0.99; Sanction delay: 606d; Vendor HHI: 1.00",0.6865657301620093,0.5,0.31795469725172987,200000.0,198664.0,0.99332,,606,,2024-08-24,2026-04-22,,1.0,1.0,1.0,1.0,True,False,False,0.0,0.0,1.0,0.6666666666666666,
WS/MP641/2024-2025/137260,Madhya Pradesh,KHARGONE(ST),Gajendra Singh Patel,Normal/Others,Construction of community hall in village Dabriya at Janjati Mohalla,Work partially Completed,Ongoing,0.4826087044587054,True,medium,vendor,R09,"All ₹2,000,000 of expenditure was directed to a single vendor for this large project, raising concentration risk.","Sanction: ₹2,000,000; Disbursed: ₹2,000,000; Cost ratio: 1.00; Sanction delay: 93d; Vendor HHI: 1.00",0.5143229500119707,0.5,0.4400799055877508,2000000.0,2000000.0,1.0,,93,,2024-08-27,2024-11-28,,1.0,1.0,3.0,1.0,True,False,False,0.0,0.0,0.5,6.666666666666667,
WS/MP18172/2024-2025/146134,Rajasthan,UDAIPUR(ST),MANNA LAL RAWAT,Normal/Others,"TEEN SHED NEAR BHERUJI MANDIR,  DANGLIYA, KALIWAS",Physical Inspection,Completed,0.4825372723766268,True,medium,financial,"R05,R07","Completed work worth ₹999,187 has no verification photograph attached, which is a compliance gap. 3 out of 3.0 payments (100%) fall just below statutory thresholds, suggesting potential contract splitting.","Sanction: ₹999,187; Disbursed: ₹999,187; Cost ratio: 1.00; Sanction delay: 45d; Duration: 391d",0.20866022010752305,0.6875,0.44392062099927454,999187.0,999187.0,1.0,999187.0,45,391.0,2024-10-08,2024-11-22,2025-12-18,1.0,1.0,3.0,1.0,True,True,False,3.0,1.0,0.5000565459718751,3.3306233333333335,1.7149122807017543
WS/MP317/2024-2025/145371,Bihar,VAISHALI,Smt Veena Devi,Normal/Others,purchase books for library,Physical Inspection,Completed,0.482080150878365,True,medium,vendor,R09,"All ₹5,000,000 of expenditure was directed to a single vendor for this large project, raising concentration risk.","Sanction: ₹5,000,000; Disbursed: ₹5,000,000; Cost ratio: 1.00; Sanction delay: 11d; Duration: 21d",0.7490298497625341,0.5,0.27092196696494697,5000000.0,5000000.0,1.0,5000000.0,11,21.0,2024-10-04,2024-10-15,2024-11-05,1.0,1.0,1.0,1.0,True,False,False,0.0,0.0,1.0,16.666666666666668,0.09210526315789473
WS/MP317/2024-2025/145198,Bihar,VAISHALI,Smt Veena Devi,Normal/Others,purchase books of library,Physical Inspection,Completed,0.482019191036558,True,medium,vendor,R09,"All ₹5,000,000 of expenditure was directed to a single vendor for this large project, raising concentration risk.","Sanction: ₹5,000,000; Disbursed: ₹5,000,000; Cost ratio: 1.00; Sanction delay: 12d; Duration: 22d",0.7490298497625341,0.5,0.27074779598835563,5000000.0,5000000.0,1.0,5000000.0,12,22.0,2024-10-03,2024-10-15,2024-11-06,1.0,1.0,1.0,1.0,True,False,False,0.0,0.0,1.0,16.666666666666668,0.09649122807017543
WS/MP317/2024-2025/145098,Bihar,VAISHALI,Smt Veena Devi,Normal/Others,purchase book for library,Physical Inspection,Completed,0.482019191036558,True,medium,vendor,R09,"All ₹5,000,000 of expenditure was directed to a single vendor for this large project, raising concentration risk.","Sanction: ₹5,000,000; Disbursed: ₹5,000,000; Cost ratio: 1.00; Sanction delay: 13d; Duration: 22d",0.7490298497625341,0.5,0.27074779598835563,5000000.0,5000000.0,1.0,5000000.0,13,22.0,2024-10-02,2024-10-15,2024-11-06,1.0,1.0,1.0,1.0,True,False,False,0.0,0.0,1.0,16.666666666666668,0.09649122807017543
WS/MP18236/2024-2025/139451,Uttar Pradesh,ROBERTSGANJ(SC),CHHOTELAL,Normal/Others,Culvert construction work near village Arouli Nautalla Block Robertsganj,Physical Inspection,Completed,0.4818474479822352,True,medium,compliance,R05,"Completed work worth ₹1,600,000 has no verification photograph attached, which is a compliance gap.","Sanction: ₹1,600,000; Disbursed: ₹1,600,000; Cost ratio: 1.00; Sanction delay: 158d; Duration: 315d",0.3720219829529942,0.5,0.539548434982819,1600000.0,1600000.0,1.0,1600000.0,158,315.0,2024-09-06,2025-02-11,2025-12-23,0.625,2.0,2.0,0.75,False,True,False,0.0,0.0,0.75,5.333333333333333,1.381578947368421
WS/MP18307/2025-2026/143607,Maharashtra,MUMBAI NORTH,Piyush Vedprakash Goyal,Normal/Others,"Ward 7 -   Construction of Sewer and CC Passage Loading at Brahmadev Tiwari Chawl, Shagun Hotel, Nawagaon, Dahisar",Work partially Completed,Ongoing,0.4815509908649519,True,medium,vendor,"R03,R09","Sanction was delayed by 546 days after recommendation, far exceeding the typical processing time. All ₹1,998,481 of expenditure was directed to a single vendor for this large project, raising concentration risk.","Sanction: ₹2,000,000; Disbursed: ₹1,998,481; Cost ratio: 1.00; Sanction delay: 546d; Vendor HHI: 1.00",0.5244737284067414,0.55,0.37266445360933287,2000000.0,1998481.0,0.9992405,,546,,2024-09-25,2026-03-25,,1.0,1.0,1.0,1.0,True,False,False,0.0,0.0,1.0,6.666666666666667,
WS/MP18205/2025-2026/148494,Uttar Pradesh,BALLIA,SANATAN PANDEY,Normal/Others,"Installation of Open gym work At Primary School, Pakdi  Revised Letter Attached",Work partially Completed,Ongoing,0.4813340179744076,True,medium,financial,R07,"1 out of 1.0 payments (100%) fall just below statutory thresholds, suggesting potential contract splitting.","Sanction: ₹690,000; Disbursed: ₹496,033; Cost ratio: 0.72; Sanction delay: 164d; Vendor HHI: 1.00",0.4507703790540718,0.75,0.19611835203111316,690000.0,496033.0,0.7188884057971014,,164,,2024-10-21,2025-04-03,,1.0,1.0,1.0,1.0,True,False,False,1.0,1.0,1.0,2.3,
WS/MP18391/2024-2025/140271,Nagaland,NAGALAND,S SUPONGMEREN JAMIR,Normal/Others,Purchase of Community Ambulances 6 (six) Nos.,Physical Inspection,Completed,0.4810446403486376,True,medium,vendor,R09,"All ₹16,912,380 of expenditure was directed to a single vendor for this large project, raising concentration risk.","Sanction: ₹16,912,380; Disbursed: ₹16,912,380; Cost ratio: 1.00; Sanction delay: 29d; Duration: 53d",0.7499999999984668,0.5,0.26727040099720245,16912380.0,16912380.0,1.0,16912380.0,29,53.0,2024-09-11,2024-10-10,2024-12-02,1.0,1.0,1.0,1.0,True,False,False,0.0,0.0,1.0,56.3746,0.2324561403508772
WS/MP18032/2024-2025/137006,Bihar,BUXAR,SUDHAKAR SINGH,Normal/Others,Construction of community building in campus of Disabled Rehabilitation Center,Physical Inspection,Completed,0.48092659499913293,True,medium,vendor,"R05,R09","Completed work worth ₹1,488,976 has no verification photograph attached, which is a compliance gap. All ₹1,488,976 of expenditure was directed to a single vendor for this large project, raising concentration risk.","Sanction: ₹1,488,976; Disbursed: ₹1,488,976; Cost ratio: 1.00; Sanction delay: 199d; Duration: 327d",0.34675491877313763,0.55,0.4978224723024244,1488976.0,1488976.0,1.0,1488976.0,199,327.0,2024-08-25,2025-03-12,2026-02-02,1.0,1.0,3.0,1.0,True,True,False,0.0,0.0,0.15219654312762596,4.963253333333333,1.4342105263157894
WS/MP384/2024-2025/147618,Rajasthan,BIKANER(SC),Shri Arjun Ram Meghwal,Normal/Others,"Sarwjanik Meghwal Samaj Hostal mein Hall Nirman Karya ; Working Agency : Gram Panchayat Barat, Panchayat Samiti Saakda",Physical Inspection,Completed,0.480406834088595,True,medium,vendor,R09,"All ₹1,495,786 of expenditure was directed to a single vendor for this large project, raising concentration risk.","Sanction: ₹1,495,786; Disbursed: ₹1,495,786; Cost ratio: 1.00; Sanction delay: 96d; Duration: 566d",0.3350238428960491,0.5,0.5618596381845222,1495786.0,1495786.0,1.0,1495786.0,96,566.0,2024-10-16,2025-01-20,2026-08-09,1.0,1.0,3.0,1.0,True,False,False,0.0,0.0,0.40112689916873134,4.985953333333334,2.482456140350877
WS/MP727/2024-2025/137803,Rajasthan,KOTA,Om Birla,Normal/Others,"Gram Brnahali Mai Shamshan Ki Chardiwari, Teenshade Nirman Evam Shamshan K Samne Puliya Nirman Ka Kary Place- Barnahali , Gram - Barnahali,  Gram Panchayat- Dhipri Chambal, Block -Itawa, Recommended Amount- 7.00 Lakh Rs., Implementing Agency -Gram Panchayat Dhipri Chambal (1 )",Work partially Completed,Ongoing,0.4802939985893515,True,medium,financial,R07,"1 out of 1.0 payments (100%) fall just below statutory thresholds, suggesting potential contract splitting.","Sanction: ₹699,924; Disbursed: ₹499,982; Cost ratio: 0.71; Sanction delay: 99d; Vendor HHI: 1.00",0.45203609320972404,0.75,0.19224278653405846,699924.0,499982.0,0.7143375566490076,,99,,2024-08-30,2024-12-07,,1.0,1.0,1.0,1.0,True,False,False,1.0,1.0,1.0,2.33308,
WS/MP632/2025-2026/142307,Kerala,PATHANAMTHITTA,Anto Antony,Normal/Others,"Construction of Bus Waiting Shed at NSS High School Junction, Kaviyoor in Kaviyoor Grama Panchayat.",Physical Inspection,Completed,0.4800195975628589,True,medium,financial,R07,"1 out of 1.0 payments (100%) fall just below statutory thresholds, suggesting potential contract splitting.","Sanction: ₹500,000; Disbursed: ₹494,795; Cost ratio: 0.99; Sanction delay: 254d; Duration: 342d",0.4866521709347549,0.75,0.16673301379762895,500000.0,494795.0,0.98959,494795.0,254,342.0,2024-09-24,2025-06-05,2026-05-13,1.0,1.0,1.0,1.0,True,False,False,1.0,1.0,1.0,1.6666666666666667,1.5
WS/MP664/2025-2026/146368,Maharashtra,MUMBAI SOUTH,Arvind Ganpat Sawant,Normal/Others,uday krida mandal janta colony worlikoliwada worli community hall,Physical Inspection,Completed,0.47962590350817547,True,medium,vendor,"R04,R09","This ₹1,795,410 work was completed in only 0 days, which is suspiciously fast for a project of this budget. All ₹1,795,410 of expenditure was directed to a single vendor for this large project, raising concentration risk.","Sanction: ₹1,795,410; Disbursed: ₹1,795,410; Cost ratio: 1.00; Sanction delay: 344d; Vendor HHI: 1.00",0.4428143049989093,0.6875,0.26834950645270894,1795410.0,1795410.0,1.0,1795410.0,344,0.0,2024-10-08,2025-09-17,2025-09-17,1.0,1.0,1.0,1.0,True,False,False,0.0,0.0,1.0,5.9847,0.0
WS/MP18250/2024-2025/135268,West Bengal,BASIRHAT,SK NURUL ISLAM,Normal/Others,Installation of 10 nos. (sl. no.11 to 20) Arsenic Free water tank under Shasan G.P and Barasat II P.S,Work Completed,Completed,0.47954119821318913,True,medium,vendor,R09,"All ₹3,491,230 of expenditure was directed to a single vendor for this large project, raising concentration risk.","Sanction: ₹3,500,000; Disbursed: ₹3,491,230; Cost ratio: 1.00; Sanction delay: 47d; Duration: 9d",0.7398039689340897,0.5,0.27025773137047615,3500000.0,3491230.0,0.9974942857142857,3491230.0,47,9.0,2024-08-09,2024-09-25,2024-10-04,1.0,1.0,1.0,1.0,True,False,False,0.0,0.0,1.0,11.666666666666666,0.039473684210526314
WS/MP18217/2024-2025/136141,Uttar Pradesh,FIROZABAD,AKSHAYA YADAV,Normal/Others,construction of road from mata temple to house of mr motilal around 300 meters by 4 meter and drainage system of 600 meters,Physical Inspection,Completed,0.47946675711902076,True,medium,vendor,R09,"All ₹4,762,760 of expenditure was directed to a single vendor for this large project, raising concentration risk.","Sanction: ₹4,762,760; Disbursed: ₹4,762,760; Cost ratio: 1.00; Sanction delay: 61d; Duration: 154d",0.7487675670789268,0.5,0.26364247242654026,4762760.0,4762760.0,1.0,4762760.0,61,154.0,2024-08-17,2024-10-17,2025-03-20,1.0,1.0,2.0,1.0,True,False,False,0.0,0.0,0.7497669418572425,15.875866666666667,0.6754385964912281
WS/MP013/2024-2025/137609,Sikkim,SIKKIM,Indra Hang Subba,Repair and Renovation,Upgradation and repiar & restoration of Nawadaya SHG's envelope manufacturing plant,Work Completed,Completed,0.47941452829052905,True,medium,compliance,R05,"Completed work worth ₹999,539 has no verification photograph attached, which is a compliance gap.","Sanction: ₹1,000,000; Disbursed: ₹999,539; Cost ratio: 1.00; Sanction delay: 35d; Duration: 399d",0.2678202810533651,0.5,0.6070270229348221,1000000.0,999539.0,0.999539,999539.0,35,399.0,2024-08-29,2024-10-03,2025-11-06,0.5337554977356601,2.0,2.0,0.6299143905340362,False,True,False,0.0,0.0,0.6299143905340362,2.0067225204434855,1.9752475247524752
WS/MP313/2024-2025/138757,Arunachal Pradesh,ARUNACHAL EAST,Shri Tapir Gao,Normal/Others,C/o Protection wall at Nginu Village under Longchan Circle in Longding District,Physical Inspection,Completed,0.4793060901143814,True,medium,compliance,R05,"Completed work worth ₹1,000,000 has no verification photograph attached, which is a compliance gap.","Sanction: ₹1,000,000; Disbursed: ₹1,000,000; Cost ratio: 1.00; Sanction delay: 45d; Duration: 53d",0.2554468199632193,0.5,0.6155553860673617,1000000.0,1000000.0,1.0,1000000.0,45,53.0,2024-09-14,2024-10-29,2024-12-21,0.6800000000000002,2.0,3.0,0.8,False,True,False,0.0,0.0,0.2,3.3333333333333335,0.2324561403508772
WS/MP740/2025-2026/140344,Tamil Nadu,NILGIRIS(SC),Andimuthu Raja,Normal/Others,Construction of Anganvadi Building at Tirumurugan poondi Town (Ward No 23),Physical Inspection,Completed,0.47928651711201264,True,medium,temporal,"R03,R04,R05,R09","Sanction was delayed by 442 days after recommendation, far exceeding the typical processing time. This ₹1,200,000 work was completed in only 5 days, which is suspiciously fast for a project of this budget. Completed work worth ₹1,200,000 has no verification photograph attached, which is a compliance gap.","Sanction: ₹1,200,000; Disbursed: ₹1,200,000; Cost ratio: 1.00; Sanction delay: 442d; Duration: 5d",0.3206713371832497,0.7312500000000001,0.30462480804628633,1200000.0,1200000.0,1.0,1200000.0,442,5.0,2024-09-11,2025-11-27,2025-12-02,1.0,1.0,1.0,1.0,True,True,False,0.0,0.0,1.0,4.0,0.021929824561403508
WS/MP18019/2024-2025/137586,Assam,Diphu (ST),AMARSING TISSO,Normal/Others,Construction of road from PWD road to Graveyard at Rongbangpothar,Physical Inspection,Completed,0.4792025518422215,True,medium,vendor,"R04,R05,R09","This ₹2,000,000 work was completed in only 0 days, which is suspiciously fast for a project of this budget. Completed work worth ₹1,999,971 has no verification photograph attached, which is a compliance gap. All ₹1,999,971 of expenditure was directed to a single vendor for this large project, raising concentration risk.","Sanction: ₹2,000,000; Disbursed: ₹1,999,971; Cost ratio: 1.00; Sanction delay: 128d; Vendor HHI: 1.00",0.5138760277422723,0.7000000000000001,0.20209584259043822,2000000.0,1999971.0,0.9999855,1999971.0,128,0.0,2024-08-29,2025-01-04,2025-01-04,1.0,1.0,1.0,1.0,True,True,False,0.0,0.0,1.0,6.666666666666667,0.0
WS/MP18001/2024-2025/138858,Andhra Pradesh,AMALAPURAM(SC),GM Harish Balayogi,Normal/Others,Construction of OC Community hall at Machara,Physical Inspection,Completed,0.47864483302047955,True,medium,vendor,R09,"All ₹3,507,771 of expenditure was directed to a single vendor for this large project, raising concentration risk.","Sanction: ₹3,507,771; Disbursed: ₹3,507,771; Cost ratio: 1.00; Sanction delay: 84d; Duration: 457d",0.7344514133752835,0.5,0.2715199419333105,3507771.0,3507771.0,1.0,3507771.0,84,457.0,2024-09-04,2024-11-27,2026-02-27,1.0,1.0,1.0,1.0,True,False,False,0.0,0.0,1.0,11.69257,2.004385964912281
WS/MP18220/2024-2025/147976,Uttar Pradesh,HATHRAS (SC),ANOOP PRADHAN BALMIKI,Normal/Others,Gram Shyampur Block Hasayan mai Surendra Nayak kai ghar se Rai Singh kai ghar taraf 210 mier interlocking karya,Physical Inspection,Completed,0.47833953066495366,True,medium,vendor,"R05,R09","Completed work worth ₹2,495,938 has no verification photograph attached, which is a compliance gap. All ₹2,495,938 of expenditure was directed to a single vendor for this large project, raising concentration risk.","Sanction: ₹2,495,938; Disbursed: ₹2,495,938; Cost ratio: 1.00; Sanction delay: 12d; Duration: 65d",0.6444363249361309,0.55,0.2778012840883455,2495938.0,2495938.0,1.0,2495938.0,12,65.0,2024-10-17,2024-10-29,2025-01-02,1.0,1.0,2.0,1.0,True,True,False,0.0,0.0,0.7385592110060426,8.319793333333333,0.2850877192982456
WS/MP18006/2024-2025/141947,Andhra Pradesh,CHITTOOR,DAGGUMALLA PRASADA RAO,Normal/Others,"Construction of 60KL, ELSR at Kondamitta (Vinayakapuram) in wardno.28 in Chittoor Municipal Corporation, Chittoor Constituency.",Physical Inspection,Completed,0.4774480319792178,True,medium,vendor,R09,"All ₹3,037,130 of expenditure was directed to a single vendor for this large project, raising concentration risk.","Sanction: ₹3,100,000; Disbursed: ₹3,037,130; Cost ratio: 0.98; Sanction delay: 16d; Duration: 362d",0.7305851260695998,0.5,0.27086214417662247,3100000.0,3037130.0,0.9797193548387096,3037130.0,16,362.0,2024-09-23,2024-10-09,2025-10-06,1.0,1.0,1.0,1.0,True,False,False,0.0,0.0,1.0,10.333333333333334,1.587719298245614
WS/MP812/2026-2027/147515,Uttar Pradesh,KUSHI NAGAR,Vijay Kumar Dubey,Normal/Others,GP KOTAWA ME SIDHARIYA STHAN KE PAS COMMUNITY BHAWAN KA NIRAMAN KARRY,Physical Inspection,Completed,0.4773791825717156,True,medium,vendor,"R03,R09","Sanction was delayed by 550 days after recommendation, far exceeding the typical processing time. All ₹1,347,476 of expenditure was directed to a single vendor for this large project, raising concentration risk.","Sanction: ₹1,347,476; Disbursed: ₹1,347,476; Cost ratio: 1.00; Sanction delay: 550d; Duration: 123d",0.3974283268335287,0.55,0.4514917167523812,1347476.0,1347476.0,1.0,1347476.0,550,123.0,2024-10-15,2026-04-18,2026-08-19,1.0,1.0,2.0,1.0,True,False,False,1.0,0.5,0.6309054855151409,4.491586666666667,0.5394736842105263
WS/MP747/2025-2026/140329,Tamil Nadu,VIRUDHUNAGAR,Manickam Tagore B,Normal/Others,Construction of Community Centre in Meenampatti village at Anuppankulam panchayat,Physical Inspection,Completed,0.4772452807120285,True,medium,vendor,R09,"All ₹2,499,149 of expenditure was directed to a single vendor for this large project, raising concentration risk.","Sanction: ₹2,499,149; Disbursed: ₹2,499,149; Cost ratio: 1.00; Sanction delay: 290d; Duration: 207d",0.6450426324436032,0.5,0.331384636003222,2499149.0,2499149.0,1.0,2499149.0,290,207.0,2024-09-13,2025-06-30,2026-01-23,1.0,1.0,2.0,1.0,True,False,False,0.0,0.0,0.6289304879380941,8.330496666666667,0.9078947368421053
WS/MP18019/2024-2025/137730,Assam,Diphu (ST),AMARSING TISSO,Normal/Others,"Construction of Sanitary Latrine and boundary wall with GCI sheet near DC Bungalow, Diphu",Physical Inspection,Completed,0.47713925946893043,True,medium,vendor,"R04,R05,R09","This ₹1,983,350 work was completed in only 2 days, which is suspiciously fast for a project of this budget. Completed work worth ₹1,983,350 has no verification photograph attached, which is a compliance gap. All ₹1,983,350 of expenditure was directed to a single vendor for this large project, raising concentration risk.","Sanction: ₹1,983,350; Disbursed: ₹1,983,350; Cost ratio: 1.00; Sanction delay: 114d; Duration: 2d",0.5083598049515478,0.7000000000000001,0.20014088066012437,1983350.0,1983350.0,1.0,1983350.0,114,2.0,2024-08-29,2024-12-21,2024-12-23,1.0,1.0,1.0,1.0,True,True,False,0.0,0.0,1.0,6.611166666666667,0.008771929824561403
WS/MP384/2024-2025/145409,Rajasthan,BIKANER(SC),Shri Arjun Ram Meghwal,Normal/Others,"Sarwjanik Meghwal Samaj Shamsan bhumi Chardiwaari Nirman Kary, Fatipura, Ward 53, Bikaner ; working agency : PWD, Bikaner",Work partially Completed,Ongoing,0.47676371963503017,True,medium,vendor,R09,"All ₹1,223,877 of expenditure was directed to a single vendor for this large project, raising concentration risk.","Sanction: ₹1,500,000; Disbursed: ₹1,223,877; Cost ratio: 0.82; Sanction delay: 103d; Vendor HHI: 1.00",0.5773561880104181,0.5,0.37835620752121624,1500000.0,1223877.0,0.815918,,103,,2024-10-04,2025-01-15,,1.0,1.0,2.0,1.0,True,False,False,0.0,0.0,0.42829467340263766,5.0,
WS/MP18011/2025-2026/144431,Andhra Pradesh,KURNOOL,BASTIPATI NAGARAJU PANCHALINGALA,Normal/Others,"Construction of Community Hall in Putchakayalamada (V), Pattikonda (M), Kurnool Dt. Under MPLADS funds, 2024-25",Physical Inspection,Completed,0.4767609886393643,True,medium,vendor,R09,"All ₹2,998,485 of expenditure was directed to a single vendor for this large project, raising concentration risk.","Sanction: ₹2,998,485; Disbursed: ₹2,998,485; Cost ratio: 1.00; Sanction delay: 211d; Duration: 256d",0.7090018674709381,0.5,0.28431577649037065,2998485.0,2998485.0,1.0,2998485.0,211,256.0,2024-09-29,2025-04-28,2026-01-09,1.0,1.0,2.0,1.0,True,False,False,0.0,0.0,0.7138531625137361,9.99495,1.1228070175438596
WS/MP18217/2024-2025/136145,Uttar Pradesh,FIROZABAD,AKSHAYA YADAV,Normal/Others,developement of inerlocking road from dabur road to village side 500 meters by 3.5 meters,Physical Inspection,Completed,0.4767044083160341,True,medium,vendor,R09,"All ₹4,296,367 of expenditure was directed to a single vendor for this large project, raising concentration risk.","Sanction: ₹4,296,367; Disbursed: ₹4,296,367; Cost ratio: 1.00; Sanction delay: 61d; Duration: 154d",0.7467511744537111,0.5,0.25719032772173245,4296367.0,4296367.0,1.0,4296367.0,61,154.0,2024-08-17,2024-10-17,2025-03-20,1.0,1.0,2.0,1.0,True,False,False,0.0,0.0,0.7481881785238551,14.321223333333334,0.6754385964912281
WS/MP341/2025-2026/136725,Karnataka,BANGALORE SOUTH,Shri LS Tejasvi Surya,Normal/Others,"Construction of classroom at the Government Higher Primary School in Lakya Village, Chikkamagaluru District, Karnataka.",Physical Inspection,Completed,0.47667313762899916,True,medium,financial,"R03,R07","Sanction was delayed by 536 days after recommendation, far exceeding the typical processing time. 1 out of 1.0 payments (100%) fall just below statutory thresholds, suggesting potential contract splitting.","Sanction: ₹496,984; Disbursed: ₹496,984; Cost ratio: 1.00; Sanction delay: 536d; Duration: 68d",0.3719350084287868,0.6875,0.3105411014908642,496984.0,496984.0,1.0,496984.0,536,68.0,2024-08-22,2026-02-09,2026-04-18,1.0,1.0,1.0,1.0,True,False,False,1.0,1.0,1.0,1.6566133333333333,0.2982456140350877
WS/MP720/2024-2025/145396,Rajasthan,CHITTORGARH,Chandra Prakash Joshi,Normal/Others,BHATVADA MAHADEV JANDOLYA ME GAT NIRMAN KARYA,Physical Inspection,Completed,0.4765889622116095,True,medium,financial,R10,"99% of total funds were disbursed in the first payment, despite having 3.0 total payments, indicating excessive upfront payment.","Sanction: ₹455,122; Disbursed: ₹455,122; Cost ratio: 1.00; Sanction delay: 63d; Duration: 108d",0.13778329012642013,0.75,0.40612325622858414,455122.0,455122.0,1.0,455122.0,63,108.0,2024-10-04,2024-12-06,2025-03-24,0.9838443206858041,3.0,3.0,0.9918725089096989,False,False,False,0.0,0.0,0.9918725089096989,1.5170733333333333,0.47368421052631576
WS/MP18308/2025-2026/145414,Maharashtra,MUMBAI NORTH WEST,RAVINDRA DATTARAM WAIKAR,Normal/Others,"Construction of Road Near Cloud-9 Hospital to Blue Horizon Society, Link Road, Malad (W)",Vendor Identification,Ongoing,0.4764798615412508,True,medium,vendor,"R03,R09","Sanction was delayed by 533 days after recommendation, far exceeding the typical processing time. All ₹1,998,482 of expenditure was directed to a single vendor for this large project, raising concentration risk.","Sanction: ₹2,000,000; Disbursed: ₹1,998,482; Cost ratio: 1.00; Sanction delay: 533d; Vendor HHI: 1.00",0.5184524665724604,0.55,0.36247641399467345,2000000.0,1998482.0,0.999241,,533,,2024-10-08,2026-03-25,,1.0,1.0,1.0,1.0,True,False,False,0.0,0.0,1.0,6.666666666666667,
WS/MP18308/2025-2026/145430,Maharashtra,MUMBAI NORTH WEST,RAVINDRA DATTARAM WAIKAR,Normal/Others,"Construction of Samaj Mandir, at Shri Sai Chawl  committee , Tanaji Nagar, Kurar Village, Malad (E)",Work partially Completed,Ongoing,0.4764798103441826,True,medium,vendor,"R03,R09","Sanction was delayed by 533 days after recommendation, far exceeding the typical processing time. All ₹1,998,481 of expenditure was directed to a single vendor for this large project, raising concentration risk.","Sanction: ₹2,000,000; Disbursed: ₹1,998,481; Cost ratio: 1.00; Sanction delay: 533d; Vendor HHI: 1.00",0.5184522617841875,0.55,0.36247641399467345,2000000.0,1998481.0,0.9992405,,533,,2024-10-08,2026-03-25,,1.0,1.0,1.0,1.0,True,False,False,0.0,0.0,1.0,6.666666666666667,
WS/MP681/2025-2026/144039,Maharashtra,PARBHANI,Sanjay Haribhau Jadhav,Normal/Others,"construction of cc road at Vidoli, tal.Mantha.",Vendor Identification,Ongoing,0.47615961640252097,True,medium,financial,R07,"1 out of 1.0 payments (100%) fall just below statutory thresholds, suggesting potential contract splitting.","Sanction: ₹1,000,000; Disbursed: ₹995,260; Cost ratio: 1.00; Sanction delay: 260d; Vendor HHI: 1.00",0.49493795639440896,0.75,0.14978607801119626,1000000.0,995260.0,0.99526,,260,,2024-10-03,2025-06-20,,1.0,1.0,1.0,1.0,True,False,False,1.0,1.0,1.0,3.3333333333333335,
WS/MP661/2025-2026/147465,Maharashtra,SHIRUR,Amol Ramsing Kolhe,Normal/Others,"Construction of community hall at Khairenagar Tq. Ambegaon, Dist. Pune",Physical Inspection,Completed,0.4758261625778576,True,medium,temporal,"R03,R04,R07","Sanction was delayed by 378 days after recommendation, far exceeding the typical processing time. This ₹999,694 work was completed in only 0 days, which is suspiciously fast for a project of this budget. 1 out of 1.0 payments (100%) fall just below statutory thresholds, suggesting potential contract splitting.","Sanction: ₹999,694; Disbursed: ₹999,694; Cost ratio: 1.00; Sanction delay: 378d; Vendor HHI: 1.00",0.28023488556304577,0.7999999999999999,0.2450498319631318,999694.0,999694.0,1.0,999694.0,378,0.0,2024-10-15,2025-10-28,2025-10-28,1.0,1.0,1.0,1.0,True,False,False,1.0,1.0,1.0,3.3323133333333335,0.0
WS/MP18217/2024-2025/136856,Uttar Pradesh,FIROZABAD,AKSHAYA YADAV,Normal/Others,developement work of interlocking road and drainage system nagla inchi from ajaypal house to rakesh house 275 meter by 4 meter and drainage 550 meter,Physical Inspection,Completed,0.4755657922102388,True,medium,vendor,R09,"All ₹3,947,127 of expenditure was directed to a single vendor for this large project, raising concentration risk.","Sanction: ₹3,947,127; Disbursed: ₹3,947,127; Cost ratio: 1.00; Sanction delay: 55d; Duration: 154d",0.743262513727546,0.5,0.2564290393667208,3947127.0,3947127.0,1.0,3947127.0,55,154.0,2024-08-23,2024-10-17,2025-03-20,1.0,1.0,2.0,1.0,True,False,False,1.0,0.5,0.7501157170772564,13.15709,0.6754385964912281
WS/MP18032/2024-2025/134034,Bihar,BUXAR,SUDHAKAR SINGH,Normal/Others,Development of Mahuar Stadium by adding soil and drainage system for Park.,Physical Inspection,Completed,0.4755384187317609,True,medium,financial,"R05,R09,R10","Completed work worth ₹1,491,632 has no verification photograph attached, which is a compliance gap. All ₹1,491,632 of expenditure was directed to a single vendor for this large project, raising concentration risk. 90% of total funds were disbursed in the first payment, despite having 2.0 total payments, indicating excessive upfront payment.","Sanction: ₹1,491,632; Disbursed: ₹1,491,632; Cost ratio: 1.00; Sanction delay: 129d; Duration: 28d",0.333574907533513,0.7000000000000001,0.3204134052810932,1491632.0,1491632.0,1.0,1491632.0,129,28.0,2024-07-23,2024-11-29,2024-12-27,1.0,1.0,2.0,1.0,True,True,False,0.0,0.0,0.9045997940510796,4.972106666666667,0.12280701754385964
WS/MP18121/2024-2025/146766,Maharashtra,JALGAON,SMITA UDAY WAGH,Normal/Others,"Construction of a community hall at Pohare, Taluka Chalisgaon",Physical Inspection,Completed,0.4754954494709841,True,medium,vendor,"R04,R09","This ₹1,998,833 work was completed in only 0 days, which is suspiciously fast for a project of this budget. All ₹1,998,833 of expenditure was directed to a single vendor for this large project, raising concentration risk.","Sanction: ₹1,998,833; Disbursed: ₹1,998,833; Cost ratio: 1.00; Sanction delay: 152d; Vendor HHI: 1.00",0.513496818940631,0.6875,0.20606069924521808,1998833.0,1998833.0,1.0,1998833.0,152,0.0,2024-10-11,2025-03-12,2025-03-12,1.0,1.0,1.0,1.0,True,False,False,0.0,0.0,1.0,6.662776666666667,0.0
WS/MP743/2025-2026/142807,Tamil Nadu,KANCHEEPURAM(SC),Ganesan Selvam,Normal/Others,"Construction of RO Plant at Merku Cheyyur, Lathur Panchayat Union.",Work Completed,Completed,0.47495000258542425,True,medium,temporal,"R03,R04","Sanction was delayed by 501 days after recommendation, far exceeding the typical processing time. This ₹750,000 work was completed in only 5 days, which is suspiciously fast for a project of this budget.","Sanction: ₹750,000; Disbursed: ₹749,986; Cost ratio: 1.00; Sanction delay: 501d; Duration: 5d",0.35430238684097765,0.6875,0.3182125882147996,750000.0,749986.0,0.9999813333333334,749986.0,501,5.0,2024-09-23,2026-02-06,2026-02-11,1.0,1.0,1.0,1.0,True,False,False,0.0,0.0,1.0,2.5,0.021929824561403508
WS/MP18307/2025-2026/143526,Maharashtra,MUMBAI NORTH,Piyush Vedprakash Goyal,Normal/Others,"Ward 5  - Reconstruction of Kindergarten at Balkawade Compound, Hanuman Tekdi Road, Kazupada, Borivali East",Sanction,To Be Implemented,0.4748917588239043,True,medium,temporal,R03,"Sanction was delayed by 546 days after recommendation, far exceeding the typical processing time.","Sanction: ₹4,500,000; Sanction delay: 546d; Vendor HHI: 1.00",0.7475754444352358,0.5,0.25142256490027237,4500000.0,,,,546,,2024-09-25,2026-03-25,,1.0,,,1.0,False,False,False,,,,15.0,
WS/MP18253/2024-2025/140131,West Bengal,MATHURAPUR(SC),BAPI HALDAR,Normal/Others,CONSTRUCTION OF CC ROAD  FROM CHANDER MULA  TO SAHANUJ PAIK HOUSE,Physical Inspection,Completed,0.47449787114747427,True,medium,financial,R07,"1 out of 1.0 payments (100%) fall just below statutory thresholds, suggesting potential contract splitting.","Sanction: ₹500,000; Disbursed: ₹484,483; Cost ratio: 0.97; Sanction delay: 194d; Duration: 39d",0.45351295256837143,0.75,0.17462752287251815,500000.0,484483.0,0.968966,484483.0,194,39.0,2024-09-15,2025-03-28,2025-05-06,1.0,1.0,1.0,1.0,True,False,False,1.0,1.0,1.0,1.6666666666666667,0.17105263157894737
WS/MP428/2024-2025/143950,Chhattisgarh,RAJNANDGAON,Santosh Pandey,Normal/Others,Book Supply in 25 Govt. School of MMC District,Physical Inspection,Completed,0.4742741077747826,True,medium,vendor,R09,"All ₹2,499,475 of expenditure was directed to a single vendor for this large project, raising concentration risk.","Sanction: ₹2,499,475; Disbursed: ₹2,499,475; Cost ratio: 1.00; Sanction delay: 98d; Duration: 17d",0.6451040240449428,0.5,0.3228517193244197,2499475.0,2499475.0,1.0,2499475.0,98,17.0,2024-09-27,2025-01-03,2025-01-20,1.0,1.0,2.0,1.0,True,False,False,0.0,0.0,0.40008401764370516,8.331583333333333,0.07456140350877193
WS/MP18019/2024-2025/137519,Assam,Diphu (ST),AMARSING TISSO,Normal/Others,Installation of Solar Light under Singhason MAC Constituency,Work partially Completed,Ongoing,0.474147735603631,True,medium,vendor,R09,"All ₹5,000,000 of expenditure was directed to a single vendor for this large project, raising concentration risk.","Sanction: ₹5,000,000; Disbursed: ₹5,000,000; Cost ratio: 1.00; Sanction delay: 76d; Vendor HHI: 1.00",0.7490298497625341,0.5,0.2482579233228499,5000000.0,5000000.0,1.0,,76,,2024-08-29,2024-11-13,,1.0,1.0,2.0,1.0,True,False,False,0.0,0.0,0.75,16.666666666666668,
WS/MP18323/2025-2026/146867,Maharashtra,LATUR(SC),DR KALGE SHIVAJI BANDAPPA,Normal/Others,Construction of cement concrete road from Balaji Ugle to Kantabai Chopwad house and from Bandu Pandilwad to Tanaji Vitthal Ugle house at Nurangpura Taluka Kandhar District Nanded,Physical Inspection,Completed,0.47414215270198445,True,medium,financial,"R03,R07","Sanction was delayed by 495 days after recommendation, far exceeding the typical processing time. 1 out of 1.0 payments (100%) fall just below statutory thresholds, suggesting potential contract splitting.","Sanction: ₹991,000; Disbursed: ₹990,848; Cost ratio: 1.00; Sanction delay: 495d; Duration: 36d",0.35137846357646174,0.6875,0.3179929623081972,991000.0,990848.0,0.9998466195761857,990848.0,495,36.0,2024-10-11,2026-02-18,2026-03-26,1.0,1.0,1.0,1.0,True,False,False,1.0,1.0,1.0,3.3033333333333332,0.15789473684210525
WS/MP18209/2025-2026/145439,Uttar Pradesh,BIJNOR,CHANDAN CHAUHAN,Normal/Others,Construction work of Gujjar Dharamshala in village Sukertari,Work partially Completed,Ongoing,0.47389529708679656,True,medium,temporal,R03,"Sanction was delayed by 406 days after recommendation, far exceeding the typical processing time.","Sanction: ₹900,000; Disbursed: ₹897,487; Cost ratio: 1.00; Sanction delay: 406d; Vendor HHI: 1.00",0.5842653452877711,0.5,0.36522560218529665,900000.0,897487.0,0.9972077777777778,,406,,2024-12-17,2026-01-27,,1.0,1.0,2.0,1.0,True,False,False,0.0,0.0,0.5804017216962474,3.0,
WS/MP826/2025-2026/135603,West Bengal,DARJEELING,Raju Bista,Normal/Others,"Construction of CC Footpath with Culvert from Binod Subba's House to Daniel Subba's house at Mungpoo, Ward No 3, Reshep GP  Ref: Dimple Baraily (7679088464), Member Reshep GP",Physical Inspection,Completed,0.47285613042910607,True,medium,financial,R07,"1 out of 1.0 payments (100%) fall just below statutory thresholds, suggesting potential contract splitting.","Sanction: ₹500,000; Disbursed: ₹476,099; Cost ratio: 0.95; Sanction delay: 250d; Duration: 170d",0.48428469386607054,0.75,0.14795701989310972,500000.0,476099.0,0.952198,476099.0,250,170.0,2024-08-16,2025-04-23,2025-10-10,1.0,1.0,1.0,1.0,True,False,False,1.0,1.0,1.0,1.6666666666666667,0.7456140350877193
WS/MP18250/2025-2026/139010,West Bengal,BASIRHAT,SK NURUL ISLAM,Normal/Others,Installation of 100 pcs. Street Electric Light under Nimdaria Kodalia G.P (Sl.No-18),Work Completed,Completed,0.47255163501007436,True,medium,vendor,R09,"All ₹2,181,686 of expenditure was directed to a single vendor for this large project, raising concentration risk.","Sanction: ₹2,200,000; Disbursed: ₹2,181,686; Cost ratio: 0.99; Sanction delay: 302d; Duration: 27d",0.674852261270897,0.5,0.2966816276924288,2200000.0,2181686.0,0.9916754545454546,2181686.0,302,27.0,2024-09-05,2025-07-04,2025-07-31,1.0,1.0,1.0,1.0,True,False,False,0.0,0.0,1.0,7.333333333333333,0.11842105263157894
WS/MP826/2025-2026/135686,West Bengal,DARJEELING,Raju Bista,Normal/Others,"Construction of additional rooms at community Samaj GHar  Ref: Sailendra Dewan (9635124527), Member Lamahatta GP",Physical Inspection,Completed,0.4718283128924681,True,medium,financial,R07,"1 out of 1.0 payments (100%) fall just below statutory thresholds, suggesting potential contract splitting.","Sanction: ₹500,000; Disbursed: ₹495,649; Cost ratio: 0.99; Sanction delay: 250d; Duration: 301d",0.48428469386607054,0.75,0.14502039835985847,500000.0,495649.0,0.991298,495649.0,250,301.0,2024-08-16,2025-04-23,2026-02-18,1.0,1.0,1.0,1.0,True,False,False,1.0,1.0,1.0,1.6666666666666667,1.3201754385964912
WS/MP747/2025-2026/147477,Tamil Nadu,VIRUDHUNAGAR,Manickam Tagore B,Normal/Others,Construction of Community Centre in valavanthalpuram village at Kattalampatti panchayat,Physical Inspection,Completed,0.4715849233968863,True,medium,vendor,R09,"All ₹2,499,979 of expenditure was directed to a single vendor for this large project, raising concentration risk.","Sanction: ₹2,499,979; Disbursed: ₹2,499,979; Cost ratio: 1.00; Sanction delay: 225d; Duration: 142d",0.6451988766374203,0.5,0.3151005835358034,2499979.0,2499979.0,1.0,2499979.0,225,142.0,2024-12-03,2025-07-16,2025-12-05,1.0,1.0,2.0,1.0,True,False,False,0.0,0.0,0.6481842447476559,8.333263333333333,0.6228070175438597
WS/MP517/2024-2025/137540,Uttar Pradesh,FATEHPUR SIKRI,Rajkumar Chahar,Normal/Others,"Fatehabad me gram suraj malikpura me potiram ki thar, nagar chand bich chauraha, pokhariya neecha khera near banti house, swara me main choraha, harkapura near munnalala house, sutahara near ajendra house,  jamuna gali lotan singh house, rampur harsukh pipal chauraha, ratan devi school yogesh chauhan house, teketpura khender near shyambir chauhan, ahirpura near school, garhi jahan near ajmer singh, lalpura mauja baghel basti, fatehabad near kailas oldsrno 1,2,3,4,6,12,13,14,15,16,17,18,20,21",Physical Inspection,Completed,0.47148480391192465,True,medium,vendor,R09,"All ₹3,489,567 of expenditure was directed to a single vendor for this large project, raising concentration risk.","Sanction: ₹3,489,567; Disbursed: ₹3,489,567; Cost ratio: 1.00; Sanction delay: 33d; Duration: 163d",0.7338985054613896,0.5,0.25145765013307786,3489567.0,3489567.0,1.0,3489567.0,33,163.0,2024-08-28,2024-09-30,2025-03-12,1.0,1.0,2.0,1.0,True,False,False,0.0,0.0,0.7440189570797753,11.63189,0.7149122807017544
WS/MP664/2025-2026/146364,Maharashtra,MUMBAI SOUTH,Arvind Ganpat Sawant,Normal/Others,bhiwandiwala building construction of road worli,Physical Inspection,Completed,0.47146540493026223,True,medium,financial,"R04,R07","This ₹994,762 work was completed in only 0 days, which is suspiciously fast for a project of this budget. 1 out of 1.0 payments (100%) fall just below statutory thresholds, suggesting potential contract splitting.","Sanction: ₹994,762; Disbursed: ₹994,762; Cost ratio: 1.00; Sanction delay: 344d; Vendor HHI: 1.00",0.25778845161433683,0.8250000000000001,0.22005226293336577,994762.0,994762.0,1.0,994762.0,344,0.0,2024-10-08,2025-09-17,2025-09-17,1.0,1.0,1.0,1.0,True,False,False,1.0,1.0,1.0,3.3158733333333332,0.0
WS/MP664/2025-2026/146326,Maharashtra,MUMBAI SOUTH,Arvind Ganpat Sawant,Normal/Others,aarunoday colony public toilet sewri,Physical Inspection,Completed,0.47146540493026223,True,medium,financial,"R04,R07","This ₹994,762 work was completed in only 0 days, which is suspiciously fast for a project of this budget. 1 out of 1.0 payments (100%) fall just below statutory thresholds, suggesting potential contract splitting.","Sanction: ₹994,762; Disbursed: ₹994,762; Cost ratio: 1.00; Sanction delay: 344d; Vendor HHI: 1.00",0.25778845161433683,0.8250000000000001,0.22005226293336577,994762.0,994762.0,1.0,994762.0,344,0.0,2024-10-08,2025-09-17,2025-09-17,1.0,1.0,1.0,1.0,True,False,False,1.0,1.0,1.0,3.3158733333333332,0.0
WS/MP18006/2024-2025/139527,Andhra Pradesh,CHITTOOR,DAGGUMALLA PRASADA RAO,Normal/Others,"Construction of Compound wall & providing other facilities in Burial Ground at Srinivasa Nagar colony, Chittoor 8th ward nearby Government ITI college of Chittoor Constituency.",Physical Inspection,Completed,0.47078909733778596,True,medium,vendor,R09,"All ₹1,249,376 of expenditure was directed to a single vendor for this large project, raising concentration risk.","Sanction: ₹1,470,000; Disbursed: ₹1,249,376; Cost ratio: 0.85; Sanction delay: 33d; Duration: 148d",0.5723715016914501,0.5,0.3648463483283526,1470000.0,1249376.0,0.8499156462585034,1249376.0,33,148.0,2024-09-06,2024-10-09,2025-03-06,1.0,1.0,2.0,1.0,True,False,False,0.0,0.0,0.8910456099684962,4.9,0.6491228070175439
WS/MP18095/2025-2026/139275,Kerala,ALAPPUZHA,K. C VENUGOPAL,Normal/Others,Installation of a Mini High Mast Light in the eastern part of Odampally Valavu - Veeramangalam Kadavu Road,Physical Inspection,Completed,0.47059470949127485,True,medium,temporal,R03,"Sanction was delayed by 482 days after recommendation, far exceeding the typical processing time.","Sanction: ₹350,000; Disbursed: ₹324,461; Cost ratio: 0.93; Sanction delay: 482d; Duration: 132d",0.6301268825368387,0.5,0.3230371110201863,350000.0,324461.0,0.9270314285714286,324461.0,482,132.0,2024-09-06,2026-01-01,2026-05-13,1.0,1.0,1.0,1.0,True,False,False,0.0,0.0,1.0,1.1666666666666667,0.5789473684210527
WS/MP499/2024-2025/138131,West Bengal,BIRBHUM,Smt Satabdi Roy (Banerjee),Normal/Others,Constitution of Double Coust Badminton,Physical Inspection,Completed,0.4702524805856205,True,medium,vendor,"R05,R09","Completed work worth ₹4,381,277 has no verification photograph attached, which is a compliance gap. All ₹4,381,277 of expenditure was directed to a single vendor for this large project, raising concentration risk.","Sanction: ₹4,381,277; Disbursed: ₹4,381,277; Cost ratio: 1.00; Sanction delay: 71d; Duration: 144d",0.7472611578120497,0.55,0.18124911752173722,4381277.0,4381277.0,1.0,4381277.0,71,144.0,2024-09-02,2024-11-12,2025-04-05,1.0,1.0,1.0,1.0,True,True,False,0.0,0.0,1.0,14.604256666666666,0.631578947368421
WS/MP18182/2025-2026/142751,Tamil Nadu,TENKASI(SC),DR RANI SRI KUMAR,Normal/Others,Conversion of Earthern to Black top Road at Mangammal Salai in Tenkasi Municipality,Physical Inspection,Completed,0.4694894854201738,True,medium,vendor,R09,"All ₹3,100,000 of expenditure was directed to a single vendor for this large project, raising concentration risk.","Sanction: ₹3,100,000; Disbursed: ₹3,100,000; Cost ratio: 1.00; Sanction delay: 193d; Duration: 11d",0.7159068443822677,0.5,0.25860792664173393,3100000.0,3100000.0,1.0,3100000.0,193,11.0,2024-09-23,2025-04-04,2025-04-15,1.0,1.0,1.0,1.0,True,False,False,0.0,0.0,1.0,10.333333333333334,0.04824561403508772
WS/MP18111/2025-2026/144098,Maharashtra,AKOLA,ANUP SANJAY DHOTRE,Normal/Others,Construction of Cement Concrete Road with iron grid and culvert at Kothari Vatika No.2 from Tayade's house to Kalaskar's house.,Physical Inspection,Completed,0.4693487401714691,True,medium,temporal,R04,"This ₹400,000 work was completed in only 0 days, which is suspiciously fast for a project of this budget.","Sanction: ₹400,000; Disbursed: ₹396,568; Cost ratio: 0.99; Sanction delay: 3d; Vendor HHI: 1.00",0.44392713146741414,0.75,0.16676273515604434,400000.0,396568.0,0.99142,396568.0,3,0.0,2025-03-31,2025-04-03,2025-04-03,1.0,1.0,1.0,1.0,True,False,False,0.0,0.0,1.0,1.3333333333333333,0.0
WS/MP18007/2025-2026/137081,Andhra Pradesh,ELURU,Putta Mahesh Kumar,Normal/Others,Providing Laboratory equipment to Physical Science/Biological Science/Mathematics and Social Studies.,Physical Inspection,Completed,0.468701473838882,True,medium,temporal,"R03,R04","Sanction was delayed by 501 days after recommendation, far exceeding the typical processing time. This ₹400,000 work was completed in only 0 days, which is suspiciously fast for a project of this budget.","Sanction: ₹400,000; Sanction delay: 501d; Vendor HHI: 1.00",0.3542512465608909,0.6875,0.300396177710455,400000.0,,,,501,0.0,2024-08-26,2026-01-09,2026-01-09,1.0,,,1.0,False,False,False,,,,1.3333333333333333,0.0
WS/MP313/2024-2025/138705,Arunachal Pradesh,ARUNACHAL EAST,Shri Tapir Gao,Normal/Others,C/o Market Shed at Wakka SDO HQ in Longding District,Physical Inspection,Completed,0.4686030811550509,True,medium,compliance,R05,"Completed work worth ₹1,000,000 has no verification photograph attached, which is a compliance gap.","Sanction: ₹1,000,000; Disbursed: ₹1,000,000; Cost ratio: 1.00; Sanction delay: 45d; Duration: 53d",0.2126347841258972,0.5,0.6155553860673617,1000000.0,1000000.0,1.0,1000000.0,45,53.0,2024-09-14,2024-10-29,2024-12-21,0.6800000000000002,2.0,3.0,0.8,False,True,False,0.0,0.0,0.5,3.3333333333333335,0.2324561403508772
WS/MP18133/2025-2026/148572,Maharashtra,SATARA,SHRIMANT CHH UDAYANRAJE PRATAPSINHAMAHARAJ BHONSLE,Normal/Others,Provision of RCC Drain at Sabalwadi,Physical Inspection,Completed,0.46782994989535676,True,medium,financial,R07,"1 out of 1.0 payments (100%) fall just below statutory thresholds, suggesting potential contract splitting.","Sanction: ₹500,000; Disbursed: ₹493,290; Cost ratio: 0.99; Sanction delay: 110d; Duration: 477d",0.428596237413509,0.75,0.17337397297708412,500000.0,493290.0,0.98658,493290.0,110,477.0,2025-01-02,2025-04-22,2026-08-12,1.0,1.0,1.0,1.0,True,False,False,1.0,1.0,1.0,1.6666666666666667,2.0921052631578947
WS/MP858/2024-2025/139945,West Bengal,BOLPUR(SC),Asit Kumar Mal,Normal/Others,"Construction of Boundary Wall for TANAYENDAR Vidyalaya at GOALPARA Village, Executing Agency will be EO SRINIKETAN SANTINIKETAN DEVELOPMENT AUTHORITY,BOLPUR,BIRBHUM.W.B.",Physical Inspection,Completed,0.46730928905170194,True,medium,vendor,R09,"All ₹3,720,542 of expenditure was directed to a single vendor for this large project, raising concentration risk.","Sanction: ₹3,720,542; Disbursed: ₹3,720,542; Cost ratio: 1.00; Sanction delay: 52d; Duration: 390d",0.7396485146968491,0.5,0.2354204582213989,3720542.0,3720542.0,1.0,3720542.0,52,390.0,2024-09-08,2024-10-30,2025-11-24,1.0,1.0,1.0,1.0,True,False,False,0.0,0.0,1.0,12.401806666666667,1.7105263157894737
WS/MP18311/2024-2025/142736,Punjab,ANANDPUR SAHIB,MALVINDER SINGH KANG,Normal/Others,Construction of room for community cultural activities at village Alampur,Vendor Identification,Ongoing,0.46720760697067326,True,medium,statistical,,This work shows unusual patterns across multiple financial and operational metrics compared to similar works.,"Sanction: ₹200,000; Disbursed: ₹144,751; Cost ratio: 0.72; Sanction delay: 41d; Vendor HHI: 0.23",0.657555978029208,0.0,0.8651960356096323,200000.0,144751.0,0.723755,,41,,2024-09-24,2024-11-04,,0.22960734485073403,6.0,8.0,0.2970825762861742,False,False,False,1.0,0.125,0.13298699145429047,0.6666666666666666,
WS/MP18041/2024-2025/143087,Bihar,PURNEA,RAJESH RANJAN ALIAS PAPPU YADAV,Normal/Others,16 miter unchai wale L.E.D. (150*8) high mask light purniya medical college aewm asptal parishar me char  adad adhisthapit karne ki anusansha ki jati hai,Physical Inspection,Completed,0.46693445709510173,True,medium,vendor,"R05,R09","Completed work worth ₹3,400,000 has no verification photograph attached, which is a compliance gap. All ₹3,400,000 of expenditure was directed to a single vendor for this large project, raising concentration risk.","Sanction: ₹3,400,000; Disbursed: ₹3,400,000; Cost ratio: 1.00; Sanction delay: 73d; Duration: 111d",0.7308734371049272,0.55,0.18347456519677108,3400000.0,3400000.0,1.0,3400000.0,73,111.0,2024-09-24,2024-12-06,2025-03-27,1.0,1.0,1.0,1.0,True,True,False,0.0,0.0,1.0,11.333333333333334,0.4868421052631579
WS/MP681/2024-2025/144038,Maharashtra,PARBHANI,Sanjay Haribhau Jadhav,Normal/Others,"construction of cc road at Shewga, tal.Partur.",Vendor Identification,Ongoing,0.46687471930162255,True,medium,financial,R07,"1 out of 1.0 payments (100%) fall just below statutory thresholds, suggesting potential contract splitting.","Sanction: ₹1,000,000; Disbursed: ₹957,000; Cost ratio: 0.96; Sanction delay: 92d; Vendor HHI: 1.00",0.4949379574036416,0.75,0.1232577998591774,1000000.0,957000.0,0.957,,92,,2024-10-03,2025-01-03,,1.0,1.0,1.0,1.0,True,False,False,1.0,1.0,1.0,3.3333333333333335,
WS/MP740/2025-2026/140336,Tamil Nadu,NILGIRIS(SC),Andimuthu Raja,Normal/Others,Construction of Milk Producers co-operative society building at Jothipuram H/O Marudhur Panchayat,Work Completed,Completed,0.4660836167777123,True,medium,vendor,"R04,R05,R09","This ₹1,300,000 work was completed in only 4 days, which is suspiciously fast for a project of this budget. Completed work worth ₹1,298,804 has no verification photograph attached, which is a compliance gap. All ₹1,298,804 of expenditure was directed to a single vendor for this large project, raising concentration risk.","Sanction: ₹1,300,000; Disbursed: ₹1,298,804; Cost ratio: 1.00; Sanction delay: 292d; Duration: 4d",0.4191995312579071,0.7000000000000001,0.23223923989495865,1300000.0,1298804.0,0.99908,1298804.0,292,4.0,2024-09-11,2025-06-30,2025-07-04,1.0,1.0,1.0,1.0,True,True,False,0.0,0.0,1.0,4.333333333333333,0.017543859649122806
WS/MP18112/2024-2025/136994,Maharashtra,AMRAVATI(SC),BALWANT BASWANT WANKHADE,Normal/Others,Construction of road and drain leading from Ambadas Kshirsagar's house to Shamraoji Pawar's house at khartalegaon ta. Bhatkuli dist amravati,Physical Inspection,Completed,0.4659199196299925,True,medium,financial,"R05,R10","Completed work worth ₹794,715 has no verification photograph attached, which is a compliance gap. 94% of total funds were disbursed in the first payment, despite having 2.0 total payments, indicating excessive upfront payment.","Sanction: ₹800,000; Disbursed: ₹794,715; Cost ratio: 0.99; Sanction delay: 50d; Duration: 228d",0.46516808143054605,0.6875,0.2132225693495885,800000.0,794715.0,0.99339375,794715.0,50,228.0,2024-08-25,2024-10-14,2025-05-30,1.0,1.0,2.0,1.0,True,True,False,1.0,0.5,0.9399671580377871,2.6666666666666665,1.0
WS/MP745/2025-2026/141430,Tamil Nadu,TIRUPPUR,K Subbarayan,Normal/Others,"Anthiyur,ammapettai thaalukka,maanikkamplaiyam  H/o consraction of road at erode",Physical Inspection,Completed,0.4653907807513755,True,medium,vendor,"R04,R09","This ₹1,807,337 work was completed in only 1 days, which is suspiciously fast for a project of this budget. All ₹1,807,337 of expenditure was directed to a single vendor for this large project, raising concentration risk.","Sanction: ₹1,807,337; Disbursed: ₹1,807,337; Cost ratio: 1.00; Sanction delay: 239d; Duration: 1d",0.44710232334000954,0.6875,0.22461485690392324,1807337.0,1807337.0,1.0,1807337.0,239,1.0,2024-09-17,2025-05-14,2025-05-15,1.0,1.0,1.0,1.0,True,False,False,0.0,0.0,1.0,6.024456666666667,0.0043859649122807015
WS/MP18007/2024-2025/147244,Andhra Pradesh,ELURU,Putta Mahesh Kumar,Normal/Others,Construction of 1st Floor on existing Multipurpose Hall in 26th Division located at Janmabhoomi Park near Yadava area at Ameenapeta of Eluru,Physical Inspection,Completed,0.465155718897441,True,medium,vendor,R09,"All ₹1,863,616 of expenditure was directed to a single vendor for this large project, raising concentration risk.","Sanction: ₹2,050,000; Disbursed: ₹1,863,616; Cost ratio: 0.91; Sanction delay: 114d; Duration: 418d",0.6576618567162238,0.5,0.2878292991953859,2050000.0,1863616.0,0.9090809756097561,1863616.0,114,418.0,2024-10-14,2025-02-05,2026-03-30,1.0,1.0,1.0,1.0,True,False,False,0.0,0.0,1.0,6.833333333333333,1.8333333333333333
WS/MP826/2025-2026/135695,West Bengal,DARJEELING,Raju Bista,Repair and Renovation,"Repair and renovation of public library at Sansad IV, Lamahatta Gram Panchayat  Ref: Manju Waiba (7866940040), Member Lamahatta GP",Physical Inspection,Completed,0.4651547546847368,True,medium,financial,R07,"1 out of 1.0 payments (100%) fall just below statutory thresholds, suggesting potential contract splitting.","Sanction: ₹500,000; Disbursed: ₹494,999; Cost ratio: 0.99; Sanction delay: 250d; Duration: 142d",0.48428469386607054,0.75,0.12595308919491188,500000.0,494999.0,0.989998,494999.0,250,142.0,2024-08-16,2025-04-23,2025-09-12,1.0,1.0,1.0,1.0,True,False,False,1.0,1.0,1.0,1.0033612602217428,0.7029702970297029
WS/MP858/2024-2025/148955,West Bengal,BOLPUR(SC),Asit Kumar Mal,Normal/Others,INSTALLATION OF 53 NO STREET LIGHT FROM LAGHATA MORE TO BAKUL VILLAGE MORE. EXECUTING AGENCY WILL BE E.O.LABPUR PANCHAYT SAMITY.,Physical Inspection,Completed,0.46489739562225085,True,medium,vendor,R09,"All ₹2,298,150 of expenditure was directed to a single vendor for this large project, raising concentration risk.","Sanction: ₹2,298,150; Disbursed: ₹2,298,150; Cost ratio: 1.00; Sanction delay: 41d; Duration: 597d",0.6012117192840879,0.5,0.3274127594320826,2298150.0,2298150.0,1.0,2298150.0,41,597.0,2024-10-22,2024-12-02,2026-07-22,1.0,1.0,1.0,1.0,True,False,False,0.0,0.0,1.0,7.6605,2.6184210526315788
WS/MP858/2024-2025/148954,West Bengal,BOLPUR(SC),Asit Kumar Mal,Normal/Others,"INSTALLATION 53 NO STREET LIGHT FROM LABPUR REGISTRY OFFICE MORE TO SASTINAGAR BUS STAND,EXECUTING AGENCY WILL BE E.O.LABPUR PANCHAYT SAMITY.",Physical Inspection,Completed,0.46489739562225085,True,medium,vendor,R09,"All ₹2,298,150 of expenditure was directed to a single vendor for this large project, raising concentration risk.","Sanction: ₹2,298,150; Disbursed: ₹2,298,150; Cost ratio: 1.00; Sanction delay: 41d; Duration: 597d",0.6012117192840879,0.5,0.3274127594320826,2298150.0,2298150.0,1.0,2298150.0,41,597.0,2024-10-22,2024-12-02,2026-07-22,1.0,1.0,1.0,1.0,True,False,False,0.0,0.0,1.0,7.6605,2.6184210526315788
WS/MP681/2024-2025/143655,Maharashtra,PARBHANI,Sanjay Haribhau Jadhav,Normal/Others,"Construction of internal cement roads and drains within the village at Chandanpuri kh, tal.Ambad dist.Jalna.",Vendor Identification,Ongoing,0.4643835458849738,True,medium,financial,R07,"1 out of 1.0 payments (100%) fall just below statutory thresholds, suggesting potential contract splitting.","Sanction: ₹999,000; Disbursed: ₹985,348; Cost ratio: 0.99; Sanction delay: 13d; Vendor HHI: 1.00",0.4947821577910618,0.75,0.11625144696345235,999000.0,985348.0,0.9863343343343344,,13,,2024-09-25,2024-10-08,,1.0,1.0,1.0,1.0,True,False,False,1.0,1.0,1.0,3.33,
WS/MP18257/2025-2026/141689,West Bengal,TAMLUK,ABHIJIT GANGOPADHYAY,Normal/Others,"Construction of a concrete road from the house of Anil Pal to the house of Prajapati Bhunia, Mouza-Shimulkundu, J.L. No. 227, Plot No. 1893 to 1740 under Gokulnagar G.P.",Physical Inspection,Completed,0.46429212485120563,True,medium,financial,R07,"1 out of 1.0 payments (100%) fall just below statutory thresholds, suggesting potential contract splitting.","Sanction: ₹500,000; Disbursed: ₹499,074; Cost ratio: 1.00; Sanction delay: 241d; Duration: 59d",0.47719962158467416,0.75,0.12854919844296298,500000.0,499074.0,0.998148,499074.0,241,59.0,2024-09-24,2025-05-23,2025-07-21,1.0,1.0,1.0,1.0,True,False,False,1.0,1.0,1.0,1.6666666666666667,0.25877192982456143
WS/MP745/2025-2026/141432,Tamil Nadu,TIRUPPUR,K Subbarayan,Normal/Others,"merkupathy,consrsction of water tank in10000ltr H/o merkupathiy panchayat",Physical Inspection,Completed,0.46384779314145463,True,medium,temporal,"R03,R04,R09","Sanction was delayed by 371 days after recommendation, far exceeding the typical processing time. This ₹1,524,749 work was completed in only 4 days, which is suspiciously fast for a project of this budget. All ₹1,524,749 of expenditure was directed to a single vendor for this large project, raising concentration risk.","Sanction: ₹1,524,749; Disbursed: ₹1,524,749; Cost ratio: 1.00; Sanction delay: 371d; Duration: 4d",0.3451882499561968,0.7000000000000001,0.2787163732925869,1524749.0,1524749.0,1.0,1524749.0,371,4.0,2024-09-17,2025-09-23,2025-09-27,1.0,1.0,1.0,1.0,True,False,False,0.0,0.0,1.0,5.082496666666667,0.017543859649122806
WS/MP18176/2024-2025/142544,Tamil Nadu,DINDIGUL,SACHITHANANTHAM R,Normal/Others,Oddanchatram Municipality - Ward No: 4 - old Gandhi Market Complex @ Three High Mast light,Work Completed,Completed,0.4636087762358754,True,medium,vendor,"R05,R09","Completed work worth ₹3,000,000 has no verification photograph attached, which is a compliance gap. All ₹3,000,000 of expenditure was directed to a single vendor for this large project, raising concentration risk.","Sanction: ₹3,000,000; Disbursed: ₹3,000,000; Cost ratio: 1.00; Sanction delay: 169d; Duration: 132d",0.7086811502853663,0.55,0.1898242533272394,3000000.0,3000000.0,1.0,3000000.0,169,132.0,2024-09-24,2025-03-12,2025-07-22,1.0,1.0,1.0,1.0,True,True,False,0.0,0.0,1.0,10.0,0.5789473684210527
WS/MP18224/2024-2025/141400,Uttar Pradesh,KANPUR,RAMESH AWASTHI,Normal/Others,Installation of 26 semi high mast light at 9.5 meter poll (4x200watt) at different places in Kanpur Nagar according to  letter attached.,Physical Inspection,Completed,0.46352495484442857,True,medium,vendor,R09,"All ₹3,831,541 of expenditure was directed to a single vendor for this large project, raising concentration risk.","Sanction: ₹3,831,541; Disbursed: ₹3,831,541; Cost ratio: 1.00; Sanction delay: 22d; Duration: 338d",0.7416168578646224,0.5,0.22320211536649426,3831541.0,3831541.0,1.0,3831541.0,22,338.0,2024-09-17,2024-10-09,2025-09-12,1.0,1.0,1.0,1.0,True,False,False,0.0,0.0,1.0,12.771803333333333,1.4824561403508771
WS/MP384/2024-2025/145413,Rajasthan,BIKANER(SC),Shri Arjun Ram Meghwal,Normal/Others,"Sarwjanik Samudaayik Bhawan mein Tin Shed Nirman Kary,Mahajan ; Working agency : Panchayat Samiti Lunkaransar",Physical Inspection,Completed,0.46337132337081854,True,medium,financial,R07,"1 out of 1.0 payments (100%) fall just below statutory thresholds, suggesting potential contract splitting.","Sanction: ₹1,000,000; Disbursed: ₹986,935; Cost ratio: 0.99; Sanction delay: 64d; Duration: 142d",0.4949379574036416,0.75,0.11324809719973739,1000000.0,986935.0,0.986935,986935.0,64,142.0,2024-10-04,2024-12-07,2025-04-28,1.0,1.0,1.0,1.0,True,False,False,1.0,1.0,1.0,3.3333333333333335,0.6228070175438597
WS/MP745/2025-2026/141239,Tamil Nadu,TIRUPPUR,K Subbarayan,Normal/Others,"Anupparpalaiyam puthur school,additional 2 class rooms tiruppur corpration",Work Completed,Completed,0.46300002966484016,True,medium,vendor,"R04,R09","This ₹1,650,000 work was completed in only 4 days, which is suspiciously fast for a project of this budget. All ₹1,649,648 of expenditure was directed to a single vendor for this large project, raising concentration risk.","Sanction: ₹1,650,000; Disbursed: ₹1,649,648; Cost ratio: 1.00; Sanction delay: 319d; Duration: 4d",0.3900174858816635,0.6875,0.2585590234126407,1650000.0,1649648.0,0.9997866666666667,1649648.0,319,4.0,2024-09-16,2025-08-01,2025-08-05,1.0,1.0,1.0,1.0,True,False,False,0.0,0.0,1.0,5.5,0.017543859649122806
WS/MP18112/2024-2025/136984,Maharashtra,AMRAVATI(SC),BALWANT BASWANT WANKHADE,Normal/Others,Construction Of Community Hall At Chincholi Rahimapur (Kh)Ta. Anjangaon Surji Dist Amravati,Work Completed,Completed,0.4627793396678661,True,medium,vendor,R09,"All ₹1,496,534 of expenditure was directed to a single vendor for this large project, raising concentration risk.","Sanction: ₹1,500,000; Disbursed: ₹1,496,534; Cost ratio: 1.00; Sanction delay: 50d; Duration: 544d",0.5771695357141655,0.5,0.3385341592552136,1500000.0,1496534.0,0.9976893333333333,1496534.0,50,544.0,2024-08-25,2024-10-14,2026-04-11,1.0,1.0,2.0,1.0,True,False,False,0.0,0.0,0.7540403358694155,5.0,2.3859649122807016
WS/MP18112/2024-2025/136716,Maharashtra,AMRAVATI(SC),BALWANT BASWANT WANKHADE,Normal/Others,CONSTRUCTION OF BOUNDRY WALL AT KOTAMI GRAAMPANCHAYAT DAHENDRI TAQ. CHIKHALDARA DIST AMRAVATI,Work Completed,Completed,0.46272664999505625,True,medium,financial,R07,"1 out of 1.0 payments (100%) fall just below statutory thresholds, suggesting potential contract splitting.","Sanction: ₹1,000,000; Disbursed: ₹994,082; Cost ratio: 0.99; Sanction delay: 153d; Duration: 266d",0.4949379574008242,0.75,0.11140617327100044,1000000.0,994082.0,0.994082,994082.0,153,266.0,2024-08-21,2025-01-21,2025-10-14,1.0,1.0,1.0,1.0,True,False,False,1.0,1.0,1.0,3.3333333333333335,1.1666666666666667
WS/MP18307/2025-2026/143608,Maharashtra,MUMBAI NORTH,Piyush Vedprakash Goyal,Normal/Others,Ward 36- Re-construction of Toilet at near Madras Pada Kandivali (East),Work partially Completed,Ongoing,0.46250694191281305,True,medium,vendor,"R03,R09","Sanction was delayed by 492 days after recommendation, far exceeding the typical processing time. All ₹1,998,482 of expenditure was directed to a single vendor for this large project, raising concentration risk.","Sanction: ₹2,000,000; Disbursed: ₹1,998,482; Cost ratio: 1.00; Sanction delay: 492d; Vendor HHI: 1.00",0.5135712161029284,0.55,0.32604039396308837,2000000.0,1998482.0,0.999241,,492,,2024-09-25,2026-01-30,,1.0,1.0,1.0,1.0,True,False,False,0.0,0.0,1.0,6.666666666666667,
WS/MP18307/2025-2026/143606,Maharashtra,MUMBAI NORTH,Piyush Vedprakash Goyal,Normal/Others,Ward 30 - Construction of Toilets at  Iraniwadi Charkop Kandivali (West),Work partially Completed,Ongoing,0.46250694191281305,True,medium,vendor,"R03,R09","Sanction was delayed by 492 days after recommendation, far exceeding the typical processing time. All ₹1,998,482 of expenditure was directed to a single vendor for this large project, raising concentration risk.","Sanction: ₹2,000,000; Disbursed: ₹1,998,482; Cost ratio: 1.00; Sanction delay: 492d; Vendor HHI: 1.00",0.5135712161029284,0.55,0.32604039396308837,2000000.0,1998482.0,0.999241,,492,,2024-09-25,2026-01-30,,1.0,1.0,1.0,1.0,True,False,False,0.0,0.0,1.0,6.666666666666667,
WS/MP18217/2024-2025/136857,Uttar Pradesh,FIROZABAD,AKSHAYA YADAV,Normal/Others,developement of interlocking and drainage system from kishanpal house to jagdish yadav plot length 400 meter by 4 meter,Physical Inspection,Completed,0.4621665849016725,True,medium,vendor,R09,"All ₹3,148,552 of expenditure was directed to a single vendor for this large project, raising concentration risk.","Sanction: ₹3,148,552; Disbursed: ₹3,148,552; Cost ratio: 1.00; Sanction delay: 55d; Duration: 154d",0.7189504556298137,0.5,0.23551134569776888,3148552.0,3148552.0,1.0,3148552.0,55,154.0,2024-08-23,2024-10-17,2025-03-20,1.0,1.0,2.0,1.0,True,False,False,0.0,0.0,0.7492253581964027,10.495173333333334,0.6754385964912281
WS/MP18250/2025-2026/140433,West Bengal,BASIRHAT,SK NURUL ISLAM,Normal/Others,Installation of 12 miters Highmast Light with 6nos. IP65 Flood light with high power LED  at Jora Ashathatala under Jagannathpur G.P and Baduria Panchayet Samity (SL. No-35).,Vendor Identification,Ongoing,0.4620339880460419,True,medium,financial,"R03,R07","Sanction was delayed by 540 days after recommendation, far exceeding the typical processing time. 1 out of 1.0 payments (100%) fall just below statutory thresholds, suggesting potential contract splitting.","Sanction: ₹500,000; Disbursed: ₹499,806; Cost ratio: 1.00; Sanction delay: 540d; Vendor HHI: 1.00",0.3737978467951091,0.6875,0.26738436099218454,500000.0,499806.0,0.999612,,540,,2024-09-12,2026-03-06,,1.0,1.0,1.0,1.0,True,False,False,1.0,1.0,1.0,1.6666666666666667,
WS/MP681/2024-2025/143658,Maharashtra,PARBHANI,Sanjay Haribhau Jadhav,Normal/Others,Construction of internal cement roads and drains within the village at Taka tal.Ambad dist.Jalna.,Vendor Identification,Ongoing,0.4619225419079943,True,medium,financial,R07,"1 out of 1.0 payments (100%) fall just below statutory thresholds, suggesting potential contract splitting.","Sanction: ₹1,000,000; Disbursed: ₹991,116; Cost ratio: 0.99; Sanction delay: 13d; Vendor HHI: 1.00",0.4949379574036416,0.75,0.10910872159166807,1000000.0,991116.0,0.991116,,13,,2024-09-25,2024-10-08,,1.0,1.0,1.0,1.0,True,False,False,1.0,1.0,1.0,3.3333333333333335,
WS/MP351/2025-2026/141848,Kerala,KANNUR,Shri Kumbakudi Sudhakaran,Normal/Others,Odakkund Anganwadi-Karaka-Neeliyanipadi-Road Tarring,Physical Inspection,Completed,0.46159035387151215,True,medium,temporal,"R03,R04","Sanction was delayed by 473 days after recommendation, far exceeding the typical processing time. This ₹604,098 work was completed in only 2 days, which is suspiciously fast for a project of this budget.","Sanction: ₹604,098; Disbursed: ₹604,098; Cost ratio: 1.00; Sanction delay: 473d; Duration: 2d",0.3389208308768704,0.6875,0.2910289890065558,604098.0,604098.0,1.0,604098.0,473,2.0,2024-09-19,2026-01-05,2026-01-07,1.0,1.0,1.0,1.0,True,False,False,0.0,0.0,1.0,2.01366,0.008771929824561403
WS/MP386/2024-2025/142533,Rajasthan,NAGAUR,Shri Hanuman Beniwal,Normal/Others,Construction of boundary wall of public cremation ground in village Narva Khurd,Physical Inspection,Completed,0.46143507678871604,True,medium,compliance,R05,"Completed work worth ₹999,662 has no verification photograph attached, which is a compliance gap.","Sanction: ₹999,662; Disbursed: ₹999,662; Cost ratio: 1.00; Sanction delay: 75d; Duration: 181d",0.25729046808861944,0.5,0.563178456475889,999662.0,999662.0,1.0,999662.0,75,181.0,2024-09-22,2024-12-06,2025-06-05,0.5612431028628784,2.0,2.0,0.6749901466695744,False,True,False,0.0,0.0,0.6749901466695744,3.3322066666666665,0.793859649122807
WS/MP858/2024-2025/139546,West Bengal,BOLPUR(SC),Asit Kumar Mal,Normal/Others,"Construction of CC ROAD FROM FARING HOUSE TO CHARKALGRAM HIGH SCHOOL AT KHALA.EXECUTING AGENCY WILL BE ,EO NANOOR PANCHAYAT SAMITI.",Physical Inspection,Completed,0.46129916213409544,True,medium,vendor,R09,"All ₹5,023,131 of expenditure was directed to a single vendor for this large project, raising concentration risk.","Sanction: ₹5,023,131; Disbursed: ₹5,023,131; Cost ratio: 1.00; Sanction delay: 86d; Duration: 91d",0.7490693767347485,0.5,0.21151947985830943,5023131.0,5023131.0,1.0,5023131.0,86,91.0,2024-09-07,2024-12-02,2025-03-03,1.0,1.0,1.0,1.0,True,False,False,0.0,0.0,1.0,16.74377,0.3991228070175439
WS/MP18074/2024-2025/140515,Jharkhand,KHUNTI(ST),KALI CHARAN MUNDA,Normal/Others,Construction of PCC road from near Rural Works Department Office towards Fisheries Office in Khunti.,Vendor Identification,Ongoing,0.46121303586636775,True,medium,financial,R07,"1 out of 1.0 payments (100%) fall just below statutory thresholds, suggesting potential contract splitting.","Sanction: ₹600,000; Disbursed: ₹480,000; Cost ratio: 0.80; Sanction delay: 32d; Vendor HHI: 1.00",0.4397757630693834,0.75,0.14648312885434822,600000.0,480000.0,0.8,,32,,2024-09-12,2024-10-14,,1.0,1.0,1.0,1.0,True,False,False,1.0,1.0,1.0,2.0,
WS/MP352/2025-2026/138758,Kerala,ERNAKULAM,Shri Hibi Eden,Trust and Society,"Construction of Building for Eroor Grameena Vayanashala at Ward 48, Tripunithura Muncipality",Sanction,To Be Implemented,0.4608381448743564,True,medium,temporal,R03,"Sanction was delayed by 490 days after recommendation, far exceeding the typical processing time.","Sanction: ₹5,000,000; Sanction delay: 490d; Vendor HHI: 1.00",0.7490242007183776,0.5,0.2102345562707486,5000000.0,,,,490,,2024-09-04,2026-01-07,,1.0,,,1.0,False,False,False,,,,10.0,
WS/MP743/2025-2026/142804,Tamil Nadu,KANCHEEPURAM(SC),Ganesan Selvam,Normal/Others,Construction of PDS Building at Athimanam Panchayat.,Physical Inspection,Completed,0.46083605648067094,True,medium,temporal,"R03,R04","Sanction was delayed by 464 days after recommendation, far exceeding the typical processing time. This ₹799,676 work was completed in only 2 days, which is suspiciously fast for a project of this budget.","Sanction: ₹799,676; Disbursed: ₹799,676; Cost ratio: 1.00; Sanction delay: 464d; Duration: 2d",0.3338028192707218,0.6875,0.29252957617997266,799676.0,799676.0,1.0,799676.0,464,2.0,2024-09-23,2025-12-31,2026-01-02,1.0,1.0,1.0,1.0,True,False,False,0.0,0.0,1.0,2.6655866666666665,0.008771929824561403
WS/MP681/2024-2025/143654,Maharashtra,PARBHANI,Sanjay Haribhau Jadhav,Normal/Others,"Construction of Sabha mandap at Paradaon, Tal.Ghansawangi Dist.Jalna",Vendor Identification,Ongoing,0.46081074538381195,True,medium,financial,R07,"1 out of 1.0 payments (100%) fall just below statutory thresholds, suggesting potential contract splitting.","Sanction: ₹999,000; Disbursed: ₹991,457; Cost ratio: 0.99; Sanction delay: 13d; Vendor HHI: 1.00",0.49478215779106105,0.75,0.10604344553156198,999000.0,991457.0,0.9924494494494495,,13,,2024-09-25,2024-10-08,,1.0,1.0,1.0,1.0,True,False,False,1.0,1.0,1.0,3.33,
WS/MP681/2024-2025/143649,Maharashtra,PARBHANI,Sanjay Haribhau Jadhav,Normal/Others,"Construction of Sabha mandap at Chitli Putli, Tal.Jalna",Vendor Identification,Ongoing,0.4608107453838107,True,medium,financial,R07,"1 out of 1.0 payments (100%) fall just below statutory thresholds, suggesting potential contract splitting.","Sanction: ₹999,000; Disbursed: ₹991,855; Cost ratio: 0.99; Sanction delay: 13d; Vendor HHI: 1.00",0.49478215779105594,0.75,0.10604344553156198,999000.0,991855.0,0.9928478478478479,,13,,2024-09-25,2024-10-08,,1.0,1.0,1.0,1.0,True,False,False,1.0,1.0,1.0,3.33,
WS/MP18161/2024-2025/148963,Rajasthan,BHARATPUR(SC),SANJNA JATAV,Normal/Others,cement interlocking ent kharnja with nali nirman karya main kharnja jatav basti avm myamad puriya wali gali gram chitokari work agency gp jharoli,Work Completed,Completed,0.46049489592884607,True,medium,financial,R07,"1 out of 1.0 payments (100%) fall just below statutory thresholds, suggesting potential contract splitting.","Sanction: ₹1,000,000; Disbursed: ₹983,446; Cost ratio: 0.98; Sanction delay: 80d; Duration: 215d",0.4949379574036416,0.75,0.105029733079816,1000000.0,983446.0,0.983446,983446.0,80,215.0,2024-10-22,2025-01-10,2025-08-13,1.0,1.0,1.0,1.0,True,False,False,1.0,1.0,1.0,3.3333333333333335,0.9429824561403509
WS/MP632/2025-2026/142308,Kerala,PATHANAMTHITTA,Anto Antony,Normal/Others,"Construction of Bus Waiting Shed at KNM Govt. High School Junction, Njaleekandam in Kaviyoor Grama Panchayat.",Physical Inspection,Ongoing,0.4602417140566736,True,medium,financial,R07,"1 out of 1.0 payments (100%) fall just below statutory thresholds, suggesting potential contract splitting.","Sanction: ₹500,000; Disbursed: ₹492,809; Cost ratio: 0.99; Sanction delay: 254d; Vendor HHI: 1.00",0.4866521709347549,0.75,0.11022477520852803,500000.0,492809.0,0.985618,,254,,2024-09-24,2025-06-05,,1.0,1.0,1.0,1.0,True,False,False,1.0,1.0,1.0,1.6666666666666667,
WS/MP826/2025-2026/135683,West Bengal,DARJEELING,Raju Bista,Repair and Renovation,"Renovation of community centre at Deepak Toll, Reshep Dhura, Mungpoo towards Nawa Deepak Ghar Sudhar Samity  Ref: Ajit Chhetri (7001748397), Member, Reshep GP",Physical Inspection,Ongoing,0.46003139987736236,True,medium,financial,R07,"1 out of 1.0 payments (100%) fall just below statutory thresholds, suggesting potential contract splitting.","Sanction: ₹500,000; Disbursed: ₹487,187; Cost ratio: 0.97; Sanction delay: 250d; Vendor HHI: 1.00",0.48428469386607054,0.75,0.11131493260241343,500000.0,487187.0,0.974374,,250,,2024-08-16,2025-04-23,,1.0,1.0,1.0,1.0,True,False,False,1.0,1.0,1.0,1.0033612602217428,
WS/MP18307/2025-2026/146575,Maharashtra,MUMBAI NORTH,Piyush Vedprakash Goyal,Normal/Others,Ward 27  - Construction of of Sewerage and CC Passage at Nirmal Chawl Kandivali (East),Work partially Completed,Ongoing,0.45998888568755447,True,medium,vendor,"R03,R09","Sanction was delayed by 478 days after recommendation, far exceeding the typical processing time. All ₹1,998,482 of expenditure was directed to a single vendor for this large project, raising concentration risk.","Sanction: ₹2,000,000; Disbursed: ₹1,998,482; Cost ratio: 1.00; Sanction delay: 478d; Vendor HHI: 1.00",0.5135712161029284,0.55,0.3188459476052067,2000000.0,1998482.0,0.999241,,478,,2024-10-09,2026-01-30,,1.0,1.0,1.0,1.0,True,False,False,0.0,0.0,1.0,6.666666666666667,
WS/MP18390/2024-2025/146109,Uttar Pradesh,GHAZIPUR,AFZAL ANSARI,Normal/Others,"Installation of High Mask Light at: 1)	Zamaniya Block, Devariya Chatti near Ambedkar Sthaan 2)	Zamaniya Block, Devetha Chatti near Sammat Sthaan 3)	Zamaniya Block, Raghunathpur Mod(Jeevpur) 4)	Village Bahadur Gaon 5)	Rewatipur block At Sarhula Chatti (near Station) 6)	Bhadora Block, Dildarnagar, Near Wireless Mod 7)	Bhadora Block, Kariya Chatti 8)	Bhadora Block, Dildarnagar 9)	Village Saksaha, Block Bhadora",Physical Inspection,Completed,0.4599055260029345,True,medium,vendor,R09,"All ₹1,462,368 of expenditure was directed to a single vendor for this large project, raising concentration risk.","Sanction: ₹1,569,600; Disbursed: ₹1,462,368; Cost ratio: 0.93; Sanction delay: 161d; Duration: 286d",0.5887781951378913,0.5,0.322031363481319,1569600.0,1462368.0,0.9316819571865443,1569599.0,161,286.0,2024-10-08,2025-03-18,2025-12-29,1.0,1.0,2.0,1.0,True,False,False,0.0,0.0,0.7343849154248452,5.232,1.2543859649122806
WS/MP18173/2024-2025/137928,Tamil Nadu,ARANI,THARANIVENTHAN M S,Normal/Others,Construction of New Anganwadi Building ADC in Kappalambadi Panchayat,Physical Inspection,Completed,0.4597039364126957,True,medium,vendor,"R05,R09","Completed work worth ₹1,768,321 has no verification photograph attached, which is a compliance gap. All ₹1,768,321 of expenditure was directed to a single vendor for this large project, raising concentration risk.","Sanction: ₹1,768,321; Disbursed: ₹1,768,321; Cost ratio: 1.00; Sanction delay: 19d; Duration: 542d",0.43303869470488804,0.55,0.3755550363899247,1768321.0,1768321.0,1.0,1768321.0,19,542.0,2024-09-05,2024-09-24,2026-03-20,1.0,1.0,2.0,1.0,True,True,False,0.0,0.0,0.4241311390861727,5.894403333333333,2.3771929824561404
WS/MP517/2024-2025/140104,Uttar Pradesh,FATEHPUR SIKRI,Rajkumar Chahar,Normal/Others,"1- Pl see my letter no 7897 dated 27-8-2024 me prastavit high mast light install as sr no 1,2,3,4,6,7,19,22,24,31",Physical Inspection,Completed,0.4596066132098513,True,medium,vendor,"R05,R09","Completed work worth ₹2,489,504 has no verification photograph attached, which is a compliance gap. All ₹2,489,504 of expenditure was directed to a single vendor for this large project, raising concentration risk.","Sanction: ₹2,489,504; Disbursed: ₹2,489,504; Cost ratio: 1.00; Sanction delay: 39d; Duration: 247d",0.6432125764961063,0.55,0.22515276881664192,2489504.0,2489504.0,1.0,2489504.0,39,247.0,2024-09-10,2024-10-19,2025-06-23,1.0,1.0,2.0,1.0,True,True,False,0.0,0.0,0.6949862301888248,8.298346666666667,1.0833333333333333
WS/MP517/2024-2025/140106,Uttar Pradesh,FATEHPUR SIKRI,Rajkumar Chahar,Normal/Others,"2- Pl see my letter no 7897 dated 27-8-2024 me prastavit high mast light install in block Pinahat as par sr no 5,8,9,10,11,12,18,20,21,23",Physical Inspection,Completed,0.4596066132098513,True,medium,vendor,"R05,R09","Completed work worth ₹2,489,504 has no verification photograph attached, which is a compliance gap. All ₹2,489,504 of expenditure was directed to a single vendor for this large project, raising concentration risk.","Sanction: ₹2,489,504; Disbursed: ₹2,489,504; Cost ratio: 1.00; Sanction delay: 39d; Duration: 247d",0.6432125764961063,0.55,0.22515276881664192,2489504.0,2489504.0,1.0,2489504.0,39,247.0,2024-09-10,2024-10-19,2025-06-23,1.0,1.0,2.0,1.0,True,True,False,0.0,0.0,0.6949862301888248,8.298346666666667,1.0833333333333333
WS/MP517/2024-2025/140107,Uttar Pradesh,FATEHPUR SIKRI,Rajkumar Chahar,Normal/Others,"4- Pl see my letter no 7897 dated 27-8-2024 me prastavit high mast light install in block Pinahat as par sr no 26,28,30,40,41,42,44,45,48,49",Physical Inspection,Completed,0.4595948570527516,True,medium,vendor,"R05,R09","Completed work worth ₹2,489,258 has no verification photograph attached, which is a compliance gap. All ₹2,489,258 of expenditure was directed to a single vendor for this large project, raising concentration risk.","Sanction: ₹2,489,258; Disbursed: ₹2,489,258; Cost ratio: 1.00; Sanction delay: 39d; Duration: 247d",0.6431655518677076,0.55,0.22515276881664192,2489258.0,2489258.0,1.0,2489258.0,39,247.0,2024-09-10,2024-10-19,2025-06-23,1.0,1.0,2.0,1.0,True,True,False,0.0,0.0,0.6949858150501073,8.297526666666666,1.0833333333333333
WS/MP517/2024-2025/140108,Uttar Pradesh,FATEHPUR SIKRI,Rajkumar Chahar,Normal/Others,"2- Pl see my letter no 7897 dated 27-8-2024 me prastavit high mast light install in block Pinahat as par sr no 13,14,15,16,17,25,27,29,35,36",Physical Inspection,Completed,0.4595948570527516,True,medium,vendor,"R05,R09","Completed work worth ₹2,489,258 has no verification photograph attached, which is a compliance gap. All ₹2,489,258 of expenditure was directed to a single vendor for this large project, raising concentration risk.","Sanction: ₹2,489,258; Disbursed: ₹2,489,258; Cost ratio: 1.00; Sanction delay: 39d; Duration: 247d",0.6431655518677076,0.55,0.22515276881664192,2489258.0,2489258.0,1.0,2489258.0,39,247.0,2024-09-10,2024-10-19,2025-06-23,1.0,1.0,2.0,1.0,True,True,False,0.0,0.0,0.6949858150501073,8.297526666666666,1.0833333333333333
WS/MP18074/2024-2025/136923,Jharkhand,KHUNTI(ST),KALI CHARAN MUNDA,Normal/Others,Construction of paver block path from Panchayat Bhawan to Dashay Lohara's house in Munda Kunjla under Murhu Block.,Vendor Identification,Ongoing,0.4595943167332911,True,medium,financial,R07,"1 out of 1.0 payments (100%) fall just below statutory thresholds, suggesting potential contract splitting.","Sanction: ₹600,000; Disbursed: ₹480,000; Cost ratio: 0.80; Sanction delay: 37d; Vendor HHI: 1.00",0.4397757630693834,0.75,0.1418582170455578,600000.0,480000.0,0.8,,37,,2024-08-24,2024-09-30,,1.0,1.0,1.0,1.0,True,False,False,1.0,1.0,1.0,2.0,
WS/MP823/2024-2025/139555,West Bengal,KRISHNANAGAR,Ms Mahua Moitra,Normal/Others,"Construction of  Box Culvert near SonadahaPara to Howlia Under Natna GP, Block Tehatta-1, Nadia.",Work partially Completed,Ongoing,0.4592886427602196,True,medium,vendor,R09,"All ₹4,874,739 of expenditure was directed to a single vendor for this large project, raising concentration risk.","Sanction: ₹4,903,989; Disbursed: ₹4,874,739; Cost ratio: 0.99; Sanction delay: 100d; Vendor HHI: 1.00",0.749288015250888,0.5,0.2056189684214218,4903989.0,4874739.0,0.9940354678609598,,100,,2024-09-07,2024-12-16,,1.0,1.0,1.0,1.0,True,False,False,0.0,0.0,1.0,16.34663,
WS/MP18308/2025-2026/145410,Maharashtra,MUMBAI NORTH WEST,RAVINDRA DATTARAM WAIKAR,Repair and Renovation,"Construction of Road at Umedbhai Patel High School to CDEFRN Unit, Sunder Nagar, Malad (W)",Vendor Identification,Ongoing,0.4592836358491826,True,medium,vendor,"R03,R09","Sanction was delayed by 473 days after recommendation, far exceeding the typical processing time. All ₹1,998,481 of expenditure was directed to a single vendor for this large project, raising concentration risk.","Sanction: ₹2,000,000; Disbursed: ₹1,998,481; Cost ratio: 1.00; Sanction delay: 473d; Vendor HHI: 1.00",0.5135710113146555,0.55,0.3168310943443391,2000000.0,1998481.0,0.9992405,,473,,2024-10-04,2026-01-20,,1.0,1.0,1.0,1.0,True,False,False,0.0,0.0,1.0,4.013445040886971,
WS/MP18176/2024-2025/139742,Tamil Nadu,DINDIGUL,SACHITHANANTHAM R,Normal/Others,CONSTRUCTION OF KARIYAMPATTY MUTHU NAGAR ANGANWADI BUILDING,Work partially Completed,Ongoing,0.4592761140874806,True,medium,vendor,R09,"All ₹1,648,926 of expenditure was directed to a single vendor for this large project, raising concentration risk.","Sanction: ₹1,655,000; Disbursed: ₹1,648,926; Cost ratio: 1.00; Sanction delay: 7d; Vendor HHI: 1.00",0.6024349656842366,0.5,0.3104782076183471,1655000.0,1648926.0,0.9963299093655589,,7,,2024-09-09,2024-09-16,,1.0,1.0,2.0,1.0,True,False,False,0.0,0.0,0.5404499656139815,5.516666666666667,
WS/MP18220/2024-2025/147978,Uttar Pradesh,HATHRAS (SC),ANOOP PRADHAN BALMIKI,Normal/Others,Gram Ramanpur Block Hathras mai Ravi Chowhan kai makaan se Jogiya road tak 150 miter interlocking karya,Physical Inspection,Completed,0.45913602984365454,True,medium,vendor,"R05,R09","Completed work worth ₹2,200,692 has no verification photograph attached, which is a compliance gap. All ₹2,200,692 of expenditure was directed to a single vendor for this large project, raising concentration risk.","Sanction: ₹2,200,692; Disbursed: ₹2,200,692; Cost ratio: 1.00; Sanction delay: 12d; Duration: 65d",0.5755621258401947,0.55,0.2721299953817311,2200692.0,2200692.0,1.0,2200692.0,12,65.0,2024-10-17,2024-10-29,2025-01-02,1.0,1.0,2.0,1.0,True,True,False,0.0,0.0,0.7227871960274314,7.33564,0.2850877192982456
WS/MP641/2024-2025/143281,Madhya Pradesh,KHARGONE(ST),Gajendra Singh Patel,Normal/Others,Setting up of farmers’ training and assistance center in village Jalud at near Gaushala,Work Completed,Completed,0.4590592312239806,True,medium,vendor,"R05,R09","Completed work worth ₹1,500,000 has no verification photograph attached, which is a compliance gap. All ₹1,500,000 of expenditure was directed to a single vendor for this large project, raising concentration risk.","Sanction: ₹1,500,000; Disbursed: ₹1,500,000; Cost ratio: 1.00; Sanction delay: 3d; Duration: 231d",0.3364960640871798,0.55,0.44267204343481614,1500000.0,1500000.0,1.0,1500000.0,3,231.0,2024-09-24,2024-09-27,2025-05-16,1.0,1.0,3.0,1.0,True,True,False,0.0,0.0,0.5,5.0,1.013157894736842
WS/MP410/2024-2025/139571,Assam,LAKHIMPUR,Pradan Baruah,Normal/Others,"Construction of Temporary Iron Bridge at Kemi River under MPLADS, for the year 2024-25",Work partially Completed,Ongoing,0.4590521635678889,True,medium,vendor,R09,"All ₹3,574,579 of expenditure was directed to a single vendor for this large project, raising concentration risk.","Sanction: ₹3,600,000; Disbursed: ₹3,574,579; Cost ratio: 0.99; Sanction delay: 193d; Vendor HHI: 1.00",0.7414132208386747,0.5,0.210568166737772,3600000.0,3574579.0,0.9929386111111111,,193,,2024-09-07,2025-03-19,,1.0,1.0,1.0,1.0,True,False,False,0.0,0.0,1.0,12.0,
WS/MP18183/2024-2025/143806,Tamil Nadu,THANJAVUR,MURASOLI S,Normal/Others,"thillaisanam Panchayat, Construction of New PDS Building,thiruvaiyaru",Physical Inspection,Completed,0.4589288523210796,True,medium,vendor,"R08,R09","This work is marked as completed but still has 1 payment(s) in-progress, indicating a financial inconsistency. All ₹1,348,754 of expenditure was directed to a single vendor for this large project, raising concentration risk.","Sanction: ₹1,350,000; Disbursed: ₹1,348,754; Cost ratio: 1.00; Sanction delay: 1d; Duration: 693d",0.4288204649557006,0.55,0.37635353166329844,1350000.0,1348754.0,0.999077037037037,1348754.0,1,693.0,2024-09-26,2024-09-27,2026-08-21,1.0,1.0,1.0,1.0,True,False,True,0.0,0.0,1.0,4.5,3.039473684210526
WS/MP632/2025-2026/142059,Kerala,PATHANAMTHITTA,Anto Antony,Normal/Others,Purchase of Vechicle for Mobile Dispensary at Community Health Centre in Erumely Grama Panchayat.,Vendor Identification,Ongoing,0.4587173072940174,True,medium,temporal,R03,"Sanction was delayed by 411 days after recommendation, far exceeding the typical processing time.","Sanction: ₹900,000; Disbursed: ₹790,770; Cost ratio: 0.88; Sanction delay: 411d; Vendor HHI: 1.00",0.58753322280662,0.5,0.319525718835321,900000.0,790770.0,0.8786333333333334,,411,,2024-09-20,2025-11-05,,1.0,1.0,1.0,1.0,True,False,False,0.0,0.0,1.0,3.0,
WS/MP18339/2024-2025/142005,Uttar Pradesh,KAISERGANJ,KARAN BHUSHAN SINGH,Normal/Others,Sr.No. 10 Interlocking work of 400 m length from Pradhan Mantri Paraspatti Bahadurpur road to Shankar Bhagwan's place.,Physical Inspection,Completed,0.45860207032652117,True,medium,vendor,R09,"All ₹2,076,709 of expenditure was directed to a single vendor for this large project, raising concentration risk.","Sanction: ₹2,076,709; Disbursed: ₹2,076,709; Cost ratio: 1.00; Sanction delay: 61d; Duration: 539d",0.5389583016220482,0.5,0.3538928426314547,2076709.0,2076709.0,1.0,2076709.0,61,539.0,2024-09-20,2024-11-20,2026-05-13,1.0,1.0,2.0,1.0,True,False,False,0.0,0.0,0.6009301255014544,6.922363333333333,2.3640350877192984
WS/MP747/2024-2025/136681,Tamil Nadu,VIRUDHUNAGAR,Manickam Tagore B,Normal/Others,"Construction of Community Centre in ward no.20, Kannaki colony at Sivakasi Corporation",Work partially Completed,Ongoing,0.4585767362049724,True,medium,vendor,R09,"All ₹2,500,000 of expenditure was directed to a single vendor for this large project, raising concentration risk.","Sanction: ₹2,500,000; Disbursed: ₹2,500,000; Cost ratio: 1.00; Sanction delay: 193d; Vendor HHI: 1.00",0.6452028272589343,0.5,0.27793151254353954,2500000.0,2500000.0,1.0,,193,,2024-09-13,2025-03-25,,1.0,1.0,2.0,1.0,True,False,False,0.0,0.0,0.8146908,8.333333333333334,
WS/MP18032/2025-2026/134031,Bihar,BUXAR,SUDHAKAR SINGH,Repair and Renovation,Repair of Anganwadi centre at Bhar Chakia.,Physical Inspection,Completed,0.45814341067681663,True,medium,financial,"R03,R07","Sanction was delayed by 487 days after recommendation, far exceeding the typical processing time. 1 out of 1.0 payments (100%) fall just below statutory thresholds, suggesting potential contract splitting.","Sanction: ₹487,094; Disbursed: ₹487,094; Cost ratio: 1.00; Sanction delay: 487d; Duration: 48d",0.34699018164016315,0.6875,0.2754167579050737,487094.0,487094.0,1.0,487094.0,487,48.0,2024-07-23,2025-11-22,2026-01-09,1.0,1.0,1.0,1.0,True,False,False,1.0,1.0,1.0,0.9774624993728992,0.2376237623762376
WS/MP418/2024-2025/147613,Bihar,ARARIA,Pradeep Kumar Singh,Normal/Others,"Purchase of  Equipment and furniture/accessories for setting up Laboratories as per enclosed list in following schools/institutions: 1 UTKARMIT  MADHYAMIK VIDYALAY , SONAMANI GODAM",Physical Inspection,Completed,0.4581295622011112,True,medium,vendor,"R05,R09","Completed work worth ₹2,475,000 has no verification photograph attached, which is a compliance gap. All ₹2,475,000 of expenditure was directed to a single vendor for this large project, raising concentration risk.","Sanction: ₹2,475,000; Disbursed: ₹2,475,000; Cost ratio: 1.00; Sanction delay: 8d; Duration: 20d",0.6404102733221718,0.55,0.22293426820162332,2475000.0,2475000.0,1.0,2475000.0,8,20.0,2024-10-16,2024-10-24,2024-11-13,1.0,1.0,1.0,1.0,True,True,False,0.0,0.0,1.0,8.25,0.08771929824561403
WS/MP418/2024-2025/147611,Bihar,ARARIA,Pradeep Kumar Singh,Normal/Others,Purchase of Equipment and furniture/accessories for setting up Laboratories as per enclosed list in following schools/institutions: 1 +2 RAJKIYAKRIT HIGH SCHOOL KUARI,Physical Inspection,Completed,0.4581295622011112,True,medium,vendor,"R05,R09","Completed work worth ₹2,475,000 has no verification photograph attached, which is a compliance gap. All ₹2,475,000 of expenditure was directed to a single vendor for this large project, raising concentration risk.","Sanction: ₹2,475,000; Disbursed: ₹2,475,000; Cost ratio: 1.00; Sanction delay: 8d; Duration: 20d",0.6404102733221718,0.55,0.22293426820162332,2475000.0,2475000.0,1.0,2475000.0,8,20.0,2024-10-16,2024-10-24,2024-11-13,1.0,1.0,1.0,1.0,True,True,False,0.0,0.0,1.0,8.25,0.08771929824561403
WS/MP418/2024-2025/147612,Bihar,ARARIA,Pradeep Kumar Singh,Normal/Others,"Purchase of  Equipment and furniture/accessories for setting up Laboratories as per enclosed list in following schools/institutions: 1 UCHCH MADHYAMIK VIDYALYA, RAMPUR MOHANPUR WEST",Physical Inspection,Completed,0.4581295622011112,True,medium,vendor,"R05,R09","Completed work worth ₹2,475,000 has no verification photograph attached, which is a compliance gap. All ₹2,475,000 of expenditure was directed to a single vendor for this large project, raising concentration risk.","Sanction: ₹2,475,000; Disbursed: ₹2,475,000; Cost ratio: 1.00; Sanction delay: 8d; Duration: 20d",0.6404102733221718,0.55,0.22293426820162332,2475000.0,2475000.0,1.0,2475000.0,8,20.0,2024-10-16,2024-10-24,2024-11-13,1.0,1.0,1.0,1.0,True,True,False,0.0,0.0,1.0,8.25,0.08771929824561403
WS/MP18219/2025-2026/137973,Uttar Pradesh,HAMIRPUR_UP,AJENDRA SINGH LODHI,Normal/Others,1.High mast light,Vendor Identification,Ongoing,0.45789568518726453,True,medium,temporal,R03,"Sanction was delayed by 442 days after recommendation, far exceeding the typical processing time.","Sanction: ₹400,000; Disbursed: ₹322,530; Cost ratio: 0.81; Sanction delay: 442d; Vendor HHI: 1.00",0.606822403851025,0.5,0.3034002406414521,400000.0,322530.0,0.806325,,442,,2024-09-11,2025-11-27,,1.0,1.0,1.0,1.0,True,False,False,0.0,0.0,1.0,1.3333333333333333,
WS/MP18219/2025-2026/137970,Uttar Pradesh,HAMIRPUR_UP,AJENDRA SINGH LODHI,Normal/Others,1.High Mast Light Jeetendra ke makan ke pass,Vendor Identification,Ongoing,0.45789568518726453,True,medium,temporal,R03,"Sanction was delayed by 442 days after recommendation, far exceeding the typical processing time.","Sanction: ₹400,000; Disbursed: ₹322,531; Cost ratio: 0.81; Sanction delay: 442d; Vendor HHI: 1.00",0.606822403851025,0.5,0.3034002406414521,400000.0,322531.0,0.8063275,,442,,2024-09-11,2025-11-27,,1.0,1.0,1.0,1.0,True,False,False,0.0,0.0,1.0,1.3333333333333333,
WS/MP18219/2025-2026/137962,Uttar Pradesh,HAMIRPUR_UP,AJENDRA SINGH LODHI,Normal/Others,1.High Mast Light Vipin mantri ke makan ke pass,Vendor Identification,Ongoing,0.45789568518726453,True,medium,temporal,R03,"Sanction was delayed by 442 days after recommendation, far exceeding the typical processing time.","Sanction: ₹400,000; Disbursed: ₹322,531; Cost ratio: 0.81; Sanction delay: 442d; Vendor HHI: 1.00",0.606822403851025,0.5,0.3034002406414521,400000.0,322531.0,0.8063275,,442,,2024-09-11,2025-11-27,,1.0,1.0,1.0,1.0,True,False,False,0.0,0.0,1.0,1.3333333333333333,
WS/MP18219/2025-2026/137966,Uttar Pradesh,HAMIRPUR_UP,AJENDRA SINGH LODHI,Normal/Others,High Mast Light Mandir ke pass,Vendor Identification,Ongoing,0.45789568518726453,True,medium,temporal,R03,"Sanction was delayed by 442 days after recommendation, far exceeding the typical processing time.","Sanction: ₹400,000; Disbursed: ₹322,531; Cost ratio: 0.81; Sanction delay: 442d; Vendor HHI: 1.00",0.606822403851025,0.5,0.3034002406414521,400000.0,322531.0,0.8063275,,442,,2024-09-11,2025-11-27,,1.0,1.0,1.0,1.0,True,False,False,0.0,0.0,1.0,1.3333333333333333,
WS/MP18219/2025-2026/137967,Uttar Pradesh,HAMIRPUR_UP,AJENDRA SINGH LODHI,Normal/Others,1.High Mast Light Samajwadi Party  karyalay ke pass,Vendor Identification,Ongoing,0.45789568518726453,True,medium,temporal,R03,"Sanction was delayed by 442 days after recommendation, far exceeding the typical processing time.","Sanction: ₹400,000; Disbursed: ₹322,531; Cost ratio: 0.81; Sanction delay: 442d; Vendor HHI: 1.00",0.606822403851025,0.5,0.3034002406414521,400000.0,322531.0,0.8063275,,442,,2024-09-11,2025-11-27,,1.0,1.0,1.0,1.0,True,False,False,0.0,0.0,1.0,1.3333333333333333,
WS/MP18219/2025-2026/137964,Uttar Pradesh,HAMIRPUR_UP,AJENDRA SINGH LODHI,Normal/Others,1.High Mast light Manohar singh ke ghar ke pass,Vendor Identification,Ongoing,0.45789568518726453,True,medium,temporal,R03,"Sanction was delayed by 442 days after recommendation, far exceeding the typical processing time.","Sanction: ₹400,000; Disbursed: ₹322,531; Cost ratio: 0.81; Sanction delay: 442d; Vendor HHI: 1.00",0.606822403851025,0.5,0.3034002406414521,400000.0,322531.0,0.8063275,,442,,2024-09-11,2025-11-27,,1.0,1.0,1.0,1.0,True,False,False,0.0,0.0,1.0,1.3333333333333333,
WS/MP18219/2025-2026/137971,Uttar Pradesh,HAMIRPUR_UP,AJENDRA SINGH LODHI,Normal/Others,1.High Mast Light Ram janki mandir ke pass,Vendor Identification,Ongoing,0.45789568518726453,True,medium,temporal,R03,"Sanction was delayed by 442 days after recommendation, far exceeding the typical processing time.","Sanction: ₹400,000; Disbursed: ₹322,530; Cost ratio: 0.81; Sanction delay: 442d; Vendor HHI: 1.00",0.606822403851025,0.5,0.3034002406414521,400000.0,322530.0,0.806325,,442,,2024-09-11,2025-11-27,,1.0,1.0,1.0,1.0,True,False,False,0.0,0.0,1.0,1.3333333333333333,
WS/MP18219/2025-2026/137972,Uttar Pradesh,HAMIRPUR_UP,AJENDRA SINGH LODHI,Normal/Others,1.High Mast Light Rajendra ke ghar ke pass,Vendor Identification,Ongoing,0.45789568518726453,True,medium,temporal,R03,"Sanction was delayed by 442 days after recommendation, far exceeding the typical processing time.","Sanction: ₹400,000; Disbursed: ₹322,530; Cost ratio: 0.81; Sanction delay: 442d; Vendor HHI: 1.00",0.606822403851025,0.5,0.3034002406414521,400000.0,322530.0,0.806325,,442,,2024-09-11,2025-11-27,,1.0,1.0,1.0,1.0,True,False,False,0.0,0.0,1.0,1.3333333333333333,
WS/MP18219/2025-2026/137969,Uttar Pradesh,HAMIRPUR_UP,AJENDRA SINGH LODHI,Normal/Others,1.High Mast Light BSNL tower ke pass,Vendor Identification,Ongoing,0.45789568518726453,True,medium,temporal,R03,"Sanction was delayed by 442 days after recommendation, far exceeding the typical processing time.","Sanction: ₹400,000; Disbursed: ₹322,531; Cost ratio: 0.81; Sanction delay: 442d; Vendor HHI: 1.00",0.606822403851025,0.5,0.3034002406414521,400000.0,322531.0,0.8063275,,442,,2024-09-11,2025-11-27,,1.0,1.0,1.0,1.0,True,False,False,0.0,0.0,1.0,1.3333333333333333,
WS/MP18219/2025-2026/137963,Uttar Pradesh,HAMIRPUR_UP,AJENDRA SINGH LODHI,Normal/Others,1.High Mast light Police station,Vendor Identification,Ongoing,0.45789568518726453,True,medium,temporal,R03,"Sanction was delayed by 442 days after recommendation, far exceeding the typical processing time.","Sanction: ₹400,000; Disbursed: ₹322,531; Cost ratio: 0.81; Sanction delay: 442d; Vendor HHI: 1.00",0.606822403851025,0.5,0.3034002406414521,400000.0,322531.0,0.8063275,,442,,2024-09-11,2025-11-27,,1.0,1.0,1.0,1.0,True,False,False,0.0,0.0,1.0,1.3333333333333333,
WS/MP18219/2025-2026/137965,Uttar Pradesh,HAMIRPUR_UP,AJENDRA SINGH LODHI,Normal/Others,1.High Mast Light Bhuiya rani mandir ke pass,Vendor Identification,Ongoing,0.45789568518726453,True,medium,temporal,R03,"Sanction was delayed by 442 days after recommendation, far exceeding the typical processing time.","Sanction: ₹400,000; Disbursed: ₹322,531; Cost ratio: 0.81; Sanction delay: 442d; Vendor HHI: 1.00",0.606822403851025,0.5,0.3034002406414521,400000.0,322531.0,0.8063275,,442,,2024-09-11,2025-11-27,,1.0,1.0,1.0,1.0,True,False,False,0.0,0.0,1.0,1.3333333333333333,
WS/MP517/2024-2025/137539,Uttar Pradesh,FATEHPUR SIKRI,Rajkumar Chahar,Normal/Others,"dhimsri near bhanu sharma house, In chachipura khander near shanti devi house, Pitawali pokhar station curve,Bhilpura near ramnivas jaudan house,In teeketpura near naresh dhakare house,barana near girraj verma house,pinnapura Ai near Santosh Shastri house Behadi near sachivalay,chatariya pura ravindra baghel house repura yogendra sikarwar house,purani tahsil fatehabad near babita chauhan house,mohammadpur me near narendra pal singh house old no 7896 srno 22,25,26,28,29,30,31,32,34,36,37,38",Physical Inspection,Completed,0.45748234591068315,True,medium,vendor,R09,"All ₹2,740,998 of expenditure was directed to a single vendor for this large project, raising concentration risk.","Sanction: ₹2,740,998; Disbursed: ₹2,740,998; Cost ratio: 1.00; Sanction delay: 33d; Duration: 163d",0.682838526871116,0.5,0.24792204055115452,2740998.0,2740998.0,1.0,2740998.0,33,163.0,2024-08-28,2024-09-30,2025-03-12,1.0,1.0,2.0,1.0,True,False,False,0.0,0.0,0.795999851149107,9.13666,0.7149122807017544
WS/MP826/2025-2026/135685,West Bengal,DARJEELING,Raju Bista,Repair and Renovation,"Repair and renovation of Kalyankari Samaj community hall at Ward No 3, Sansad V, Mungpoo, Reshep Gram Panchayat  Ref: Saran Kumar Rai (6296545825), Member, Reshep GP",Physical Inspection,Completed,0.4574166328575786,True,medium,financial,R07,"1 out of 1.0 payments (100%) fall just below statutory thresholds, suggesting potential contract splitting.","Sanction: ₹500,000; Disbursed: ₹499,112; Cost ratio: 1.00; Sanction delay: 250d; Duration: 265d",0.4816104762468295,0.75,0.10575432513106064,500000.0,499112.0,0.998224,499112.0,250,265.0,2024-08-16,2025-04-23,2026-01-13,1.0,1.0,1.0,1.0,True,False,False,1.0,1.0,1.0,1.0033612602217428,1.311881188118812
WS/MP761/2024-2025/146611,Telangana,NIZAMABAD,Arvind Dharmapuri,Normal/Others,Construction of Artisan Shed near Peddamma TEMPLE,Physical Inspection,Completed,0.4574026930229529,True,medium,temporal,R04,"This ₹300,000 work was completed in only 0 days, which is suspiciously fast for a project of this budget.","Sanction: ₹300,000; Disbursed: ₹298,836; Cost ratio: 1.00; Sanction delay: 14d; Vendor HHI: 1.00",0.43924126129586727,0.75,0.13597822199710297,300000.0,298836.0,0.99612,298836.0,14,0.0,2024-10-10,2024-10-24,2024-10-24,1.0,1.0,1.0,1.0,True,False,False,0.0,0.0,1.0,1.0,0.0
WS/MP740/2026-2027/140334,Tamil Nadu,NILGIRIS(SC),Andimuthu Raja,Normal/Others,Construction of Anganvadi Building at Thiruvalluvar Thindal (Ward No 19) Kottuveerampalayam at Sathyamanagalam Panchayat,Physical Inspection,Ongoing,0.45736903012579794,True,medium,vendor,"R03,R09","Sanction was delayed by 621 days after recommendation, far exceeding the typical processing time. All ₹1,400,000 of expenditure was directed to a single vendor for this large project, raising concentration risk.","Sanction: ₹1,400,000; Disbursed: ₹1,400,000; Cost ratio: 1.00; Sanction delay: 621d; Vendor HHI: 1.00",0.4333144731677695,0.55,0.3686868909538731,1400000.0,1400000.0,1.0,,621,,2024-09-11,2026-05-25,,1.0,1.0,1.0,1.0,True,False,False,0.0,0.0,1.0,4.666666666666667,
WS/MP18311/2024-2025/141027,Punjab,ANANDPUR SAHIB,MALVINDER SINGH KANG,Normal/Others,Construction of community centers at village Madhopur,Work partially Completed,Ongoing,0.45727101810135734,True,medium,statistical,,This work shows unusual patterns across multiple financial and operational metrics compared to similar works.,"Sanction: ₹700,000; Disbursed: ₹422,800; Cost ratio: 0.60; Sanction delay: 8d; Vendor HHI: 0.41",0.6020074274108385,0.0,0.8764833178532793,700000.0,422800.0,0.604,,8,,2024-09-16,2024-09-24,,0.4051124682143372,3.0,8.0,0.5387890255439924,False,False,False,2.0,0.25,0.07450331125827815,2.3333333333333335,
WS/MP664/2025-2026/146363,Maharashtra,MUMBAI SOUTH,Arvind Ganpat Sawant,Normal/Others,navhans krida mandal gm bhosle marg worli community hall,Physical Inspection,Completed,0.4570866865410146,True,medium,vendor,"R04,R09","This ₹1,590,188 work was completed in only 0 days, which is suspiciously fast for a project of this budget. All ₹1,590,188 of expenditure was directed to a single vendor for this large project, raising concentration risk.","Sanction: ₹1,590,188; Disbursed: ₹1,590,188; Cost ratio: 1.00; Sanction delay: 344d; Vendor HHI: 1.00",0.36849450605214096,0.6875,0.25703731436565513,1590188.0,1590188.0,1.0,1590188.0,344,0.0,2024-10-08,2025-09-17,2025-09-17,1.0,1.0,1.0,1.0,True,False,False,0.0,0.0,1.0,5.300626666666667,0.0
WS/MP18183/2024-2025/143791,Tamil Nadu,THANJAVUR,MURASOLI S,Normal/Others,"New PDS building work at Venkatasamuthram panchayat, Kandamangalam",Physical Inspection,Completed,0.4569951502362726,True,medium,vendor,R09,"All ₹1,348,469 of expenditure was directed to a single vendor for this large project, raising concentration risk.","Sanction: ₹1,350,000; Disbursed: ₹1,348,469; Cost ratio: 1.00; Sanction delay: 1d; Duration: 697d",0.49638120330371993,0.5,0.37971385545812186,1350000.0,1348469.0,0.9988659259259259,1348469.0,1,697.0,2024-09-26,2024-09-27,2026-08-25,1.0,1.0,1.0,1.0,True,False,False,0.0,0.0,1.0,4.5,3.057017543859649
WS/MP747/2024-2025/136647,Tamil Nadu,VIRUDHUNAGAR,Manickam Tagore B,Normal/Others,Construction of Community center in Koothiyarkundu village at Nilaiyur Bit 1 panchayat,Physical Inspection,Completed,0.45675024832819405,True,medium,vendor,R09,"All ₹2,370,415 of expenditure was directed to a single vendor for this large project, raising concentration risk.","Sanction: ₹2,370,415; Disbursed: ₹2,370,415; Cost ratio: 1.00; Sanction delay: 67d; Duration: 391d",0.6183696790432301,0.5,0.2918795101925328,2370415.0,2370415.0,1.0,2370415.0,67,391.0,2024-09-13,2024-11-19,2025-12-15,1.0,1.0,2.0,1.0,True,False,False,0.0,0.0,0.5596328069135573,7.901383333333333,1.7149122807017543
WS/MP18307/2025-2026/143600,Maharashtra,MUMBAI NORTH,Piyush Vedprakash Goyal,Normal/Others,Ward 47- Beautification works at Ganga Building Link Road Malad (West),Work partially Completed,Ongoing,0.4567464045640986,True,medium,vendor,"R03,R09","Sanction was delayed by 546 days after recommendation, far exceeding the typical processing time. All ₹1,498,862 of expenditure was directed to a single vendor for this large project, raising concentration risk.","Sanction: ₹1,500,000; Disbursed: ₹1,498,862; Cost ratio: 1.00; Sanction delay: 546d; Vendor HHI: 1.00",0.4689212281973747,0.55,0.34147456432787116,1500000.0,1498862.0,0.9992413333333333,,546,,2024-09-25,2026-03-25,,1.0,1.0,1.0,1.0,True,False,False,0.0,0.0,1.0,5.0,
WS/MP370/2024-2025/140209,Odisha,SUNDARGARH (ST),Shri Jual Oram,Normal/Others,"Computer Education project at  Govt. U.P. School, Jamuna, GP-Jamuna, Block-Subdega",Work Completed,Completed,0.4559633990195217,True,medium,financial,R10,"98% of total funds were disbursed in the first payment, despite having 2.0 total payments, indicating excessive upfront payment.","Sanction: ₹480,000; Disbursed: ₹480,000; Cost ratio: 1.00; Sanction delay: 35d; Duration: 119d",0.14368346488460526,0.75,0.34297866513820097,480000.0,480000.0,1.0,480000.0,35,119.0,2024-09-20,2024-10-25,2025-02-21,0.9607999999999999,2.0,2.0,0.98,False,False,False,0.0,0.0,0.98,1.6,0.5219298245614035
WS/MP370/2024-2025/140211,Odisha,SUNDARGARH (ST),Shri Jual Oram,Normal/Others,"Computer Education project at  Govt. U.P. School, Tedgamuha, GP-Rajpur, Block-Subdega",Work Completed,Completed,0.4559633990195217,True,medium,financial,R10,"98% of total funds were disbursed in the first payment, despite having 2.0 total payments, indicating excessive upfront payment.","Sanction: ₹480,000; Disbursed: ₹480,000; Cost ratio: 1.00; Sanction delay: 35d; Duration: 119d",0.14368346488460526,0.75,0.34297866513820097,480000.0,480000.0,1.0,480000.0,35,119.0,2024-09-20,2024-10-25,2025-02-21,0.9607999999999999,2.0,2.0,0.98,False,False,False,0.0,0.0,0.98,1.6,0.5219298245614035
WS/MP370/2024-2025/140208,Odisha,SUNDARGARH (ST),Shri Jual Oram,Normal/Others,"Computer Education project at  Govt. U.P. School, Luhurenberni, GP-Hamirpur, Block-Subdega",Work Completed,Completed,0.4559633990195217,True,medium,financial,R10,"98% of total funds were disbursed in the first payment, despite having 2.0 total payments, indicating excessive upfront payment.","Sanction: ₹480,000; Disbursed: ₹480,000; Cost ratio: 1.00; Sanction delay: 35d; Duration: 119d",0.14368346488460526,0.75,0.34297866513820097,480000.0,480000.0,1.0,480000.0,35,119.0,2024-09-20,2024-10-25,2025-02-21,0.9607999999999999,2.0,2.0,0.98,False,False,False,0.0,0.0,0.98,1.6,0.5219298245614035
WS/MP370/2024-2025/140207,Odisha,SUNDARGARH (ST),Shri Jual Oram,Normal/Others,"Computer Education project at  Govt. U.P. School, Gailo, GP-Jaisar, Block-Subdega",Work Completed,Completed,0.4559633990195217,True,medium,financial,R10,"98% of total funds were disbursed in the first payment, despite having 2.0 total payments, indicating excessive upfront payment.","Sanction: ₹480,000; Disbursed: ₹480,000; Cost ratio: 1.00; Sanction delay: 35d; Duration: 119d",0.14368346488460526,0.75,0.34297866513820097,480000.0,480000.0,1.0,480000.0,35,119.0,2024-09-20,2024-10-25,2025-02-21,0.9607999999999999,2.0,2.0,0.98,False,False,False,0.0,0.0,0.98,1.6,0.5219298245614035
WS/MP370/2024-2025/140210,Odisha,SUNDARGARH (ST),Shri Jual Oram,Normal/Others,"Computer Education project at  Govt. U.P. School, Baurimunda, GP- Rajpur, Block-Subdega",Work Completed,Completed,0.4559633990195217,True,medium,financial,R10,"98% of total funds were disbursed in the first payment, despite having 2.0 total payments, indicating excessive upfront payment.","Sanction: ₹480,000; Disbursed: ₹480,000; Cost ratio: 1.00; Sanction delay: 35d; Duration: 119d",0.14368346488460526,0.75,0.34297866513820097,480000.0,480000.0,1.0,480000.0,35,119.0,2024-09-20,2024-10-25,2025-02-21,0.9607999999999999,2.0,2.0,0.98,False,False,False,0.0,0.0,0.98,1.6,0.5219298245614035
WS/MP18339/2024-2025/142003,Uttar Pradesh,KAISERGANJ,KARAN BHUSHAN SINGH,Normal/Others,Sr.No. 06 Interlocking work of 450 m length in Tomarpurwa of Gram Panchayat Chandipur.,Work partially Completed,Ongoing,0.45575743618085934,True,medium,vendor,R09,"All ₹2,316,339 of expenditure was directed to a single vendor for this large project, raising concentration risk.","Sanction: ₹2,320,000; Disbursed: ₹2,316,339; Cost ratio: 1.00; Sanction delay: 61d; Vendor HHI: 1.00",0.6794008805618418,0.5,0.24544918868685406,2320000.0,2316339.0,0.9984219827586207,,61,,2024-09-20,2024-11-20,,1.0,1.0,2.0,1.0,True,False,False,0.0,0.0,0.6003469267667643,7.733333333333333,
WS/MP313/2024-2025/138570,Arunachal Pradesh,ARUNACHAL EAST,Shri Tapir Gao,Normal/Others,"C/o Wall near Petrol Pump, Dura- Rengging in East Siang District",Work Completed,Completed,0.45554551194967197,True,medium,vendor,"R05,R09","Completed work worth ₹2,500,000 has no verification photograph attached, which is a compliance gap. All ₹2,500,000 of expenditure was directed to a single vendor for this large project, raising concentration risk.","Sanction: ₹2,500,000; Disbursed: ₹2,500,000; Cost ratio: 1.00; Sanction delay: 117d; Duration: 13d",0.6452028272589343,0.55,0.21212801467125253,2500000.0,2500000.0,1.0,2500000.0,117,13.0,2024-09-15,2025-01-10,2025-01-23,1.0,1.0,1.0,1.0,True,True,False,0.0,0.0,1.0,8.333333333333334,0.05701754385964912
WS/MP18176/2024-2025/140272,Tamil Nadu,DINDIGUL,SACHITHANANTHAM R,Normal/Others,"Construction of Government office buildings (Post office, Police station, Police chauki, etc.) in Pudhur @ paralipudhur Ration Shop",Work partially Completed,Ongoing,0.4552900236250728,True,medium,financial,R07,"1 out of 1.0 payments (100%) fall just below statutory thresholds, suggesting potential contract splitting.","Sanction: ₹1,000,000; Disbursed: ₹998,047; Cost ratio: 1.00; Sanction delay: 181d; Vendor HHI: 1.00",0.4938278188884015,0.75,0.09095162543706392,1000000.0,998047.0,0.998047,,181,,2024-09-12,2025-03-12,,1.0,1.0,1.0,1.0,True,False,False,1.0,1.0,1.0,3.3333333333333335,
WS/MP826/2024-2025/135708,West Bengal,DARJEELING,Raju Bista,Normal/Others,"Construction of footpath at Kalikotey Gaon, Barbot, Sindebong GP  Ref: Charitra Pakhrin (9002320942), Member Sindebong GP, Sansad IV",Work Completed,Completed,0.4551854513475543,True,medium,financial,R07,"1 out of 1.0 payments (100%) fall just below statutory thresholds, suggesting potential contract splitting.","Sanction: ₹499,918; Disbursed: ₹482,145; Cost ratio: 0.96; Sanction delay: 152d; Duration: 330d",0.43369640754611294,0.75,0.13360385560293153,499918.0,482145.0,0.964448169499798,482145.0,152,330.0,2024-08-16,2025-01-15,2025-12-11,1.0,1.0,1.0,1.0,True,False,False,1.0,1.0,1.0,1.6663933333333334,1.4473684210526316
WS/MP710/2025-2026/146370,Puducherry,Puducherry,Vaithilingam Ve,Normal/Others,"Purchase of 28 Nos of Aire Puro to be installed in procedure rooms and OPDs in for Mahatma Gandhi Post Graduate Institute of Dental Sciences, Puducherry",Work Completed,Completed,0.4548820952235173,True,medium,vendor,"R04,R09","This ₹1,614,000 work was completed in only 6 days, which is suspiciously fast for a project of this budget. All ₹1,614,000 of expenditure was directed to a single vendor for this large project, raising concentration risk.","Sanction: ₹1,614,000; Disbursed: ₹1,614,000; Cost ratio: 1.00; Sanction delay: 283d; Duration: 6d",0.37706672781040695,0.6875,0.2446154664883301,1614000.0,1614000.0,1.0,1614000.0,283,6.0,2024-10-08,2025-07-18,2025-07-24,1.0,1.0,1.0,1.0,True,False,False,0.0,0.0,1.0,5.38,0.02631578947368421
WS/MP386/2024-2025/142487,Rajasthan,NAGAUR,Shri Hanuman Beniwal,Normal/Others,Construction of Digital Library in Aabadi land of village Khundala,Physical Inspection,Completed,0.45463879626535064,True,medium,vendor,R09,"All ₹1,499,450 of expenditure was directed to a single vendor for this large project, raising concentration risk.","Sanction: ₹1,499,450; Disbursed: ₹1,499,450; Cost ratio: 1.00; Sanction delay: 75d; Duration: 35d",0.3363037803960472,0.5,0.4873224319038254,1499450.0,1499450.0,1.0,1499450.0,75,35.0,2024-09-22,2024-12-06,2025-01-10,1.0,1.0,3.0,1.0,True,False,False,0.0,0.0,0.4668378405415319,4.998166666666667,0.15350877192982457
WS/MP18313/2024-2025/147458,Rajasthan,BANSWARA(ST),RAJ KUMAR ROAT,Normal/Others,pitradev bavsi khorapada mein biradari nirman kary,Physical Inspection,Completed,0.45447379742156785,True,medium,compliance,R05,"Completed work worth ₹981,300 has no verification photograph attached, which is a compliance gap.","Sanction: ₹981,300; Disbursed: ₹981,300; Cost ratio: 1.00; Sanction delay: 7d; Duration: 442d",0.22763802162526753,0.5,0.5644694057578599,981300.0,981300.0,1.0,981300.0,7,442.0,2024-10-15,2024-10-22,2026-01-07,0.6397008030606459,2.0,2.0,0.7642922653622746,False,True,False,0.0,0.0,0.7642922653622746,3.271,1.9385964912280702
WS/MP18074/2024-2025/136751,Jharkhand,KHUNTI(ST),KALI CHARAN MUNDA,Normal/Others,Construction of shed near Karo River bridge at Ambapakna crematorium under Amma Panchayat.,Vendor Identification,Ongoing,0.4543381434714395,True,medium,financial,R07,"1 out of 1.0 payments (100%) fall just below statutory thresholds, suggesting potential contract splitting.","Sanction: ₹300,000; Disbursed: ₹240,000; Cost ratio: 0.80; Sanction delay: 37d; Vendor HHI: 1.00",0.42917859911289535,0.75,0.13440998198061616,300000.0,240000.0,0.8,,37,,2024-08-24,2024-09-30,,1.0,1.0,1.0,1.0,True,False,False,1.0,1.0,1.0,1.0,
WS/MP18133/2025-2026/148512,Maharashtra,SATARA,SHRIMANT CHH UDAYANRAJE PRATAPSINHAMAHARAJ BHONSLE,Normal/Others,Creation of Crematorium shed and Smashan Bhumi Dahini at Jadhav Mali at Atake.,Physical Inspection,Ongoing,0.45428556642253026,True,medium,financial,R07,"1 out of 1.0 payments (100%) fall just below statutory thresholds, suggesting potential contract splitting.","Sanction: ₹1,000,000; Disbursed: ₹995,310; Cost ratio: 1.00; Sanction delay: 110d; Vendor HHI: 1.00",0.49493795610824975,0.75,0.08728879255847943,1000000.0,995310.0,0.99531,,110,,2025-01-02,2025-04-22,,1.0,1.0,1.0,1.0,True,False,False,1.0,1.0,1.0,3.3333333333333335,
WS/MP681/2024-2025/144041,Maharashtra,PARBHANI,Sanjay Haribhau Jadhav,Normal/Others,"construction of cc road at Bhagde sawargaon, tal.mantha.",Vendor Identification,Ongoing,0.4541475266274564,True,medium,financial,R07,"1 out of 1.0 payments (100%) fall just below statutory thresholds, suggesting potential contract splitting.","Sanction: ₹1,000,000; Disbursed: ₹990,568; Cost ratio: 0.99; Sanction delay: 92d; Vendor HHI: 1.00",0.4949379574036416,0.75,0.08689439221870265,1000000.0,990568.0,0.990568,,92,,2024-10-03,2025-01-03,,1.0,1.0,1.0,1.0,True,False,False,1.0,1.0,1.0,3.3333333333333335,
WS/MP18253/2024-2025/140047,West Bengal,MATHURAPUR(SC),BAPI HALDAR,Normal/Others,CONSTRUCTION OC CC ROAD  FROM BAGARIYA  TO DAKSHIN BHANDARY CULVERT,Work Completed,Completed,0.45395423997058837,True,medium,financial,R07,"1 out of 1.0 payments (100%) fall just below statutory thresholds, suggesting potential contract splitting.","Sanction: ₹1,000,000; Disbursed: ₹998,890; Cost ratio: 1.00; Sanction delay: 71d; Duration: 396d",0.43323344852415635,0.75,0.13041679382728355,1000000.0,998890.0,0.99889,998890.0,71,396.0,2024-09-09,2024-11-19,2025-12-20,1.0,1.0,1.0,1.0,True,False,False,1.0,1.0,1.0,3.3333333333333335,1.736842105263158
WS/MP18161/2024-2025/140180,Rajasthan,BHARATPUR(SC),SANJNA JATAV,Normal/Others,shamshan ghat me shavdah grah v anya vikash karya gram baghai work agency gp jatoli Rathman,Work Completed,Completed,0.45388061536998964,True,medium,statistical,,This work shows unusual patterns across multiple financial and operational metrics compared to similar works.,"Sanction: ₹600,000; Disbursed: ₹597,520; Cost ratio: 1.00; Sanction delay: 119d; Duration: 414d",0.5608138971050525,0.0,0.896220403124933,600000.0,597520.0,0.9958666666666667,597520.0,119,414.0,2024-09-10,2025-01-07,2026-02-25,0.5150569087624036,23.0,23.0,0.7146204311152765,False,False,False,0.0,0.0,0.7146204311152765,2.0,1.8157894736842106
WS/MP632/2025-2026/142391,Kerala,PATHANAMTHITTA,Anto Antony,Normal/Others,"Providing One Ambulance to Grama Panchayath Palliative Care, Chittar.",Physical Inspection,Ongoing,0.45370976764131943,True,medium,temporal,R03,"Sanction was delayed by 387 days after recommendation, far exceeding the typical processing time.","Sanction: ₹872,863; Disbursed: ₹715,357; Cost ratio: 0.82; Sanction delay: 387d; Vendor HHI: 1.00",0.5720219184772128,0.5,0.31629796577718927,872863.0,715357.0,0.81955243835516,,387,,2024-09-24,2025-10-16,,1.0,1.0,1.0,1.0,True,False,False,0.0,0.0,1.0,2.909543333333333,
WS/MP632/2025-2026/142400,Kerala,PATHANAMTHITTA,Anto Antony,Normal/Others,"Providing One Ambulane to Grama Panchayath Palliative Care, Eraviperoor.",Physical Inspection,Ongoing,0.45370976764131943,True,medium,temporal,R03,"Sanction was delayed by 387 days after recommendation, far exceeding the typical processing time.","Sanction: ₹872,863; Disbursed: ₹715,357; Cost ratio: 0.82; Sanction delay: 387d; Vendor HHI: 1.00",0.5720219184772128,0.5,0.31629796577718927,872863.0,715357.0,0.81955243835516,,387,,2024-09-24,2025-10-16,,1.0,1.0,1.0,1.0,True,False,False,0.0,0.0,1.0,2.909543333333333,
WS/MP740/2026-2027/140341,Tamil Nadu,NILGIRIS(SC),Andimuthu Raja,Normal/Others,Construction of Anganvadi Building at Weekly Market area Ward No 15 at Punjai Puliampatti Town,Physical Inspection,Ongoing,0.45367927820491816,True,medium,vendor,"R03,R09","Sanction was delayed by 611 days after recommendation, far exceeding the typical processing time. All ₹1,400,000 of expenditure was directed to a single vendor for this large project, raising concentration risk.","Sanction: ₹1,400,000; Disbursed: ₹1,400,000; Cost ratio: 1.00; Sanction delay: 611d; Vendor HHI: 1.00",0.4299425737634035,0.55,0.3605532421830494,1400000.0,1400000.0,1.0,,611,,2024-09-11,2026-05-15,,1.0,1.0,1.0,1.0,True,False,False,0.0,0.0,1.0,4.666666666666667,
WS/MP761/2024-2025/146746,Telangana,NIZAMABAD,Arvind Dharmapuri,Normal/Others,Construction of Community hall in Shivaji Nagar Munnurukapu wada at Ward No 1 Metpally town,Physical Inspection,Completed,0.4534557646621461,True,medium,temporal,R04,"This ₹299,650 work was completed in only 6 days, which is suspiciously fast for a project of this budget.","Sanction: ₹299,650; Disbursed: ₹299,650; Cost ratio: 1.00; Sanction delay: 4d; Duration: 6d",0.15774261951958649,0.75,0.3257717422349983,299650.0,299650.0,1.0,299650.0,4,6.0,2024-10-11,2024-10-15,2024-10-21,1.0,1.0,2.0,1.0,True,False,False,0.0,0.0,0.8951109627899215,0.9988333333333334,0.02631578947368421
WS/MP356/2025-2026/140605,Madhya Pradesh,MANDSOUR,Shri Sudheer Gupta,Normal/Others,11 KV LINE TRANSFER,Vendor Identification,Ongoing,0.4530639859103277,True,medium,financial,"R03,R07","Sanction was delayed by 521 days after recommendation, far exceeding the typical processing time. 1 out of 1.0 payments (100%) fall just below statutory thresholds, suggesting potential contract splitting.","Sanction: ₹499,246; Disbursed: ₹499,246; Cost ratio: 1.00; Sanction delay: 521d; Vendor HHI: 1.00",0.3647119285359596,0.6875,0.2482457250752509,499246.0,499246.0,1.0,,521,,2024-09-13,2026-02-16,,1.0,1.0,1.0,1.0,True,False,False,1.0,1.0,1.0,1.6641533333333334,
WS/MP313/2024-2025/138626,Arunachal Pradesh,ARUNACHAL EAST,Shri Tapir Gao,Normal/Others,"C/o MIC at Jone WRC Field, Rayang Village in East Siang District",Work Completed,Completed,0.45287189161031877,True,medium,financial,"R04,R07","This ₹1,000,000 work was completed in only 6 days, which is suspiciously fast for a project of this budget. 1 out of 1.0 payments (100%) fall just below statutory thresholds, suggesting potential contract splitting.","Sanction: ₹1,000,000; Disbursed: ₹999,280; Cost ratio: 1.00; Sanction delay: 143d; Duration: 6d",0.28494091789794196,0.8250000000000001,0.14753332038809497,1000000.0,999280.0,0.99928,999280.0,143,6.0,2024-09-15,2025-02-05,2025-02-11,1.0,1.0,1.0,1.0,True,False,False,1.0,1.0,1.0,3.3333333333333335,0.02631578947368421
WS/MP18278/2024-2025/135168,Chhattisgarh,JANJGIR CHAMPA(SC),KAMLESH JANGDE,Normal/Others,Highmast solar Street light- Two piece,Physical Inspection,Completed,0.45260078363725664,True,medium,financial,R07,"2 out of 2.0 payments (100%) fall just below statutory thresholds, suggesting potential contract splitting.","Sanction: ₹993,000; Disbursed: ₹993,000; Cost ratio: 1.00; Sanction delay: 45d; Duration: 75d",0.2076978322078075,0.75,0.287646644529442,993000.0,993000.0,1.0,993000.0,45,75.0,2024-08-11,2024-09-25,2024-12-09,1.0,1.0,2.0,1.0,True,False,False,2.0,1.0,0.5,3.31,0.32894736842105265
WS/MP18278/2024-2025/135170,Chhattisgarh,JANJGIR CHAMPA(SC),KAMLESH JANGDE,Normal/Others,Highmast Solar Street light- Two Piece.,Physical Inspection,Completed,0.45260078363725664,True,medium,financial,R07,"2 out of 2.0 payments (100%) fall just below statutory thresholds, suggesting potential contract splitting.","Sanction: ₹993,000; Disbursed: ₹993,000; Cost ratio: 1.00; Sanction delay: 45d; Duration: 75d",0.2076978322078075,0.75,0.287646644529442,993000.0,993000.0,1.0,993000.0,45,75.0,2024-08-11,2024-09-25,2024-12-09,1.0,1.0,2.0,1.0,True,False,False,2.0,1.0,0.5,3.31,0.32894736842105265
WS/MP18278/2024-2025/135169,Chhattisgarh,JANJGIR CHAMPA(SC),KAMLESH JANGDE,Normal/Others,Highmast  Solar Street light- Two Piece,Physical Inspection,Completed,0.45260078363725664,True,medium,financial,R07,"2 out of 2.0 payments (100%) fall just below statutory thresholds, suggesting potential contract splitting.","Sanction: ₹993,000; Disbursed: ₹993,000; Cost ratio: 1.00; Sanction delay: 45d; Duration: 75d",0.2076978322078075,0.75,0.287646644529442,993000.0,993000.0,1.0,993000.0,45,75.0,2024-08-11,2024-09-25,2024-12-09,1.0,1.0,2.0,1.0,True,False,False,2.0,1.0,0.5,3.31,0.32894736842105265
WS/MP494/2024-2025/140709,Uttar Pradesh,AGRA(SC),Prof SP Singh Baghel,Normal/Others,CC road in village sarayneem gram mirjapur sherpur from kant residence to mukesh house,Physical Inspection,Completed,0.4525964649030887,True,medium,vendor,"R05,R09","Completed work worth ₹2,498,033 has no verification photograph attached, which is a compliance gap. All ₹2,498,033 of expenditure was directed to a single vendor for this large project, raising concentration risk.","Sanction: ₹2,498,033; Disbursed: ₹2,498,033; Cost ratio: 1.00; Sanction delay: 50d; Duration: 197d",0.6448322404860665,0.55,0.2039668708044915,2498033.0,2498033.0,1.0,2498033.0,50,197.0,2024-10-16,2024-12-05,2025-06-20,1.0,1.0,2.0,1.0,True,True,False,0.0,0.0,0.7463472259974148,8.326776666666667,0.8640350877192983
WS/MP826/2024-2025/135709,West Bengal,DARJEELING,Raju Bista,Normal/Others,"Construction of footover bridge at Shivali Jhora connecting Khimdung and Sungdung villages.   Ref: Sita Chhetri (8597906792), Member, Sansad V, Pudung GP",Work Completed,Completed,0.4524192296410353,True,medium,financial,R07,"1 out of 1.0 payments (100%) fall just below statutory thresholds, suggesting potential contract splitting.","Sanction: ₹499,907; Disbursed: ₹485,035; Cost ratio: 0.97; Sanction delay: 152d; Duration: 330d",0.43369640754611294,0.75,0.1257003650128773,499907.0,485035.0,0.9702504665867852,485035.0,152,330.0,2024-08-16,2025-01-15,2025-12-11,1.0,1.0,1.0,1.0,True,False,False,1.0,1.0,1.0,1.6663566666666667,1.4473684210526316
WS/MP826/2024-2025/135546,West Bengal,DARJEELING,Raju Bista,Normal/Others,"Construction of footbridge at Bhasmay Busty, Tashiding GP, Sansad V  Ref: Krishna Tamang (9800703110), Member, Tashiding GP",Work Completed,Completed,0.45231585530757296,True,medium,financial,R07,"1 out of 1.0 payments (100%) fall just below statutory thresholds, suggesting potential contract splitting.","Sanction: ₹500,000; Disbursed: ₹483,907; Cost ratio: 0.97; Sanction delay: 152d; Duration: 330d",0.43369640754611294,0.75,0.12540500977441338,500000.0,483907.0,0.967814,483907.0,152,330.0,2024-08-16,2025-01-15,2025-12-11,1.0,1.0,1.0,1.0,True,False,False,1.0,1.0,1.0,1.6666666666666667,1.4473684210526316
WS/MP761/2024-2025/146758,Telangana,NIZAMABAD,Arvind Dharmapuri,Normal/Others,Construction of Artisan shed near Konda Swamy Devasthanam,Physical Inspection,Completed,0.4523107560426255,True,medium,temporal,R04,"This ₹399,659 work was completed in only 6 days, which is suspiciously fast for a project of this budget.","Sanction: ₹399,659; Disbursed: ₹399,659; Cost ratio: 1.00; Sanction delay: 4d; Duration: 6d",0.15730163146042944,0.75,0.32281528050719466,399659.0,399659.0,1.0,399659.0,4,6.0,2024-10-11,2024-10-15,2024-10-21,1.0,1.0,2.0,1.0,True,False,False,0.0,0.0,0.8948303428672943,1.3321966666666667,0.02631578947368421
WS/MP18250/2024-2025/139004,West Bengal,BASIRHAT,SK NURUL ISLAM,Normal/Others,Installation of 7 nos. Arsenic Free Water Tank at different places under Hasnabad Block (SL.No. 6 to 12),Vendor Identification,Ongoing,0.45220674261014093,True,medium,statistical,,This work shows unusual patterns across multiple financial and operational metrics compared to similar works.,"Sanction: ₹2,450,000; Disbursed: ₹2,445,280; Cost ratio: 1.00; Sanction delay: 113d; Vendor HHI: 0.27",0.696156504619606,0.0,0.7947646184435414,2450000.0,2445280.0,0.9980734693877551,,113,,2024-09-05,2024-12-27,,0.26531661017251174,4.0,4.0,0.28577422626447685,False,False,False,0.0,0.0,0.2857051135248315,8.166666666666666,
WS/MP18155/2024-2025/141719,Punjab,HOSHIARPUR(SC),DR. RAJ KUMAR CHABBEWAL,Normal/Others,Construction of Dispencary,Physical Inspection,Completed,0.4520875719622675,True,medium,statistical,,This work shows unusual patterns across multiple financial and operational metrics compared to similar works.,"Sanction: ₹300,000; Disbursed: ₹300,000; Cost ratio: 1.00; Sanction delay: 6d; Duration: 276d",0.4955243675751888,0.0,0.9377328001956295,300000.0,300000.0,1.0,300000.0,6,276.0,2024-09-19,2024-09-25,2025-06-28,0.12058803575555556,13.0,22.0,0.21135666666666666,False,False,False,1.0,0.045454545454545456,0.0308,1.0,1.2105263157894737
WS/MP761/2024-2025/146752,Telangana,NIZAMABAD,Arvind Dharmapuri,Normal/Others,Construction of Community hall at Raithumithra Sangham at Ward No 14,Physical Inspection,Completed,0.4518021958132869,True,medium,temporal,R04,"This ₹397,121 work was completed in only 6 days, which is suspiciously fast for a project of this budget.","Sanction: ₹397,121; Disbursed: ₹397,121; Cost ratio: 1.00; Sanction delay: 4d; Duration: 6d",0.15730163146042944,0.75,0.3213622512805129,397121.0,397121.0,1.0,397121.0,4,6.0,2024-10-11,2024-10-15,2024-10-21,1.0,1.0,2.0,1.0,True,False,False,0.0,0.0,0.8932995233190891,1.3237366666666666,0.02631578947368421
WS/MP422/2024-2025/141658,Bihar,SUPAUL,Dileshwar Kamait,Normal/Others,TAKNIKI TATHA PRAYOGIK UPKARAN KI AAPURTI YEVAM ADHISTHAPAN,Physical Inspection,Completed,0.45175501894620573,True,medium,vendor,"R05,R09","Completed work worth ₹2,470,000 has no verification photograph attached, which is a compliance gap. All ₹2,470,000 of expenditure was directed to a single vendor for this large project, raising concentration risk.","Sanction: ₹2,470,000; Disbursed: ₹2,470,000; Cost ratio: 1.00; Sanction delay: 148d; Duration: 32d",0.6394301337020988,0.55,0.2054213872019457,2470000.0,2470000.0,1.0,2470000.0,148,32.0,2024-09-18,2025-02-13,2025-03-17,1.0,1.0,1.0,1.0,True,True,False,0.0,0.0,1.0,8.233333333333333,0.14035087719298245
WS/MP422/2024-2025/141659,Bihar,SUPAUL,Dileshwar Kamait,Normal/Others,TAKNIKI TATHA PRAYOGIK UPKARAN KI AAPURTI YEVAM ADHISTHAPAN,Physical Inspection,Completed,0.45175501894620573,True,medium,vendor,"R05,R09","Completed work worth ₹2,470,000 has no verification photograph attached, which is a compliance gap. All ₹2,470,000 of expenditure was directed to a single vendor for this large project, raising concentration risk.","Sanction: ₹2,470,000; Disbursed: ₹2,470,000; Cost ratio: 1.00; Sanction delay: 148d; Duration: 32d",0.6394301337020988,0.55,0.2054213872019457,2470000.0,2470000.0,1.0,2470000.0,148,32.0,2024-09-18,2025-02-13,2025-03-17,1.0,1.0,1.0,1.0,True,True,False,0.0,0.0,1.0,8.233333333333333,0.14035087719298245
WS/MP18155/2024-2025/141698,Punjab,HOSHIARPUR(SC),DR. RAJ KUMAR CHABBEWAL,Normal/Others,Construction of Park for play,Physical Inspection,Completed,0.45170748686229034,True,medium,financial,R10,"99% of total funds were disbursed in the first payment, despite having 2.0 total payments, indicating excessive upfront payment.","Sanction: ₹200,000; Disbursed: ₹200,000; Cost ratio: 1.00; Sanction delay: 6d; Duration: 469d",0.15679875957679526,0.75,0.3214508484802614,200000.0,200000.0,1.0,200000.0,6,469.0,2024-09-19,2024-09-25,2026-01-07,1.0,1.0,2.0,1.0,True,False,False,0.0,0.0,0.9912,0.6666666666666666,2.057017543859649
WS/MP643/2025-2026/146319,Madhya Pradesh,KHANDWA,Gyaneshwar Patil,Normal/Others,tin shed nirman near rajput dharmshala,Physical Inspection,Completed,0.4515570917864451,True,medium,statistical,,This work shows unusual patterns across multiple financial and operational metrics compared to similar works.,"Sanction: ₹700,000; Disbursed: ₹700,000; Cost ratio: 1.00; Sanction delay: 196d; Duration: 360d",0.47996379426286645,0.0,0.94733183777351,700000.0,700000.0,1.0,700000.0,196,360.0,2024-10-08,2025-04-22,2026-04-17,0.2107902448979592,7.0,22.0,0.37414285714285717,False,False,False,3.0,0.13636363636363635,0.014285714285714285,2.3333333333333335,1.5789473684210527
WS/MP423/2024-2025/138681,West Bengal,DIAMOND HARBOUR,Shri Abhishek Banerjee,Normal/Others,Construction of CC Road from Durga Mandir to Tufan Ice Creamr (293 mtr),Work partially Completed,Ongoing,0.45125488398340174,True,medium,financial,R07,"1 out of 1.0 payments (100%) fall just below statutory thresholds, suggesting potential contract splitting.","Sanction: ₹999,574; Disbursed: ₹997,622; Cost ratio: 1.00; Sanction delay: 97d; Vendor HHI: 1.00",0.4937605102793712,0.75,0.07947073261016824,999574.0,997622.0,0.9980471680936078,,97,,2024-09-03,2024-12-09,,1.0,1.0,1.0,1.0,True,False,False,1.0,1.0,1.0,3.3319133333333335,
WS/MP18242/2025-2026/148017,Uttar Pradesh,SULTANPUR,RAMBHUAL NISHAD,Normal/Others,For construction teaching room and Verandah in Devta Hallmark World Science Inter College J.P.  of Nagar Bagiya Square Jaisinghpur,Vendor Identification,Ongoing,0.45109264378971237,True,medium,vendor,R09,"All ₹2,500,000 of expenditure was directed to a single vendor for this large project, raising concentration risk.","Sanction: ₹2,500,000; Disbursed: ₹2,500,000; Cost ratio: 1.00; Sanction delay: 166d; Vendor HHI: 1.00",0.6452028272589343,0.5,0.2565483913570823,2500000.0,2500000.0,1.0,,166,,2024-10-17,2025-04-01,,1.0,1.0,2.0,1.0,True,False,False,0.0,0.0,0.599992,8.333333333333334,
WS/MP405/2025-2026/140142,Andhra Pradesh,MACHILIPATNAM,Balashowry Vallabbhaneni,Normal/Others,mprovement of electrical distribution infrastructure at Pedayadara of Machilipatnam Mandal in Krishna District,Vendor Identification,Ongoing,0.45098030420465923,True,medium,temporal,R03,"Sanction was delayed by 514 days after recommendation, far exceeding the typical processing time.","Sanction: ₹381,000; Disbursed: ₹380,097; Cost ratio: 1.00; Sanction delay: 514d; Vendor HHI: 1.00",0.6469693014726698,0.5,0.25496565381854785,381000.0,380097.0,0.9976299212598425,,514,,2024-09-10,2026-02-06,,1.0,1.0,1.0,1.0,True,False,False,0.0,0.0,1.0,1.27,
WS/MP745/2025-2026/138566,Tamil Nadu,TIRUPPUR,K Subbarayan,Normal/Others,Construction of New Ration Shop building at ward no.20 Ramanathapuram 3rd street(32BB003PN) - Tiruppur corporation,Physical Inspection,Completed,0.4507309511420615,True,medium,temporal,"R03,R04,R09","Sanction was delayed by 386 days after recommendation, far exceeding the typical processing time. This ₹1,345,965 work was completed in only 1 days, which is suspiciously fast for a project of this budget. All ₹1,345,965 of expenditure was directed to a single vendor for this large project, raising concentration risk.","Sanction: ₹1,345,965; Disbursed: ₹1,345,965; Cost ratio: 1.00; Sanction delay: 386d; Duration: 1d",0.30427968595463695,0.7000000000000001,0.2704600847240066,1345965.0,1345965.0,1.0,1345965.0,386,1.0,2024-09-03,2025-09-24,2025-09-25,1.0,1.0,1.0,1.0,True,False,False,0.0,0.0,1.0,4.48655,0.0043859649122807015
WS/MP18217/2024-2025/136142,Uttar Pradesh,FIROZABAD,AKSHAYA YADAV,Normal/Others,constuction of cc road  in nagla vishnu from balakram house to maharaj singh house around 250 meters and drainage system of 300 meters,Physical Inspection,Completed,0.4502216476038926,True,medium,vendor,R09,"All ₹2,748,610 of expenditure was directed to a single vendor for this large project, raising concentration risk.","Sanction: ₹2,748,610; Disbursed: ₹2,748,610; Cost ratio: 1.00; Sanction delay: 61d; Duration: 154d",0.6837974775625041,0.5,0.2264922234664758,2748610.0,2748610.0,1.0,2748610.0,61,154.0,2024-08-17,2024-10-17,2025-03-20,1.0,1.0,2.0,1.0,True,False,False,0.0,0.0,0.74863803886328,9.162033333333333,0.6754385964912281
WS/MP826/2024-2025/135541,West Bengal,DARJEELING,Raju Bista,Normal/Others,"Installation of Solar Street Lights at 7th Mile, Kalimpong, Sansad VI  Ref: Poonam Chhetri (6296884264), Member, Kalimpong GP",Work Completed,Completed,0.44996233066882124,True,medium,financial,R07,"1 out of 1.0 payments (100%) fall just below statutory thresholds, suggesting potential contract splitting.","Sanction: ₹499,998; Disbursed: ₹487,382; Cost ratio: 0.97; Sanction delay: 152d; Duration: 330d",0.43369640754611294,0.75,0.11868065366369418,499998.0,487382.0,0.9747678990715963,487382.0,152,330.0,2024-08-16,2025-01-15,2025-12-11,1.0,1.0,1.0,1.0,True,False,False,1.0,1.0,1.0,1.66666,1.4473684210526316
WS/MP18253/2024-2025/140130,West Bengal,MATHURAPUR(SC),BAPI HALDAR,Normal/Others,CONSTRUCTION OF CC ROAD WITH PAILING FROM SAIDULLA FAKIR HOUSE TO BABUJAN FAKIR HOUSE VIA JOHORA BIBI HOUSE,Physical Inspection,Completed,0.4497161723532981,True,medium,financial,R07,"1 out of 1.0 payments (100%) fall just below statutory thresholds, suggesting potential contract splitting.","Sanction: ₹499,073; Disbursed: ₹492,251; Cost ratio: 0.99; Sanction delay: 156d; Duration: 77d",0.4354565345044389,0.75,0.11672011064910959,499073.0,492251.0,0.9863306570381487,492251.0,156,77.0,2024-09-15,2025-02-18,2025-05-06,1.0,1.0,1.0,1.0,True,False,False,1.0,1.0,1.0,1.6635766666666667,0.33771929824561403
WS/MP18112/2024-2025/136991,Maharashtra,AMRAVATI(SC),BALWANT BASWANT WANKHADE,Normal/Others,"Construction of Road At Muslim kabrasthan ,Ward No 8 Babhali , Daryapur Dist. Amravati",Work partially Completed,Ongoing,0.44963221676416565,True,medium,financial,"R09,R10","All ₹1,198,987 of expenditure was directed to a single vendor for this large project, raising concentration risk. 97% of total funds were disbursed in the first payment, despite having 2.0 total payments, indicating excessive upfront payment.","Sanction: ₹1,200,000; Disbursed: ₹1,198,987; Cost ratio: 1.00; Sanction delay: 198d; Vendor HHI: 1.00",0.37069303716653557,0.6875,0.2341684499215192,1200000.0,1198987.0,0.9991558333333334,,198,,2024-08-25,2025-03-11,,1.0,1.0,2.0,1.0,True,False,False,0.0,0.0,0.9710347151386962,4.0,
WS/MP18006/2024-2025/146806,Andhra Pradesh,CHITTOOR,DAGGUMALLA PRASADA RAO,Normal/Others,"Laying CC Road from D.No: 43-60 to D.No: 43-65 in Gandla Kothuru, 21st Division, Kukkalapalli of Chittoor Municipal Corporation.",Physical Inspection,Completed,0.4492635403168277,True,medium,financial,R07,"1 out of 1.0 payments (100%) fall just below statutory thresholds, suggesting potential contract splitting.","Sanction: ₹495,000; Disbursed: ₹490,556; Cost ratio: 0.99; Sanction delay: 4d; Duration: 104d",0.44370990286796413,0.75,0.10953161314239046,495000.0,490556.0,0.9910222222222222,490556.0,4,104.0,2024-10-14,2024-10-18,2025-01-30,1.0,1.0,1.0,1.0,True,False,False,1.0,1.0,1.0,1.65,0.45614035087719296
WS/MP858/2025-2026/137433,West Bengal,BOLPUR(SC),Asit Kumar Mal,Normal/Others,"INSTALATION of Total70(seventy) no street light at DIGNAGAR 20 no,UKTA 24 NO,AND BERENDA 26 NO OF STREET LIGHT.And Executing Agency will be M.D. WEST BENGAL AGRO INDUSTRIES CORPORATION LTD,23-B,  N.S. ROAD, KOLKATA -1",Sanction,To Be Implemented,0.44919538656257496,True,medium,temporal,R03,"Sanction was delayed by 520 days after recommendation, far exceeding the typical processing time.","Sanction: ₹2,651,990; Sanction delay: 520d; Vendor HHI: 1.00",0.6694971691720148,0.5,0.23377455505591793,2651990.0,,,,520,,2024-08-28,2026-01-30,,1.0,,,1.0,False,False,False,,,,8.839966666666667,
WS/MP18006/2024-2025/135647,Andhra Pradesh,CHITTOOR,DAGGUMALLA PRASADA RAO,Normal/Others,"Construction of CC Road From Pump House room to R&B Road Link and Markondaiah House to Venkatapuram HW end in Venkatapuram HW Village in Gundlapalli GP, Irala Mandal of Puthalapattu Constituency.",Work Completed,Completed,0.4491847342835583,True,medium,financial,R07,"1 out of 1.0 payments (100%) fall just below statutory thresholds, suggesting potential contract splitting.","Sanction: ₹500,000; Disbursed: ₹497,766; Cost ratio: 1.00; Sanction delay: 10d; Duration: 63d",0.4408983850596486,0.75,0.1113146800532746,500000.0,497766.0,0.995532,497766.0,10,63.0,2024-08-13,2024-08-23,2024-10-25,1.0,1.0,1.0,1.0,True,False,False,1.0,1.0,1.0,1.6666666666666667,0.27631578947368424
WS/MP761/2024-2025/146748,Telangana,NIZAMABAD,Arvind Dharmapuri,Normal/Others,"Construction of Community hall in Guradikapu wada,",Physical Inspection,Completed,0.4491827971218962,True,medium,temporal,R04,"This ₹296,538 work was completed in only 6 days, which is suspiciously fast for a project of this budget.","Sanction: ₹296,538; Disbursed: ₹296,538; Cost ratio: 1.00; Sanction delay: 4d; Duration: 6d",0.15774261951958649,0.75,0.31356326354857,296538.0,296538.0,1.0,296538.0,4,6.0,2024-10-11,2024-10-15,2024-10-21,1.0,1.0,2.0,1.0,True,False,False,0.0,0.0,0.88347530501993,0.98846,0.02631578947368421
WS/MP350/2025-2026/143210,Kerala,KASARAGOD,Shri Rajmohan Unnithan,Normal/Others,Purchase and Installation of Mini High Mast Light at RC Road and Yaseen Palli Road Junction in Ward 10 of Madayi Grama panchayath,Physical Inspection,Ongoing,0.4491143737320128,True,medium,temporal,R03,"Sanction was delayed by 513 days after recommendation, far exceeding the typical processing time.","Sanction: ₹300,000; Disbursed: ₹299,321; Cost ratio: 1.00; Sanction delay: 513d; Vendor HHI: 1.00",0.6468064890135847,0.5,0.24975071851033326,300000.0,299321.0,0.9977366666666667,,513,,2024-09-24,2026-02-19,,1.0,1.0,1.0,1.0,True,False,False,0.0,0.0,1.0,1.0,
WS/MP508/2025-2026/134707,Tamil Nadu,TIRUVANNAMALAI,CN Annadurai,Normal/Others,Providing High mast light at Chinnakandili,Physical Inspection,Completed,0.4487936733489629,True,medium,temporal,R03,"Sanction was delayed by 473 days after recommendation, far exceeding the typical processing time.","Sanction: ₹435,000; Disbursed: ₹434,102; Cost ratio: 1.00; Sanction delay: 473d; Duration: 74d",0.6246915765940503,0.5,0.2646307977155724,435000.0,434102.0,0.997935632183908,434102.0,473,74.0,2024-08-05,2025-11-21,2026-02-03,1.0,1.0,1.0,1.0,True,False,False,0.0,0.0,1.0,1.45,0.32456140350877194
WS/MP18006/2024-2025/136187,Andhra Pradesh,CHITTOOR,DAGGUMALLA PRASADA RAO,Normal/Others,Construction of CC Road from DBR Bailu continuation Road to Mangunta Village Road in Mangunta GP of SR Puram Mandal in GD Nelloore Constituency.,Work Completed,Completed,0.44860730253743647,True,medium,financial,R07,"1 out of 1.0 payments (100%) fall just below statutory thresholds, suggesting potential contract splitting.","Sanction: ₹500,000; Disbursed: ₹492,138; Cost ratio: 0.98; Sanction delay: 19d; Duration: 85d",0.4367943010034781,0.75,0.11259636367590553,500000.0,492138.0,0.984276,492138.0,19,85.0,2024-08-18,2024-09-06,2024-11-30,1.0,1.0,1.0,1.0,True,False,False,1.0,1.0,1.0,1.6666666666666667,0.37280701754385964
WS/MP18121/2024-2025/146671,Maharashtra,JALGAON,SMITA UDAY WAGH,Normal/Others,"Construction of the road from Nandra Bu. to Pilkheda to Nandgaon, Taluka Jalgaon",Physical Inspection,Completed,0.44859412857959446,True,medium,vendor,R09,"All ₹2,945,320 of expenditure was directed to a single vendor for this large project, raising concentration risk.","Sanction: ₹2,945,320; Disbursed: ₹2,945,320; Cost ratio: 1.00; Sanction delay: 4d; Duration: 87d",0.7045585634855388,0.5,0.2070128220234564,2945320.0,2945320.0,1.0,2945320.0,4,87.0,2024-10-10,2024-10-14,2025-01-09,1.0,1.0,1.0,1.0,True,False,False,0.0,0.0,1.0,9.817733333333333,0.3815789473684211
WS/MP18006/2024-2025/141561,Andhra Pradesh,CHITTOOR,DAGGUMALLA PRASADA RAO,Normal/Others,"Construction of Cement Road at Anupalle Reach – 2, Chittoor Mandal.",Physical Inspection,Completed,0.44844787707420974,True,medium,financial,R07,"1 out of 1.0 payments (100%) fall just below statutory thresholds, suggesting potential contract splitting.","Sanction: ₹499,000; Disbursed: ₹475,737; Cost ratio: 0.95; Sanction delay: 21d; Duration: 147d",0.43590077387910237,0.75,0.11277909601266889,499000.0,475737.0,0.9533807615230461,475737.0,21,147.0,2024-09-18,2024-10-09,2025-03-05,1.0,1.0,1.0,1.0,True,False,False,1.0,1.0,1.0,1.6633333333333333,0.6447368421052632
WS/MP18006/2024-2025/136202,Andhra Pradesh,CHITTOOR,DAGGUMALLA PRASADA RAO,Normal/Others,Upgradation of Existing CC Road from Penumuru-Nendragunta Road to Challampalem Road at Thalaripallie HW of Ramakrishnapuram GP in Penumuru Mandal of GD Nelloore Constituency.,Work Completed,Completed,0.448350336762073,True,medium,financial,R07,"1 out of 1.0 payments (100%) fall just below statutory thresholds, suggesting potential contract splitting.","Sanction: ₹500,000; Disbursed: ₹492,873; Cost ratio: 0.99; Sanction delay: 9d; Duration: 109d",0.44136279105369,0.75,0.10859896856757278,500000.0,492873.0,0.985746,492873.0,9,109.0,2024-08-28,2024-09-06,2024-12-24,1.0,1.0,1.0,1.0,True,False,False,1.0,1.0,1.0,1.6666666666666667,0.4780701754385965
WS/MP18250/2024-2025/135267,West Bengal,BASIRHAT,SK NURUL ISLAM,Normal/Others,Installation of 10 nos. (sl.no. 1 to 10) Arsenic Free electric based water tank under Falti Beloiaghata G.P and Barasat II P.S,Vendor Identification,Ongoing,0.448282194172433,True,medium,vendor,R09,"All ₹3,492,520 of expenditure was directed to a single vendor for this large project, raising concentration risk.","Sanction: ₹3,500,000; Disbursed: ₹3,492,520; Cost ratio: 1.00; Sanction delay: 41d; Vendor HHI: 1.00",0.7394309273634951,0.5,0.18121274951874045,3500000.0,3492520.0,0.9978628571428572,,41,,2024-08-09,2024-09-19,,1.0,1.0,1.0,1.0,True,False,False,0.0,0.0,1.0,11.666666666666666,
WS/MP18006/2024-2025/136188,Andhra Pradesh,CHITTOOR,DAGGUMALLA PRASADA RAO,Normal/Others,Construction of Anganwadi compound wall Mangunta Village & GP of SR Puram Mandal of GD Nelloore Constituency.,Work Completed,Completed,0.44776569102679686,True,medium,financial,R07,"1 out of 1.0 payments (100%) fall just below statutory thresholds, suggesting potential contract splitting.","Sanction: ₹500,000; Disbursed: ₹488,448; Cost ratio: 0.98; Sanction delay: 19d; Duration: 104d",0.4367943010034781,0.75,0.11019175935979231,500000.0,488448.0,0.976896,488448.0,19,104.0,2024-08-18,2024-09-06,2024-12-19,1.0,1.0,1.0,1.0,True,False,False,1.0,1.0,1.0,1.6666666666666667,0.45614035087719296
WS/MP18339/2024-2025/141956,Uttar Pradesh,KAISERGANJ,KARAN BHUSHAN SINGH,Normal/Others,Sr.No 01 Interlocking work of 350 meter length of Gogia pucca road from Ganga Pandit's house to Barjorpurwa.,Physical Inspection,Ongoing,0.44702553342172635,True,medium,vendor,R09,"All ₹1,815,563 of expenditure was directed to a single vendor for this large project, raising concentration risk.","Sanction: ₹1,820,000; Disbursed: ₹1,815,563; Cost ratio: 1.00; Sanction delay: 61d; Vendor HHI: 1.00",0.6272016266516802,0.5,0.2577860764537322,1820000.0,1815563.0,0.9975620879120879,,61,,2024-09-20,2024-11-20,,1.0,1.0,2.0,1.0,True,False,False,0.0,0.0,0.5511177524547481,6.066666666666666,
WS/MP664/2025-2026/146330,Maharashtra,MUMBAI SOUTH,Arvind Ganpat Sawant,Normal/Others,vikrant sadan gas pipeline lane sewri community hall,Physical Inspection,Completed,0.4469344735716411,True,medium,vendor,"R04,R09","This ₹1,496,175 work was completed in only 0 days, which is suspiciously fast for a project of this budget. All ₹1,496,175 of expenditure was directed to a single vendor for this large project, raising concentration risk.","Sanction: ₹1,496,175; Disbursed: ₹1,496,175; Cost ratio: 1.00; Sanction delay: 344d; Vendor HHI: 1.00",0.33515964673670584,0.6875,0.251841605392756,1496175.0,1496175.0,1.0,1496175.0,344,0.0,2024-10-08,2025-09-17,2025-09-17,1.0,1.0,1.0,1.0,True,False,False,0.0,0.0,1.0,4.98725,0.0
WS/MP664/2025-2026/146335,Maharashtra,MUMBAI SOUTH,Arvind Ganpat Sawant,Normal/Others,jay bajrang krida mandal n.m joshi marg sewri community hall,Physical Inspection,Completed,0.44681719403894465,True,medium,vendor,"R04,R09","This ₹1,494,831 work was completed in only 0 days, which is suspiciously fast for a project of this budget. All ₹1,494,831 of expenditure was directed to a single vendor for this large project, raising concentration risk.","Sanction: ₹1,494,831; Disbursed: ₹1,494,831; Cost ratio: 1.00; Sanction delay: 344d; Vendor HHI: 1.00",0.3346905286059202,0.6875,0.251841605392756,1494831.0,1494831.0,1.0,1494831.0,344,0.0,2024-10-08,2025-09-17,2025-09-17,1.0,1.0,1.0,1.0,True,False,False,0.0,0.0,1.0,4.98277,0.0
WS/MP457/2024-2025/146371,Tamil Nadu,VILUPPURAM(SC),D Ravikumar,Normal/Others,Construction of Patient Waiting Shed to New Maternity Block in Government Viluppuram Medical College and Hospital at Mundiyambakkam in Viluppuram District.,Physical Inspection,Completed,0.4467395816095814,True,medium,vendor,R09,"All ₹3,393,546 of expenditure was directed to a single vendor for this large project, raising concentration risk.","Sanction: ₹3,393,546; Disbursed: ₹3,393,546; Cost ratio: 1.00; Sanction delay: 13d; Duration: 254d",0.7306344111314249,0.5,0.18308851093350043,3393546.0,3393546.0,1.0,3393546.0,13,254.0,2024-10-08,2024-10-21,2025-07-02,1.0,1.0,1.0,1.0,True,False,False,0.0,0.0,1.0,11.31182,1.1140350877192982
WS/MP812/2025-2026/147505,Uttar Pradesh,KUSHI NAGAR,Vijay Kumar Dubey,Normal/Others,BELAWA ME PADRAUNA ME DURGA FOUNDATION VIDYALAY KE PAS HIGH MAST KI SATHAPANA,Physical Inspection,Completed,0.44646696030593586,True,medium,temporal,R03,"Sanction was delayed by 367 days after recommendation, far exceeding the typical processing time.","Sanction: ₹237,000; Disbursed: ₹236,315; Cost ratio: 1.00; Sanction delay: 367d; Duration: 284d",0.5592592210617462,0.5,0.30472044297285517,237000.0,236315.0,0.9971097046413502,236315.0,367,284.0,2024-10-15,2025-10-17,2026-07-28,1.0,1.0,2.0,1.0,True,False,False,0.0,0.0,0.7440111715295262,0.79,1.2456140350877194
WS/MP313/2024-2025/140862,Arunachal Pradesh,ARUNACHAL EAST,Shri Tapir Gao,Normal/Others,C/o MIC at Sille Nallah & culvert at Jia Sika in East Siang District,Work Completed,Completed,0.4463268485958393,True,medium,financial,"R04,R07","This ₹1,000,000 work was completed in only 6 days, which is suspiciously fast for a project of this budget. 1 out of 1.0 payments (100%) fall just below statutory thresholds, suggesting potential contract splitting.","Sanction: ₹1,000,000; Disbursed: ₹999,345; Cost ratio: 1.00; Sanction delay: 143d; Duration: 6d",0.258760745840024,0.8250000000000001,0.14753332038809497,1000000.0,999345.0,0.999345,999345.0,143,6.0,2024-09-15,2025-02-05,2025-02-11,1.0,1.0,1.0,1.0,True,False,False,1.0,1.0,1.0,3.3333333333333335,0.02631578947368421
WS/MP632/2024-2025/142327,Kerala,PATHANAMTHITTA,Anto Antony,Normal/Others,Providing One School Bus to SCV Higher Secondary School in Kottanadu Grama Panchayat.,Vendor Identification,Ongoing,0.4459999287723241,True,medium,vendor,R09,"All ₹2,267,120 of expenditure was directed to a single vendor for this large project, raising concentration risk.","Sanction: ₹2,381,380; Disbursed: ₹2,267,120; Cost ratio: 0.95; Sanction delay: 183d; Vendor HHI: 1.00",0.6918663402271629,0.5,0.20866669633009538,2381380.0,2267120.0,0.9520194173126506,,183,,2024-09-24,2025-03-26,,1.0,1.0,1.0,1.0,True,False,False,0.0,0.0,1.0,7.9379333333333335,
WS/MP18186/2025-2026/141737,Tamil Nadu,TIRUVALLUR(SC),Sasikanth Senthil,Normal/Others,Constrution of Waiting Hall @ DRDA Building in Tiruvallur,Physical Inspection,Completed,0.4457367448407766,True,medium,vendor,"R05,R09","Completed work worth ₹2,398,498 has no verification photograph attached, which is a compliance gap. All ₹2,398,498 of expenditure was directed to a single vendor for this large project, raising concentration risk.","Sanction: ₹2,400,000; Disbursed: ₹2,398,498; Cost ratio: 1.00; Sanction delay: 221d; Duration: 114d",0.6247330764372709,0.55,0.19872421637559667,2400000.0,2398498.0,0.9993741666666667,2398498.0,221,114.0,2024-09-19,2025-04-28,2025-08-20,1.0,1.0,1.0,1.0,True,True,False,0.0,0.0,1.0,8.0,0.5
WS/MP386/2024-2025/142485,Rajasthan,NAGAUR,Shri Hanuman Beniwal,Normal/Others,"Construction of Digital Library in Kishan Chhatrawas,PanchaLA Siddha",Physical Inspection,Completed,0.4456313743572894,True,medium,vendor,R09,"All ₹1,100,000 of expenditure was directed to a single vendor for this large project, raising concentration risk.","Sanction: ₹1,100,000; Disbursed: ₹1,100,000; Cost ratio: 1.00; Sanction delay: 106d; Duration: 554d",0.3325153906194286,0.5,0.4642929334355208,1100000.0,1100000.0,1.0,1100000.0,106,554.0,2024-09-22,2025-01-06,2026-07-14,1.0,1.0,3.0,1.0,True,False,False,0.0,0.0,0.0009090909090909091,3.6666666666666665,2.4298245614035086
WS/MP18217/2024-2025/136860,Uttar Pradesh,FIROZABAD,AKSHAYA YADAV,Normal/Others,developement of interlocking road from jagdish (khet) to ramveer yadav ki thar length 330 meter,Physical Inspection,Completed,0.4454035951048302,True,medium,vendor,R09,"All ₹2,598,311 of expenditure was directed to a single vendor for this large project, raising concentration risk.","Sanction: ₹2,598,311; Disbursed: ₹2,598,311; Cost ratio: 1.00; Sanction delay: 55d; Duration: 154d",0.6623568148249181,0.5,0.22804111828171614,2598311.0,2598311.0,1.0,2598311.0,55,154.0,2024-08-23,2024-10-17,2025-03-20,1.0,1.0,2.0,1.0,True,False,False,0.0,0.0,0.7497682148133923,8.661036666666666,0.6754385964912281
WS/MP422/2024-2025/141661,Bihar,SUPAUL,Dileshwar Kamait,Normal/Others,TAKNIKI TATHA PRAYOGIK UPKARAN KI AAPURTI YEVAM ADHISTHAPAN,Physical Inspection,Completed,0.4451436916476924,True,medium,vendor,"R05,R09","Completed work worth ₹2,470,000 has no verification photograph attached, which is a compliance gap. All ₹2,470,000 of expenditure was directed to a single vendor for this large project, raising concentration risk.","Sanction: ₹2,470,000; Disbursed: ₹2,470,000; Cost ratio: 1.00; Sanction delay: 148d; Duration: 50d",0.6394301337020988,0.55,0.18653188063476478,2470000.0,2470000.0,1.0,2470000.0,148,50.0,2024-09-18,2025-02-13,2025-04-04,1.0,1.0,1.0,1.0,True,True,False,0.0,0.0,1.0,8.233333333333333,0.21929824561403508
WS/MP422/2024-2025/141660,Bihar,SUPAUL,Dileshwar Kamait,Normal/Others,TAKNIKI TATHA PRAYOGIK UPKARAN KI AAPURTI YEVAM ADHISTHAPAN,Physical Inspection,Completed,0.4451436916476924,True,medium,vendor,"R05,R09","Completed work worth ₹2,470,000 has no verification photograph attached, which is a compliance gap. All ₹2,470,000 of expenditure was directed to a single vendor for this large project, raising concentration risk.","Sanction: ₹2,470,000; Disbursed: ₹2,470,000; Cost ratio: 1.00; Sanction delay: 148d; Duration: 50d",0.6394301337020988,0.55,0.18653188063476478,2470000.0,2470000.0,1.0,2470000.0,148,50.0,2024-09-18,2025-02-13,2025-04-04,1.0,1.0,1.0,1.0,True,True,False,0.0,0.0,1.0,8.233333333333333,0.21929824561403508
WS/MP18236/2024-2025/139452,Uttar Pradesh,ROBERTSGANJ(SC),CHHOTELAL,Normal/Others,"Construction of dressing room, toilet and shed in the playground in village Deori Block Robertsganj",Vendor Identification,Ongoing,0.44443375904120147,True,medium,vendor,R09,"All ₹1,205,298 of expenditure was directed to a single vendor for this large project, raising concentration risk.","Sanction: ₹1,650,000; Disbursed: ₹1,205,298; Cost ratio: 0.73; Sanction delay: 158d; Vendor HHI: 1.00",0.6016484454878953,0.5,0.26863327905493617,1650000.0,1205298.0,0.7304836363636363,,158,,2024-09-06,2025-02-11,,1.0,1.0,1.0,1.0,True,False,False,0.0,0.0,1.0,5.5,
WS/MP18006/2024-2025/135655,Andhra Pradesh,CHITTOOR,DAGGUMALLA PRASADA RAO,Normal/Others,"Construction of CC Road from Arimakulapalli Village to Aravinda(Ananda Naidu) House in Arimakulapalli Village, Dasarapalli GP in Yadamari Mandal of Puthalapattu Constituency.",Work Completed,Completed,0.44442167726257686,True,medium,financial,R07,"1 out of 1.0 payments (100%) fall just below statutory thresholds, suggesting potential contract splitting.","Sanction: ₹500,000; Disbursed: ₹492,402; Cost ratio: 0.98; Sanction delay: 21d; Duration: 102d",0.43590077387910237,0.75,0.10127566797943222,500000.0,492402.0,0.984804,492402.0,21,102.0,2024-08-13,2024-09-03,2024-12-14,1.0,1.0,1.0,1.0,True,False,False,1.0,1.0,1.0,1.6666666666666667,0.4473684210526316
WS/MP761/2024-2025/146482,Telangana,NIZAMABAD,Arvind Dharmapuri,Normal/Others,Construction of community hall in Munnurukapu Colony,Physical Inspection,Completed,0.444411979323175,True,medium,temporal,R04,"This ₹399,973 work was completed in only 4 days, which is suspiciously fast for a project of this budget.","Sanction: ₹399,973; Disbursed: ₹399,973; Cost ratio: 1.00; Sanction delay: 16d; Duration: 4d",0.15173893671699498,0.75,0.30422070041121774,399973.0,399973.0,1.0,399973.0,16,4.0,2024-10-09,2024-10-25,2024-10-29,1.0,1.0,2.0,1.0,True,False,False,0.0,0.0,0.8939778435044365,1.3332433333333333,0.017543859649122806
WS/MP18250/2025-2026/140436,West Bengal,BASIRHAT,SK NURUL ISLAM,Normal/Others,Installation of 12 miters Highmast Light with with 6nos. IP65 Flood light with high power Led at Narayanapur Bazar under Jadurhati Uttar G.P & Baduria Panchayat Samity (SL.No.- 38).,Work Completed,Completed,0.44438234752120914,True,medium,financial,"R03,R07","Sanction was delayed by 397 days after recommendation, far exceeding the typical processing time. 1 out of 1.0 payments (100%) fall just below statutory thresholds, suggesting potential contract splitting.","Sanction: ₹500,000; Disbursed: ₹499,639; Cost ratio: 1.00; Sanction delay: 397d; Duration: 20d",0.36957745159374783,0.6875,0.21996567035077763,500000.0,499639.0,0.999278,499639.0,397,20.0,2024-09-12,2025-10-14,2025-11-03,1.0,1.0,1.0,1.0,True,False,False,1.0,1.0,1.0,1.6666666666666667,0.08771929824561403
WS/MP18253/2024-2025/140049,West Bengal,MATHURAPUR(SC),BAPI HALDAR,Normal/Others,CONSTRUCTION OC CC ROAD  FROM RAMTANU NAGAR TRANCFARMA TO UPENDRA PRAMANIK HOUSE,Work Completed,Completed,0.44425705207821053,True,medium,financial,R07,"1 out of 1.0 payments (100%) fall just below statutory thresholds, suggesting potential contract splitting.","Sanction: ₹249,403; Disbursed: ₹247,769; Cost ratio: 0.99; Sanction delay: 44d; Duration: 423d",0.4262923523418959,0.75,0.10766846855067591,249403.0,247769.0,0.9934483546709543,247769.0,44,423.0,2024-09-09,2024-10-23,2025-12-20,1.0,1.0,1.0,1.0,True,False,False,1.0,1.0,1.0,0.8313433333333333,1.855263157894737
WS/MP745/2025-2026/144828,Tamil Nadu,TIRUPPUR,K Subbarayan,Normal/Others,Construction of Roads CSI Colony H/O perumanallur Panchayat,Physical Inspection,Completed,0.4440703054898443,True,medium,vendor,"R04,R09","This ₹1,499,453 work was completed in only 0 days, which is suspiciously fast for a project of this budget. All ₹1,499,453 of expenditure was directed to a single vendor for this large project, raising concentration risk.","Sanction: ₹1,499,453; Disbursed: ₹1,499,453; Cost ratio: 1.00; Sanction delay: 305d; Vendor HHI: 1.00",0.336304829108155,0.6875,0.24284028060801577,1499453.0,1499453.0,1.0,1499453.0,305,0.0,2024-09-30,2025-08-01,2025-08-01,1.0,1.0,1.0,1.0,True,False,False,0.0,0.0,1.0,4.998176666666667,0.0
WS/MP386/2024-2025/145025,Rajasthan,NAGAUR,Shri Hanuman Beniwal,Repair and Renovation,"Complete repair work with Kota  stone, plaster of walls and Construction of Main gate in Govt SS School,Mundiyar",Work partially Completed,Ongoing,0.44406652989752793,True,medium,vendor,R09,"All ₹1,468,369 of expenditure was directed to a single vendor for this large project, raising concentration risk.","Sanction: ₹1,500,000; Disbursed: ₹1,468,369; Cost ratio: 0.98; Sanction delay: 71d; Vendor HHI: 1.00",0.5773561880104181,0.5,0.2849356654140669,1500000.0,1468369.0,0.9789126666666667,,71,,2024-10-01,2024-12-11,,1.0,1.0,2.0,1.0,True,False,False,0.0,0.0,0.46231226619466903,3.0100837806652283,
WS/MP18245/2025-2026/147646,West Bengal,ARAMBAG(SC),BAG MITALI,Normal/Others,CONSTRUCTION OF CYCLE STAND WITHIN SAORA UNION HIGH SCHOOL(H.S) AT KUMURSHA GP UNDER GOGHAT-I DEV. BLOCK,Vendor Identification,Ongoing,0.44379484782656775,True,medium,financial,R07,"1 out of 1.0 payments (100%) fall just below statutory thresholds, suggesting potential contract splitting.","Sanction: ₹500,000; Disbursed: ₹498,355; Cost ratio: 1.00; Sanction delay: 225d; Vendor HHI: 1.00",0.4699730101675026,0.75,0.07514741509912015,500000.0,498355.0,0.99671,,225,,2024-10-29,2025-06-11,,1.0,1.0,1.0,1.0,True,False,False,1.0,1.0,1.0,1.6666666666666667,
WS/MP494/2024-2025/137155,Uttar Pradesh,AGRA(SC),Prof SP Singh Baghel,Normal/Others,CC ROAD IN BALAJI DHAM MANDIR TO KRASHANA EMPAYAR,Physical Inspection,Completed,0.4434219991301271,True,medium,vendor,R09,"All ₹2,613,400 of expenditure was directed to a single vendor for this large project, raising concentration risk.","Sanction: ₹2,613,400; Disbursed: ₹2,613,400; Cost ratio: 1.00; Sanction delay: 32d; Duration: 209d",0.6647601620724036,0.5,0.22066273889150345,2613400.0,2613400.0,1.0,2613400.0,32,209.0,2024-08-27,2024-09-28,2025-04-25,1.0,1.0,2.0,1.0,True,False,False,0.0,0.0,0.7502579015841433,8.711333333333334,0.9166666666666666
WS/MP485/2024-2025/134837,West Bengal,JOYNAGAR(SC),Pratima Mondal,Normal/Others,"Installation of Solar High Mast Light Near Garibari 4 No Masjid, Plot No -11, Khatiyan No -19, JL No -145, Mouza - Nalgora",Work Completed,Completed,0.4432299992497512,True,medium,financial,R07,"1 out of 1.0 payments (100%) fall just below statutory thresholds, suggesting potential contract splitting.","Sanction: ₹250,000; Disbursed: ₹249,621; Cost ratio: 1.00; Sanction delay: 225d; Duration: 175d",0.4605601486343616,0.75,0.08025703454617361,250000.0,249621.0,0.998484,249621.0,225,175.0,2024-08-06,2025-03-19,2025-09-10,1.0,1.0,1.0,1.0,True,False,False,1.0,1.0,1.0,0.8333333333333334,0.7675438596491229
WS/MP18220/2024-2025/147960,Uttar Pradesh,HATHRAS (SC),ANOOP PRADHAN BALMIKI,Normal/Others,Gram Taharpur Block Iglas mai Bhu Dev Singh kai ghar se Devi Maa Kai Mandir ki taraf 220 miter Interlocking Karya,Physical Inspection,Completed,0.4431199387815797,True,medium,vendor,R09,"All ₹2,276,910 of expenditure was directed to a single vendor for this large project, raising concentration risk.","Sanction: ₹2,276,910; Disbursed: ₹2,276,910; Cost ratio: 1.00; Sanction delay: 25d; Duration: 95d",0.5958658899917714,0.5,0.26900990366753375,2276910.0,2276910.0,1.0,2276910.0,25,95.0,2024-10-17,2024-11-11,2025-02-14,1.0,1.0,2.0,1.0,True,False,False,0.0,0.0,0.6628935706725343,7.5897,0.4166666666666667
WS/MP384/2024-2025/147560,Rajasthan,BIKANER(SC),Shri Arjun Ram Meghwal,Normal/Others,"CC Block Niraman Karya, Guru Jambeshwar Mandir ke Pass Lalasar Sathri, Working Agency Gram Panchayat Lalasar",Physical Inspection,Completed,0.44230260365585594,True,medium,vendor,R09,"All ₹2,498,759 of expenditure was directed to a single vendor for this large project, raising concentration risk.","Sanction: ₹2,498,759; Disbursed: ₹2,498,759; Cost ratio: 1.00; Sanction delay: 60d; Duration: 240d",0.644969148722702,0.5,0.23160090421480128,2498759.0,2498759.0,1.0,2498759.0,60,240.0,2024-10-15,2024-12-14,2025-08-11,1.0,1.0,2.0,1.0,True,False,False,1.0,0.5,0.613470926968147,8.329196666666666,1.0526315789473684
WS/MP18253/2024-2025/140048,West Bengal,MATHURAPUR(SC),BAPI HALDAR,Normal/Others,CONSTRUCTION OC CC ROAD  FROM GOUR HALDER HOUSE TO KRISHNA HALDER HOUSE AT DAMODARPUR,Work Completed,Completed,0.44215045246985524,True,medium,financial,R07,"1 out of 1.0 payments (100%) fall just below statutory thresholds, suggesting potential contract splitting.","Sanction: ₹250,000; Disbursed: ₹248,844; Cost ratio: 1.00; Sanction delay: 44d; Duration: 423d",0.42629235054106285,0.75,0.10164961381311277,250000.0,248844.0,0.995376,248844.0,44,423.0,2024-09-09,2024-10-23,2025-12-20,1.0,1.0,1.0,1.0,True,False,False,1.0,1.0,1.0,0.8333333333333334,1.855263157894737
WS/MP243/2025-2026/141152,West Bengal,BARASAT,Kakoli Ghosh Dastidar,Normal/Others,Development of open gym with Children park with solar light and boundary,Physical Inspection,Completed,0.44211792454266186,True,medium,financial,R07,"1 out of 1.0 payments (100%) fall just below statutory thresholds, suggesting potential contract splitting.","Sanction: ₹988,121; Disbursed: ₹988,121; Cost ratio: 1.00; Sanction delay: 327d; Duration: 369d",0.24659004649369345,0.75,0.22991546548353847,988121.0,988121.0,1.0,988121.0,327,369.0,2024-09-15,2025-08-08,2026-08-12,1.0,1.0,1.0,1.0,True,False,False,1.0,1.0,1.0,3.2937366666666668,1.618421052631579
WS/MP18006/2024-2025/136186,Andhra Pradesh,CHITTOOR,DAGGUMALLA PRASADA RAO,Normal/Others,Construction of CC Road Mangunta Anganwadi School to Mangunta New Colony via Nehru House in Mangunta Village and GP of SR Puram Mandal of GD Nelloore Constituency.,Work Completed,Completed,0.4421135126071528,True,medium,financial,R07,"1 out of 1.0 payments (100%) fall just below statutory thresholds, suggesting potential contract splitting.","Sanction: ₹500,000; Disbursed: ₹497,570; Cost ratio: 1.00; Sanction delay: 19d; Duration: 85d",0.436794300449098,0.75,0.09404267855679516,500000.0,497570.0,0.99514,497570.0,19,85.0,2024-08-18,2024-09-06,2024-11-30,1.0,1.0,1.0,1.0,True,False,False,1.0,1.0,1.0,1.6666666666666667,0.37280701754385964
WS/MP18339/2024-2025/142000,Uttar Pradesh,KAISERGANJ,KARAN BHUSHAN SINGH,Normal/Others,Sr.No. 03 Interlocking work in 400 meter length from Panchayat Bhawan to Pathakpurwa.,Work partially Completed,Ongoing,0.44205129081357575,True,medium,vendor,R09,"All ₹1,889,467 of expenditure was directed to a single vendor for this large project, raising concentration risk.","Sanction: ₹1,893,000; Disbursed: ₹1,889,467; Cost ratio: 1.00; Sanction delay: 61d; Vendor HHI: 1.00",0.6358161216727091,0.5,0.23742074398685264,1893000.0,1889467.0,0.9981336502905441,,61,,2024-09-20,2024-11-20,,1.0,1.0,2.0,1.0,True,False,False,0.0,0.0,0.5887618042548507,6.31,
WS/MP313/2024-2025/140891,Arunachal Pradesh,ARUNACHAL EAST,Shri Tapir Gao,Normal/Others,"C/o Culvert at Lekong Nallah, Ralung in East Siang District",Work Completed,Completed,0.44195033026874625,True,medium,financial,"R04,R07","This ₹1,000,000 work was completed in only 6 days, which is suspiciously fast for a project of this budget. 1 out of 1.0 payments (100%) fall just below statutory thresholds, suggesting potential contract splitting.","Sanction: ₹1,000,000; Disbursed: ₹999,384; Cost ratio: 1.00; Sanction delay: 143d; Duration: 6d",0.24434225460543338,0.8250000000000001,0.145327904621108,1000000.0,999384.0,0.999384,999384.0,143,6.0,2024-09-15,2025-02-05,2025-02-11,1.0,1.0,1.0,1.0,True,False,False,1.0,1.0,1.0,3.3333333333333335,0.02631578947368421
WS/MP18323/2026-2027/144117,Maharashtra,LATUR(SC),DR KALGE SHIVAJI BANDAPPA,Normal/Others,"Asphalting of the road leading to Vasantnagar Tanda Vasti in Mahapur,Taluka Latur",Physical Inspection,Ongoing,0.4418500965680848,True,medium,temporal,R03,"Sanction was delayed by 679 days after recommendation, far exceeding the typical processing time.","Sanction: ₹1,000,000; Disbursed: ₹1,000,000; Cost ratio: 1.00; Sanction delay: 679d; Vendor HHI: 1.00",0.4221732105851187,0.5,0.38944798263372904,1000000.0,1000000.0,1.0,,679,,2024-09-27,2026-08-07,,1.0,1.0,1.0,1.0,True,False,False,0.0,0.0,1.0,3.3333333333333335,
WS/MP18391/2024-2025/140324,Nagaland,NAGALAND,S SUPONGMEREN JAMIR,Normal/Others,Rearing of life stock,Physical Inspection,Completed,0.4418040219729019,True,medium,vendor,R09,"All ₹2,200,000 of expenditure was directed to a single vendor for this large project, raising concentration risk.","Sanction: ₹2,200,000; Disbursed: ₹2,200,000; Cost ratio: 1.00; Sanction delay: 61d; Duration: 122d",0.5753698653576513,0.5,0.279890158952826,2200000.0,2200000.0,1.0,2200000.0,61,122.0,2024-09-11,2024-11-11,2025-03-13,1.0,1.0,2.0,1.0,True,False,False,0.0,0.0,0.5454545454545454,7.333333333333333,0.5350877192982456
WS/MP18323/2025-2026/144115,Maharashtra,LATUR(SC),DR KALGE SHIVAJI BANDAPPA,Normal/Others,"Construction of  road at Prbudhhanagar,Maharanapratap Nagar,Taluka Latur",Physical Inspection,Completed,0.4412733233139398,True,medium,financial,"R03,R07","Sanction was delayed by 403 days after recommendation, far exceeding the typical processing time. 1 out of 1.0 payments (100%) fall just below statutory thresholds, suggesting potential contract splitting.","Sanction: ₹995,673; Disbursed: ₹995,673; Cost ratio: 1.00; Sanction delay: 403d; Duration: 10d",0.29651475818142736,0.6875,0.26327038219595134,995673.0,995673.0,1.0,995673.0,403,10.0,2024-09-27,2025-11-04,2025-11-14,1.0,1.0,1.0,1.0,True,False,False,1.0,1.0,1.0,3.31891,0.043859649122807015
WS/MP740/2026-2027/140337,Tamil Nadu,NILGIRIS(SC),Andimuthu Raja,Normal/Others,Construction of PD Shop Building at Lingapuram Ward No 2 at Sirumugai Town Panchayat,Sanction,To Be Implemented,0.4411860593640751,True,medium,temporal,R03,"Sanction was delayed by 672 days after recommendation, far exceeding the typical processing time.","Sanction: ₹1,695,000; Sanction delay: 672d; Vendor HHI: 1.00",0.5033141492612487,0.5,0.3295929201393226,1695000.0,,,,672,,2024-09-11,2026-07-15,,1.0,,,1.0,False,False,False,,,,5.65,
WS/MP370/2024-2025/145192,Odisha,SUNDARGARH (ST),Shri Jual Oram,Normal/Others,"Completion of Building of Oram Shanskrutika Samaj, Sundargarh (Executing Agency ITDA Sundargarh)",Physical Inspection,Completed,0.44090714568894895,True,medium,financial,R07,"1 out of 1.0 payments (100%) fall just below statutory thresholds, suggesting potential contract splitting.","Sanction: ₹990,000; Disbursed: ₹990,000; Cost ratio: 1.00; Sanction delay: 26d; Duration: 561d",0.20723219956897462,0.75,0.2545688451334436,990000.0,990000.0,1.0,990000.0,26,561.0,2024-10-03,2024-10-29,2026-05-13,1.0,1.0,1.0,1.0,True,False,False,1.0,1.0,1.0,3.3,2.460526315789474
WS/MP18133/2025-2026/148515,Maharashtra,SATARA,SHRIMANT CHH UDAYANRAJE PRATAPSINHAMAHARAJ BHONSLE,Normal/Others,creation of paver block road adjacent to Mahadev Mandir Khochrewadi,Physical Inspection,Completed,0.44082365420359243,True,medium,financial,R07,"1 out of 1.0 payments (100%) fall just below statutory thresholds, suggesting potential contract splitting.","Sanction: ₹500,000; Disbursed: ₹498,180; Cost ratio: 1.00; Sanction delay: 110d; Duration: 370d",0.428595992502726,0.75,0.0962133030797454,500000.0,498180.0,0.99636,498180.0,110,370.0,2025-01-02,2025-04-22,2026-04-27,1.0,1.0,1.0,1.0,True,False,False,1.0,1.0,1.0,1.6666666666666667,1.6228070175438596
WS/MP18215/2024-2025/143279,Uttar Pradesh,FAIZABAD,AWADHESH PRASAD,Normal/Others,from kuchera bazar raibareli road to masjid interlocking brick road construction,Physical Inspection,Completed,0.4408151715346451,True,medium,vendor,R09,"All ₹2,538,520 of expenditure was directed to a single vendor for this large project, raising concentration risk.","Sanction: ₹2,538,520; Disbursed: ₹2,538,520; Cost ratio: 1.00; Sanction delay: 46d; Duration: 131d",0.6522400758482013,0.5,0.22215757877884224,2538520.0,2538520.0,1.0,2538520.0,46,131.0,2024-09-24,2024-11-09,2025-03-20,1.0,1.0,2.0,1.0,True,False,False,0.0,0.0,0.749962182689126,8.461733333333333,0.5745614035087719
WS/MP18006/2024-2025/136203,Andhra Pradesh,CHITTOOR,DAGGUMALLA PRASADA RAO,Normal/Others,Upgradation of Existing CC road from Challampalem Road to Thalaripalli HW of Ramakrishnapuram GP in Penumuru Mandal of GD Nelloore  Constituency.,Work Completed,Completed,0.4407543017003121,True,medium,financial,R07,"1 out of 1.0 payments (100%) fall just below statutory thresholds, suggesting potential contract splitting.","Sanction: ₹500,000; Disbursed: ₹498,687; Cost ratio: 1.00; Sanction delay: 9d; Duration: 109d",0.4413241087654096,0.75,0.08692364145417042,500000.0,498687.0,0.997374,498687.0,9,109.0,2024-08-28,2024-09-06,2024-12-24,1.0,1.0,1.0,1.0,True,False,False,1.0,1.0,1.0,1.6666666666666667,0.4780701754385965
WS/MP751/2024-2025/146656,Tamil Nadu,MADURAI,S Venkatesan,Normal/Others,Additional Fund for Construction of New Bus Stand at  Kottampatti (2024-2025),Physical Inspection,Completed,0.44068347310990474,True,medium,vendor,R09,"All ₹2,500,000 of expenditure was directed to a single vendor for this large project, raising concentration risk.","Sanction: ₹2,500,000; Disbursed: ₹2,500,000; Cost ratio: 1.00; Sanction delay: 4d; Duration: 22d",0.6452028272589343,0.5,0.22680790370048898,2500000.0,2500000.0,1.0,2500000.0,4,22.0,2024-10-10,2024-10-14,2024-11-05,1.0,1.0,1.0,1.0,True,False,False,0.0,0.0,1.0,8.333333333333334,0.09649122807017543
WS/MP18006/2024-2025/136189,Andhra Pradesh,CHITTOOR,DAGGUMALLA PRASADA RAO,Normal/Others,Construction of CC road from R&B Road to Ramesh Reddy House Mangunta Village and GP of SR Puram Mandal of GD Nelloore Constituency.,Work Completed,Completed,0.4399205222130894,True,medium,financial,R07,"1 out of 1.0 payments (100%) fall just below statutory thresholds, suggesting potential contract splitting.","Sanction: ₹500,000; Disbursed: ₹493,611; Cost ratio: 0.99; Sanction delay: 19d; Duration: 119d",0.4367943010034781,0.75,0.0877769913206281,500000.0,493611.0,0.987222,493611.0,19,119.0,2024-08-18,2024-09-06,2025-01-03,1.0,1.0,1.0,1.0,True,False,False,1.0,1.0,1.0,1.6666666666666667,0.5219298245614035
WS/MP577/2025-2026/133551,Gujarat,DAHOD(ST),Jaswantsinh Sumanbhai Bhabhor,Normal/Others,khangela game dharmesh na ghar taraf jata rasta par c.c.road nu kam,Physical Inspection,Completed,0.4396997950085185,True,medium,financial,"R03,R07","Sanction was delayed by 457 days after recommendation, far exceeding the typical processing time. 1 out of 1.0 payments (100%) fall just below statutory thresholds, suggesting potential contract splitting.","Sanction: ₹242,105; Disbursed: ₹242,105; Cost ratio: 1.00; Sanction delay: 457d; Duration: 127d",0.3300968123123207,0.6875,0.234787405515538,242105.0,242105.0,1.0,242105.0,457,127.0,2024-07-17,2025-10-17,2026-02-21,1.0,1.0,1.0,1.0,True,False,False,1.0,1.0,1.0,0.8070166666666667,0.5570175438596491
WS/MP18019/2025-2026/143867,Assam,Diphu (ST),AMARSING TISSO,Normal/Others,"Construction of ""Chandrosing Kro Open Stage with Half Iron Grill"" at Dengkimo Aklam, Centre",Work partially Completed,Ongoing,0.43906315087176817,True,medium,statistical,,This work shows unusual patterns across multiple financial and operational metrics compared to similar works.,"Sanction: ₹2,000,000; Disbursed: ₹1,457,269; Cost ratio: 0.73; Sanction delay: 158d; Vendor HHI: 0.42",0.6515329283576817,0.0,0.7890854822352794,2000000.0,1457269.0,0.7286345,,158,,2024-10-28,2025-04-04,,0.41951774001800407,3.0,3.0,0.5508783896452886,False,False,False,0.0,0.0,0.13739536077416042,6.666666666666667,
WS/MP681/2024-2025/134799,Maharashtra,PARBHANI,Sanjay Haribhau Jadhav,Normal/Others,Construction of Sabhamandap at Mhalsapur Tal. Sailu Dist. Parbhani,Work Completed,Completed,0.4390270846285117,True,medium,financial,R07,"1 out of 1.0 payments (100%) fall just below statutory thresholds, suggesting potential contract splitting.","Sanction: ₹999,356; Disbursed: ₹999,356; Cost ratio: 1.00; Sanction delay: 52d; Duration: 568d",0.20868654742710105,0.75,0.24815842220496098,999356.0,999356.0,1.0,999356.0,52,568.0,2024-08-06,2024-09-27,2026-04-18,1.0,1.0,1.0,1.0,True,False,False,1.0,1.0,1.0,3.3311866666666665,2.491228070175439
WS/MP743/2025-2026/142104,Tamil Nadu,KANCHEEPURAM(SC),Ganesan Selvam,Normal/Others,Construction of Drama Stage at Kammalampoondi Panchayat in Uthiramerur Panchayat Union.,Physical Inspection,Completed,0.43898492140606926,True,medium,financial,"R04,R07","This ₹999,900 work was completed in only 2 days, which is suspiciously fast for a project of this budget. 1 out of 1.0 payments (100%) fall just below statutory thresholds, suggesting potential contract splitting.","Sanction: ₹999,900; Disbursed: ₹999,900; Cost ratio: 1.00; Sanction delay: 193d; Duration: 2d",0.20877130749487702,0.8250000000000001,0.1622631272352857,999900.0,999900.0,1.0,999900.0,193,2.0,2024-09-20,2025-04-01,2025-04-03,1.0,1.0,1.0,1.0,True,False,False,1.0,1.0,1.0,3.333,0.008771929824561403
WS/MP826/2024-2025/135535,West Bengal,DARJEELING,Raju Bista,Normal/Others,"Construction of concrete footpath at Sansad VI, Suntalay, Gorubathan - from Mani Kumar House - to Jhandi Road (140 m)  Ref: Passang Tshering Sherpa (8972308508), Member, Nim Gram Panchayat",Work Completed,Completed,0.4389787359800593,True,medium,financial,R07,"1 out of 1.0 payments (100%) fall just below statutory thresholds, suggesting potential contract splitting.","Sanction: ₹500,000; Disbursed: ₹493,330; Cost ratio: 0.99; Sanction delay: 180d; Duration: 168d",0.44658147082135885,0.75,0.07809533792777013,500000.0,493330.0,0.98666,493330.0,180,168.0,2024-08-16,2025-02-12,2025-07-30,1.0,1.0,1.0,1.0,True,False,False,1.0,1.0,1.0,1.6666666666666667,0.7368421052631579
WS/MP18006/2024-2025/135656,Andhra Pradesh,CHITTOOR,DAGGUMALLA PRASADA RAO,Normal/Others,"Construction of CC road from Molakamadugu Village to Kotala Main Road in Molakamadugu Village, Dasarapalli GP in Yadamar Mandal of Puthalapttu Constituency.",Work Completed,Completed,0.43874555594916376,True,medium,financial,R07,"1 out of 1.0 payments (100%) fall just below statutory thresholds, suggesting potential contract splitting.","Sanction: ₹500,000; Disbursed: ₹496,981; Cost ratio: 0.99; Sanction delay: 21d; Duration: 102d",0.4359007738775547,0.75,0.08505817851364306,500000.0,496981.0,0.993962,496981.0,21,102.0,2024-08-13,2024-09-03,2024-12-14,1.0,1.0,1.0,1.0,True,False,False,1.0,1.0,1.0,1.6666666666666667,0.4473684210526316
WS/MP517/2024-2025/140152,Uttar Pradesh,FATEHPUR SIKRI,Rajkumar Chahar,Normal/Others,"Pl see my letter no 7895 dated 27-8-2024 me prastavit high mast light install in block Barauli Ahir as par sr no 21,22,25,26,30,31,32,33,34,35",Physical Inspection,Completed,0.4386831739210245,True,medium,vendor,R09,"All ₹2,489,182 of expenditure was directed to a single vendor for this large project, raising concentration risk.","Sanction: ₹2,489,182; Disbursed: ₹2,489,182; Cost ratio: 1.00; Sanction delay: 41d; Duration: 142d",0.6431510204231163,0.5,0.22255833947212988,2489182.0,2489182.0,1.0,2489182.0,41,142.0,2024-09-10,2024-10-21,2025-03-12,1.0,1.0,2.0,1.0,True,False,False,0.0,0.0,0.7477267632499351,8.297273333333333,0.6228070175438597
WS/MP517/2024-2025/140157,Uttar Pradesh,FATEHPUR SIKRI,Rajkumar Chahar,Normal/Others,"Pl see my letter no 7895 dated 27-8-2024 me prastavit high mast light install in block Bichpuri as par sr no 14,16,17,18,19,20,24,27,28,29",Physical Inspection,Completed,0.43862503617234144,True,medium,vendor,R09,"All ₹2,489,037 of expenditure was directed to a single vendor for this large project, raising concentration risk.","Sanction: ₹2,489,037; Disbursed: ₹2,489,037; Cost ratio: 1.00; Sanction delay: 41d; Duration: 142d",0.6431232913589725,0.5,0.22241203809313814,2489037.0,2489037.0,1.0,2489037.0,41,142.0,2024-09-10,2024-10-21,2025-03-12,1.0,1.0,2.0,1.0,True,False,False,0.0,0.0,0.7419873629841581,8.29679,0.6228070175438597
WS/MP517/2024-2025/140153,Uttar Pradesh,FATEHPUR SIKRI,Rajkumar Chahar,Normal/Others,"Pl see my letter no 7895 dated 27-8-2024 me prastavit high mast light install in block Barauli Ahir as par sr no 36,37,38,39,40,41,42,53,54,55",Physical Inspection,Completed,0.43861800674913803,True,medium,vendor,R09,"All ₹2,488,890 of expenditure was directed to a single vendor for this large project, raising concentration risk.","Sanction: ₹2,488,890; Disbursed: ₹2,488,890; Cost ratio: 1.00; Sanction delay: 41d; Duration: 142d",0.6430951736661589,0.5,0.22241203809313814,2488890.0,2488890.0,1.0,2488890.0,41,142.0,2024-09-10,2024-10-21,2025-03-12,1.0,1.0,2.0,1.0,True,False,False,0.0,0.0,0.7420311865932203,8.2963,0.6228070175438597
WS/MP517/2024-2025/140151,Uttar Pradesh,FATEHPUR SIKRI,Rajkumar Chahar,Normal/Others,"Pl see my letter no 7897 dated 27-8-2024 me prastavit high mast light install in block Barauli Ahir as par sr no 1,2,3,4,5,6,7,8,9,10",Physical Inspection,Completed,0.43861800674913803,True,medium,vendor,R09,"All ₹2,488,890 of expenditure was directed to a single vendor for this large project, raising concentration risk.","Sanction: ₹2,488,890; Disbursed: ₹2,488,890; Cost ratio: 1.00; Sanction delay: 41d; Duration: 142d",0.6430951736661589,0.5,0.22241203809313814,2488890.0,2488890.0,1.0,2488890.0,41,142.0,2024-09-10,2024-10-21,2025-03-12,1.0,1.0,2.0,1.0,True,False,False,0.0,0.0,0.7420311865932203,8.2963,0.6228070175438597
WS/MP18133/2025-2026/148915,Maharashtra,SATARA,SHRIMANT CHH UDAYANRAJE PRATAPSINHAMAHARAJ BHONSLE,Normal/Others,Construction of Boundary Wall and laying of Paver Block at Vithlai Mandir at Hanumantwadi (Yevati),Physical Inspection,Completed,0.438531497808639,True,medium,financial,R07,"1 out of 1.0 payments (100%) fall just below statutory thresholds, suggesting potential contract splitting.","Sanction: ₹500,000; Disbursed: ₹498,370; Cost ratio: 1.00; Sanction delay: 131d; Duration: 358d",0.4285946046581579,0.75,0.0896652761259985,500000.0,498370.0,0.99674,498370.0,131,358.0,2025-01-02,2025-05-13,2026-05-06,1.0,1.0,1.0,1.0,True,False,False,1.0,1.0,1.0,1.6666666666666667,1.5701754385964912
WS/MP18006/2024-2025/136192,Andhra Pradesh,CHITTOOR,DAGGUMALLA PRASADA RAO,Normal/Others,"Construction of CC Road from Ramakka House to Doraswami Reddy House in 52Kannikapuram Village , Pillarikuppam GP of SR Puram Mandal of GD Nelloore Constituency.",Work Completed,Completed,0.43840105019552067,True,medium,financial,R07,"1 out of 1.0 payments (100%) fall just below statutory thresholds, suggesting potential contract splitting.","Sanction: ₹500,000; Disbursed: ₹499,013; Cost ratio: 1.00; Sanction delay: 19d; Duration: 85d",0.43579434208489354,0.75,0.08414989906942072,500000.0,499013.0,0.998026,499013.0,19,85.0,2024-08-18,2024-09-06,2024-11-30,1.0,1.0,1.0,1.0,True,False,False,1.0,1.0,1.0,1.6666666666666667,0.37280701754385964
WS/MP18152/2024-2025/140028,Punjab,FARIDKOT(SC),SARABJEET SINGH KHALSA,Normal/Others,Construction of SC Dharamshala,Vendor Identification,Ongoing,0.438168633549757,True,medium,statistical,,This work shows unusual patterns across multiple financial and operational metrics compared to similar works.,"Sanction: ₹400,000; Disbursed: ₹305,448; Cost ratio: 0.76; Sanction delay: 102d; Vendor HHI: 0.39",0.6085784472922586,0.0,0.8172114906476925,400000.0,305448.0,0.76362,,102,,2024-09-09,2024-12-20,,0.3858229724683685,3.0,7.0,0.5195778004766769,False,False,False,0.0,0.0,0.14405070584845867,1.3333333333333333,
WS/MP632/2025-2026/143623,Kerala,PATHANAMTHITTA,Anto Antony,Normal/Others,Construction of Open Air Auditorium Building for Cultural Activities in Konni Grama Panchayat (Ward-16),Sanction,To Be Implemented,0.43769653830870736,True,medium,temporal,R03,"Sanction was delayed by 528 days after recommendation, far exceeding the typical processing time.","Sanction: ₹2,350,000; Sanction delay: 528d; Vendor HHI: 1.00",0.6122259681944261,0.5,0.24182870360028796,2350000.0,,,,528,,2024-09-25,2026-03-07,,1.0,,,1.0,False,False,False,,,,7.833333333333333,
WS/MP18217/2024-2025/136859,Uttar Pradesh,FIROZABAD,AKSHAYA YADAV,Normal/Others,developement of interlocking road and drainage system from rajesh kumar valmaki house to thakurji temple length 220 meter by 4 meter,Physical Inspection,Completed,0.43745409522316236,True,medium,vendor,R09,"All ₹2,497,235 of expenditure was directed to a single vendor for this large project, raising concentration risk.","Sanction: ₹2,497,235; Disbursed: ₹2,497,235; Cost ratio: 1.00; Sanction delay: 55d; Duration: 154d",0.6446815811793934,0.5,0.21795342836661136,2497235.0,2497235.0,1.0,2497235.0,55,154.0,2024-08-23,2024-10-17,2025-03-20,1.0,1.0,2.0,1.0,True,False,False,0.0,0.0,0.7488550336672359,8.324116666666667,0.6754385964912281
WS/MP18308/2025-2026/145422,Maharashtra,MUMBAI NORTH WEST,RAVINDRA DATTARAM WAIKAR,Normal/Others,"Construction of Sabhamandap Near Nagari Niwara Parisad Zone-2, Goregaon (E)",Vendor Identification,Ongoing,0.43713285182678085,True,medium,vendor,R09,"All ₹2,498,103 of expenditure was directed to a single vendor for this large project, raising concentration risk.","Sanction: ₹2,500,000; Disbursed: ₹2,498,103; Cost ratio: 1.00; Sanction delay: 288d; Vendor HHI: 1.00",0.6449838952191632,0.5,0.21681965149140003,2500000.0,2498103.0,0.9992412,,288,,2024-10-08,2025-07-23,,1.0,1.0,1.0,1.0,True,False,False,0.0,0.0,1.0,8.333333333333334,
WS/MP18006/2024-2025/141509,Andhra Pradesh,CHITTOOR,DAGGUMALLA PRASADA RAO,Normal/Others,"Painting of Z.P.H.S. Bangareddipalli Village, Diguvamasapalle G.P., Chittoor Rural Mandal.",Work Completed,Completed,0.4370329929809109,True,medium,financial,R07,"1 out of 1.0 payments (100%) fall just below statutory thresholds, suggesting potential contract splitting.","Sanction: ₹500,000; Disbursed: ₹498,182; Cost ratio: 1.00; Sanction delay: 16d; Duration: 108d",0.4381469582737613,0.75,0.07856072403563008,500000.0,498182.0,0.996364,498182.0,16,108.0,2024-09-18,2024-10-04,2025-01-20,1.0,1.0,1.0,1.0,True,False,False,1.0,1.0,1.0,1.6666666666666667,0.47368421052631576
WS/MP18311/2024-2025/142735,Punjab,ANANDPUR SAHIB,MALVINDER SINGH KANG,Normal/Others,Construction of rooms in govt school at village bhagalan,Vendor Identification,Ongoing,0.4370262950409668,True,medium,statistical,,This work shows unusual patterns across multiple financial and operational metrics compared to similar works.,"Sanction: ₹200,000; Disbursed: ₹170,936; Cost ratio: 0.85; Sanction delay: 41d; Vendor HHI: 0.37",0.6123876366629011,0.0,0.8112268167864044,200000.0,170936.0,0.85468,,41,,2024-09-24,2024-11-04,,0.37488103486811236,3.0,6.0,0.4791500912622268,False,False,False,0.0,0.0,0.17363223662657368,0.6666666666666666,
WS/MP18112/2024-2025/136520,Maharashtra,AMRAVATI(SC),BALWANT BASWANT WANKHADE,Normal/Others,"CONSTRUCTION OF COMMUNITY HALL , AT GAGLANI NAGAR , PRABHAG NO 9 AMRAVATI CITY",Work Completed,Completed,0.43645767317300266,True,medium,vendor,"R05,R09","Completed work worth ₹1,998,642 has no verification photograph attached, which is a compliance gap. All ₹1,998,642 of expenditure was directed to a single vendor for this large project, raising concentration risk.","Sanction: ₹2,000,000; Disbursed: ₹1,998,642; Cost ratio: 1.00; Sanction delay: 154d; Duration: 224d",0.5136039808583877,0.55,0.2515905084525877,2000000.0,1998642.0,0.999321,1998642.0,154,224.0,2024-08-20,2025-01-21,2025-09-02,1.0,1.0,2.0,1.0,True,True,False,0.0,0.0,0.6367773718354763,6.666666666666667,0.9824561403508771
WS/MP18323/2026-2027/146717,Maharashtra,LATUR(SC),DR KALGE SHIVAJI BANDAPPA,Normal/Others,"Development of cemetery / Kabrastan at Bhadgaon, Tq.Latur",Physical Inspection,Ongoing,0.4362088194076575,True,medium,temporal,R03,"Sanction was delayed by 673 days after recommendation, far exceeding the typical processing time.","Sanction: ₹794,104; Disbursed: ₹794,104; Cost ratio: 1.00; Sanction delay: 673d; Vendor HHI: 1.00",0.4207196541183669,0.5,0.3743683025087593,794104.0,794104.0,1.0,,673,,2024-10-10,2026-08-14,,1.0,1.0,1.0,1.0,True,False,False,0.0,0.0,1.0,2.647013333333333,
WS/MP18023/2024-2025/140674,Assam,GUWAHATI,BIJULI KALITA MEDHI,Normal/Others,"Construction of link road at Dabari Road , Gomoria.",Vendor Identification,Ongoing,0.4361109650032911,True,medium,vendor,R09,"All ₹2,400,000 of expenditure was directed to a single vendor for this large project, raising concentration risk.","Sanction: ₹2,400,000; Disbursed: ₹2,400,000; Cost ratio: 1.00; Sanction delay: 46d; Vendor HHI: 1.00",0.6249360226802881,0.5,0.22821988380919744,2400000.0,2400000.0,1.0,,46,,2024-09-13,2024-10-29,,1.0,1.0,2.0,1.0,True,False,False,1.0,0.5,0.6,8.0,
WS/MP18006/2024-2025/146727,Andhra Pradesh,CHITTOOR,DAGGUMALLA PRASADA RAO,Normal/Others,Construction of ST Colony Burial Ground to Thumba GP of Bangarupalyam Mandal of Puthalapattu Constituency.,Work Completed,Completed,0.4360331345346208,True,medium,financial,R07,"1 out of 1.0 payments (100%) fall just below statutory thresholds, suggesting potential contract splitting.","Sanction: ₹500,000; Disbursed: ₹486,300; Cost ratio: 0.97; Sanction delay: 22d; Duration: 199d",0.4354565345044389,0.75,0.07762571688146014,500000.0,486300.0,0.9726,486300.0,22,199.0,2024-10-11,2024-11-02,2025-05-20,1.0,1.0,1.0,1.0,True,False,False,1.0,1.0,1.0,1.6666666666666667,0.8728070175438597
WS/MP826/2024-2025/135713,West Bengal,DARJEELING,Raju Bista,Normal/Others,"Construction of pony road with drainage system at Burns Gram, below Govt College, Ward No 27, Darjeeling Municipality  Ref: Pinkee Thapa (9733019741)",Physical Inspection,Ongoing,0.43594590572460684,True,medium,financial,R07,"1 out of 1.0 payments (100%) fall just below statutory thresholds, suggesting potential contract splitting.","Sanction: ₹500,000; Disbursed: ₹484,564; Cost ratio: 0.97; Sanction delay: 179d; Vendor HHI: 1.00",0.44609872081703217,0.75,0.06977493005813928,500000.0,484564.0,0.969128,,179,,2024-08-16,2025-02-11,,1.0,1.0,1.0,1.0,True,False,False,1.0,1.0,1.0,1.6666666666666667,
WS/MP632/2024-2025/142401,Kerala,PATHANAMTHITTA,Anto Antony,Normal/Others,Construction of Bus Waiting Shed at Vaikkathillam Junction in Nedumpuram Grama Panchayat.,Physical Inspection,Ongoing,0.43511931219026817,True,medium,financial,R07,"1 out of 1.0 payments (100%) fall just below statutory thresholds, suggesting potential contract splitting.","Sanction: ₹500,000; Disbursed: ₹489,568; Cost ratio: 0.98; Sanction delay: 184d; Vendor HHI: 1.00",0.4485290260410695,0.75,0.06567730194285926,500000.0,489568.0,0.979136,,184,,2024-09-24,2025-03-27,,1.0,1.0,1.0,1.0,True,False,False,1.0,1.0,1.0,1.6666666666666667,
WS/MP661/2025-2026/146559,Maharashtra,SHIRUR,Amol Ramsing Kolhe,Normal/Others,Construction of road At. Borhade Mala Water Ank To Ajay Poly Company,Physical Inspection,Completed,0.43503680800493344,True,medium,temporal,R04,"This ₹1,000,000 work was completed in only 1 days, which is suspiciously fast for a project of this budget.","Sanction: ₹1,000,000; Disbursed: ₹1,000,000; Cost ratio: 1.00; Sanction delay: 316d; Duration: 1d",0.2390859636167844,0.75,0.21504376314496376,1000000.0,1000000.0,1.0,1000000.0,316,1.0,2024-10-09,2025-08-21,2025-08-22,1.0,1.0,1.0,1.0,True,False,False,0.0,0.0,1.0,3.3333333333333335,0.0043859649122807015
WS/MP18006/2024-2025/135658,Andhra Pradesh,CHITTOOR,DAGGUMALLA PRASADA RAO,Normal/Others,BT Road from Aragonda Main Road to Kondrajukalava Village and GP in Thavanampalli Mandal of Puthalapattu Constituency.,Work partially Completed,Ongoing,0.4350109503259477,True,medium,vendor,R09,"All ₹1,753,337 of expenditure was directed to a single vendor for this large project, raising concentration risk.","Sanction: ₹2,000,000; Disbursed: ₹1,753,337; Cost ratio: 0.88; Sanction delay: 57d; Vendor HHI: 1.00",0.6515329283576817,0.5,0.20607919496150662,2000000.0,1753337.0,0.8766685,,57,,2024-08-13,2024-10-09,,1.0,1.0,1.0,1.0,True,False,False,0.0,0.0,1.0,6.666666666666667,
WS/MP18006/2024-2025/135649,Andhra Pradesh,CHITTOOR,DAGGUMALLA PRASADA RAO,Normal/Others,"Construction of CC Road from G. Nirmala House to Apparao & Hari House in Kothuru Village, Nellepalli GP of GD Nelloore Mandal and Constituency.",Work Completed,Completed,0.4349446790523192,True,medium,financial,R07,"1 out of 1.0 payments (100%) fall just below statutory thresholds, suggesting potential contract splitting.","Sanction: ₹500,000; Disbursed: ₹490,629; Cost ratio: 0.98; Sanction delay: 10d; Duration: 216d",0.44089838898375655,0.75,0.07062880516108572,500000.0,490629.0,0.981258,490629.0,10,216.0,2024-08-13,2024-08-23,2025-03-27,1.0,1.0,1.0,1.0,True,False,False,1.0,1.0,1.0,1.6666666666666667,0.9473684210526315
WS/MP017/2024-2025/143499,Tamil Nadu,ARAKKONAM,S. Jagathrakshakan,Normal/Others,Compound Wall and Other Work In rural Vetrinery Dispencery at Velanchery Village,Physical Inspection,Completed,0.4348336018737796,True,medium,financial,"R04,R07","This ₹996,610 work was completed in only 2 days, which is suspiciously fast for a project of this budget. 1 out of 1.0 payments (100%) fall just below statutory thresholds, suggesting potential contract splitting.","Sanction: ₹996,610; Disbursed: ₹996,610; Cost ratio: 1.00; Sanction delay: 12d; Duration: 2d",0.20825902605900626,0.8250000000000001,0.15076812959722274,996610.0,996610.0,1.0,996610.0,12,2.0,2024-09-25,2024-10-07,2024-10-09,1.0,1.0,1.0,1.0,True,False,False,1.0,1.0,1.0,3.322033333333333,0.008771929824561403
WS/MP858/2024-2025/135386,West Bengal,BOLPUR(SC),Asit Kumar Mal,Normal/Others,"installation 4 NO of high mast light at ROAD SIDE OF  S N COLLEGE , Dwarka GP OFFICE , Sawgram melatola and KURUNAHAR MARKET .Excuting Agency will be E O LABHPUR PANCHYET SAMITY",Physical Inspection,Completed,0.43468066028565855,True,medium,vendor,R09,"All ₹1,754,225 of expenditure was directed to a single vendor for this large project, raising concentration risk.","Sanction: ₹1,754,225; Disbursed: ₹1,754,225; Cost ratio: 1.00; Sanction delay: 32d; Duration: 677d",0.42793574234201853,0.5,0.36484778485758274,1754225.0,1754225.0,1.0,1754225.0,32,677.0,2024-08-12,2024-09-13,2026-07-22,1.0,1.0,1.0,1.0,True,False,False,0.0,0.0,1.0,5.847416666666667,2.969298245614035
WS/MP577/2024-2025/140786,Gujarat,DAHOD(ST),Jaswantsinh Sumanbhai Bhabhor,Normal/Others,GAMDI GAME POST FALIYATHI MAKVANA FALIYA NE JODTA RASTA PAR TRAN HAR NALA NU KAM,Physical Inspection,Completed,0.4346472024029233,True,medium,financial,R07,"1 out of 1.0 payments (100%) fall just below statutory thresholds, suggesting potential contract splitting.","Sanction: ₹250,000; Disbursed: ₹249,000; Cost ratio: 1.00; Sanction delay: 110d; Duration: 376d",0.4170135317100667,0.75,0.0868394842154474,250000.0,249000.0,0.996,249000.0,110,376.0,2024-09-20,2025-01-08,2026-01-19,1.0,1.0,1.0,1.0,True,False,False,1.0,1.0,1.0,0.8333333333333334,1.6491228070175439
WS/MP18183/2025-2026/140746,Tamil Nadu,THANJAVUR,MURASOLI S,Normal/Others,"Construction of New PDS Building  Perumal Koil Street, Pattukottai City,ward no 19",Physical Inspection,Completed,0.43452828434387814,True,medium,vendor,"R05,R09","Completed work worth ₹1,965,000 has no verification photograph attached, which is a compliance gap. All ₹1,965,000 of expenditure was directed to a single vendor for this large project, raising concentration risk.","Sanction: ₹1,965,000; Disbursed: ₹1,965,000; Cost ratio: 1.00; Sanction delay: 268d; Duration: 7d",0.502208234668563,0.55,0.254217787647821,1965000.0,1965000.0,1.0,1965000.0,268,7.0,2024-09-14,2025-06-09,2025-06-16,1.0,1.0,1.0,1.0,True,True,False,0.0,0.0,1.0,6.55,0.03070175438596491
WS/MP743/2025-2026/142805,Tamil Nadu,KANCHEEPURAM(SC),Ganesan Selvam,Normal/Others,Construction of Bus Shelter at Anathamangalam Panchayat (Mettu Street) Neay Perumal Koil.,Physical Inspection,Completed,0.4345115258675606,True,medium,temporal,R04,"This ₹799,198 work was completed in only 1 days, which is suspiciously fast for a project of this budget.","Sanction: ₹799,198; Disbursed: ₹799,198; Cost ratio: 1.00; Sanction delay: 330d; Duration: 1d",0.24829898990041743,0.75,0.20696222397844644,799198.0,799198.0,1.0,799198.0,330,1.0,2024-09-23,2025-08-19,2025-08-20,1.0,1.0,1.0,1.0,True,False,False,0.0,0.0,1.0,2.6639933333333334,0.0043859649122807015
WS/MP18006/2024-2025/136191,Andhra Pradesh,CHITTOOR,DAGGUMALLA PRASADA RAO,Normal/Others,Construction of CC Road from Venkateswara Reddy House to Ramakka House in 52 Kannikapuram Village of Pillarikuppam GP of SR Puram Mandal of GD Nelloore Constituency.,Work Completed,Completed,0.43431754928579974,True,medium,financial,R07,"1 out of 1.0 payments (100%) fall just below statutory thresholds, suggesting potential contract splitting.","Sanction: ₹500,000; Disbursed: ₹499,239; Cost ratio: 1.00; Sanction delay: 19d; Duration: 85d",0.42747195001299393,0.75,0.07842731937871772,500000.0,499239.0,0.998478,499239.0,19,85.0,2024-08-18,2024-09-06,2024-11-30,1.0,1.0,1.0,1.0,True,False,False,1.0,1.0,1.0,1.6666666666666667,0.37280701754385964
WS/MP013/2024-2025/145805,Sikkim,SIKKIM,Indra Hang Subba,Normal/Others,Construction and renovation of approach road at Sharchock below Lachung Monastery,Physical Inspection,Completed,0.43425546826603123,True,medium,vendor,R09,"All ₹2,995,995 of expenditure was directed to a single vendor for this large project, raising concentration risk.","Sanction: ₹2,995,995; Disbursed: ₹2,995,995; Cost ratio: 1.00; Sanction delay: 44d; Duration: 203d",0.7088034520124188,0.5,0.16301315789407567,2995995.0,2995995.0,1.0,2995995.0,44,203.0,2024-10-28,2024-12-11,2025-07-02,1.0,1.0,1.0,1.0,True,False,False,0.0,0.0,1.0,9.98665,0.8903508771929824
WS/MP18307/2025-2026/143610,Maharashtra,MUMBAI NORTH,Piyush Vedprakash Goyal,Normal/Others,"Ward 13 - Construction of Drainge  and CC Passage, Pavour block at Motiram Mishra Chawl Borivali (East)",Work partially Completed,Ongoing,0.43424635969258285,True,medium,vendor,"R03,R09","Sanction was delayed by 492 days after recommendation, far exceeding the typical processing time. All ₹1,498,861 of expenditure was directed to a single vendor for this large project, raising concentration risk.","Sanction: ₹1,500,000; Disbursed: ₹1,498,861; Cost ratio: 1.00; Sanction delay: 492d; Vendor HHI: 1.00",0.44237728593799075,0.55,0.2961486805945289,1500000.0,1498861.0,0.9992406666666667,,492,,2024-09-25,2026-01-30,,1.0,1.0,1.0,1.0,True,False,False,0.0,0.0,1.0,5.0,
WS/MP18307/2025-2026/143613,Maharashtra,MUMBAI NORTH,Piyush Vedprakash Goyal,Normal/Others,"Ward 10 - Construction  of drainge and CC passages, Pavour block at Nutan Nagar Dahisar (West)",Physical Inspection,Ongoing,0.43424635969258285,True,medium,vendor,"R03,R09","Sanction was delayed by 492 days after recommendation, far exceeding the typical processing time. All ₹1,498,861 of expenditure was directed to a single vendor for this large project, raising concentration risk.","Sanction: ₹1,500,000; Disbursed: ₹1,498,861; Cost ratio: 1.00; Sanction delay: 492d; Vendor HHI: 1.00",0.44237728593799075,0.55,0.2961486805945289,1500000.0,1498861.0,0.9992406666666667,,492,,2024-09-25,2026-01-30,,1.0,1.0,1.0,1.0,True,False,False,0.0,0.0,1.0,5.0,
WS/MP643/2025-2026/146594,Madhya Pradesh,KHANDWA,Gyaneshwar Patil,Normal/Others,sanskrutik bhavan at richfal,Work partially Completed,Ongoing,0.43397225557161934,True,medium,statistical,,This work shows unusual patterns across multiple financial and operational metrics compared to similar works.,"Sanction: ₹500,000; Disbursed: ₹499,990; Cost ratio: 1.00; Sanction delay: 195d; Vendor HHI: 0.21",0.4787540698410616,0.0,0.8979535374610114,500000.0,499990.0,0.99998,,195,,2024-10-10,2025-04-23,,0.21079479348342142,8.0,19.0,0.3735954719094382,False,False,False,0.0,0.0,0.018368367367347347,1.6666666666666667,
WS/MP18308/2025-2026/145424,Maharashtra,MUMBAI NORTH WEST,RAVINDRA DATTARAM WAIKAR,Normal/Others,"Construction of Sabhamandap Near Shri Krushna Nagar SRA Parisar, Building No.2, Goregaon (E)",Vendor Identification,Ongoing,0.433962860006079,True,medium,vendor,"R03,R09","Sanction was delayed by 469 days after recommendation, far exceeding the typical processing time. All ₹1,798,634 of expenditure was directed to a single vendor for this large project, raising concentration risk.","Sanction: ₹1,800,000; Disbursed: ₹1,798,634; Cost ratio: 1.00; Sanction delay: 469d; Vendor HHI: 1.00",0.44417319897768653,0.55,0.2940558864618781,1800000.0,1798634.0,0.9992411111111111,,469,,2024-10-08,2026-01-20,,1.0,1.0,1.0,1.0,True,False,False,0.0,0.0,1.0,6.0,
WS/MP826/2024-2025/135523,West Bengal,DARJEELING,Raju Bista,Repair and Renovation,"Renovation of Community Hall at Amar Gram Bhaktay Busty, Sansad III, PO-Rajbari  Ref: Premendra Sampang Rai (9563149615), Member, Darjeeling-I GP",Physical Inspection,Ongoing,0.4336078885091566,True,medium,financial,R07,"1 out of 1.0 payments (100%) fall just below statutory thresholds, suggesting potential contract splitting.","Sanction: ₹500,000; Disbursed: ₹497,351; Cost ratio: 0.99; Sanction delay: 201d; Vendor HHI: 1.00",0.45709826942961335,0.75,0.055238060433580705,500000.0,497351.0,0.994702,,201,,2024-08-16,2025-03-05,,1.0,1.0,1.0,1.0,True,False,False,1.0,1.0,1.0,1.0033612602217428,
WS/MP313/2024-2025/140978,Arunachal Pradesh,ARUNACHAL EAST,Shri Tapir Gao,Normal/Others,Flood Protection work at Jone River near WRC field Debing in East Siang District,Work Completed,Completed,0.4335781483062705,True,medium,temporal,R04,"This ₹500,000 work was completed in only 6 days, which is suspiciously fast for a project of this budget.","Sanction: ₹500,000; Disbursed: ₹500,000; Cost ratio: 1.00; Sanction delay: 143d; Duration: 6d",0.14342626014484586,0.75,0.27920452362873993,500000.0,500000.0,1.0,500000.0,143,6.0,2024-09-15,2025-02-05,2025-02-11,1.0,1.0,2.0,1.0,True,False,False,0.0,0.0,0.843,1.6666666666666667,0.02631578947368421
WS/MP18241/2024-2025/145267,Uttar Pradesh,SITAPUR,RAKESH RATHOR,Normal/Others,MAHMOODABAD REUSA MARG SE PIPRI GRAM PANCHAYAT KI SIMA TAK 175 INTERLOCKING NIRMAN KAYA.,Physical Inspection,Completed,0.43318053886687835,True,medium,vendor,"R05,R09","Completed work worth ₹2,023,742 has no verification photograph attached, which is a compliance gap. All ₹2,023,742 of expenditure was directed to a single vendor for this large project, raising concentration risk.","Sanction: ₹2,023,742; Disbursed: ₹2,023,742; Cost ratio: 1.00; Sanction delay: 92d; Duration: 374d",0.5220938526715956,0.55,0.23616307342565535,2023742.0,2023742.0,1.0,2023742.0,92,374.0,2024-10-03,2025-01-03,2026-01-12,1.0,1.0,2.0,1.0,True,True,False,0.0,0.0,0.7489423058868175,6.745806666666667,1.6403508771929824
WS/MP18158/2024-2025/141790,Punjab,PATIALA,DR DHARAMVIRA GANDHI,Normal/Others,Construction of two toilets in Govt Senior Secondary School Bhedwal,Physical Inspection,Completed,0.4327679338138315,True,medium,statistical,,This work shows unusual patterns across multiple financial and operational metrics compared to similar works.,"Sanction: ₹150,000; Disbursed: ₹150,000; Cost ratio: 1.00; Sanction delay: 120d; Duration: 398d",0.47766073621172195,0.0,0.8952935707454315,150000.0,150000.0,1.0,150000.0,120,398.0,2024-09-19,2025-01-17,2026-02-19,0.2192266729777778,7.0,17.0,0.3432866666666667,False,False,False,1.0,0.058823529411764705,0.014353333333333333,0.5,1.7456140350877194
WS/MP517/2024-2025/140158,Uttar Pradesh,FATEHPUR SIKRI,Rajkumar Chahar,Normal/Others,"Pl see my letter no 7895 dated 27-8-2024 me prastavit high mast light install in block Bichpuri as par sr no 43,44,45,46,47,48,49,50,56,57",Physical Inspection,Completed,0.432588357860136,True,medium,vendor,R09,"All ₹2,239,343 of expenditure was directed to a single vendor for this large project, raising concentration risk.","Sanction: ₹2,239,343; Disbursed: ₹2,239,343; Cost ratio: 1.00; Sanction delay: 41d; Duration: 142d",0.5860758829829306,0.5,0.2459125346125809,2239343.0,2239343.0,1.0,2239343.0,41,142.0,2024-09-10,2024-10-21,2025-03-12,1.0,1.0,2.0,1.0,True,False,False,0.0,0.0,0.8251022733006957,7.464476666666667,0.6228070175438597
WS/MP18006/2024-2025/141562,Andhra Pradesh,CHITTOOR,DAGGUMALLA PRASADA RAO,Normal/Others,"Construction of Cement Road at Anupalle Reach – 1, Chittoor Mandal.",Physical Inspection,Completed,0.4325047044207828,True,medium,financial,R07,"1 out of 1.0 payments (100%) fall just below statutory thresholds, suggesting potential contract splitting.","Sanction: ₹495,000; Disbursed: ₹492,272; Cost ratio: 0.99; Sanction delay: 21d; Duration: 147d",0.4359007738576206,0.75,0.06722717416107893,495000.0,492272.0,0.9944888888888889,492272.0,21,147.0,2024-09-18,2024-10-09,2025-03-05,1.0,1.0,1.0,1.0,True,False,False,1.0,1.0,1.0,1.65,0.6447368421052632
WS/MP416/2025-2026/148841,Bihar,MADHUBANI,Ashok Kumar Yadav,Normal/Others,Supply And installation Mini High Mast Lightning System Keoti Bazaar Chowk,Work Completed,Completed,0.4324708718067013,True,medium,financial,"R03,R07","Sanction was delayed by 430 days after recommendation, far exceeding the typical processing time. 1 out of 1.0 payments (100%) fall just below statutory thresholds, suggesting potential contract splitting.","Sanction: ₹495,000; Disbursed: ₹495,000; Cost ratio: 1.00; Sanction delay: 430d; Duration: 74d",0.3135545268830451,0.6875,0.2259492573884,495000.0,495000.0,1.0,495000.0,430,74.0,2024-10-21,2025-12-25,2026-03-09,1.0,1.0,1.0,1.0,True,False,False,1.0,1.0,1.0,1.65,0.32456140350877194
WS/MP416/2025-2026/148842,Bihar,MADHUBANI,Ashok Kumar Yadav,Normal/Others,Supply And installation Mini High Mast Lightning System AT Banwari Chowk Keoti,Work Completed,Completed,0.4324708718067013,True,medium,financial,"R03,R07","Sanction was delayed by 430 days after recommendation, far exceeding the typical processing time. 1 out of 1.0 payments (100%) fall just below statutory thresholds, suggesting potential contract splitting.","Sanction: ₹495,000; Disbursed: ₹495,000; Cost ratio: 1.00; Sanction delay: 430d; Duration: 74d",0.3135545268830451,0.6875,0.2259492573884,495000.0,495000.0,1.0,495000.0,430,74.0,2024-10-21,2025-12-25,2026-03-09,1.0,1.0,1.0,1.0,True,False,False,1.0,1.0,1.0,1.65,0.32456140350877194
WS/MP577/2025-2026/133567,Gujarat,DAHOD(ST),Jaswantsinh Sumanbhai Bhabhor,Normal/Others,bhutodi game mohaniya  faliya ma c.c.road nu kam,Physical Inspection,Completed,0.4324545650358107,True,medium,financial,"R03,R07","Sanction was delayed by 457 days after recommendation, far exceeding the typical processing time. 1 out of 1.0 payments (100%) fall just below statutory thresholds, suggesting potential contract splitting.","Sanction: ₹245,098; Disbursed: ₹245,098; Cost ratio: 1.00; Sanction delay: 457d; Duration: 201d",0.3300968123123207,0.6875,0.21408674845065867,245098.0,245098.0,1.0,245098.0,457,201.0,2024-07-17,2025-10-17,2026-05-06,1.0,1.0,1.0,1.0,True,False,False,1.0,1.0,1.0,0.8169933333333333,0.881578947368421
WS/MP740/2025-2026/140343,Tamil Nadu,NILGIRIS(SC),Andimuthu Raja,Normal/Others,"Construction of 30,000 Litres capacity OHT at AD Colony H/O Dhandukaranpalayam Panchayat",Physical Inspection,Completed,0.4324349096320992,True,medium,temporal,"R03,R04","Sanction was delayed by 391 days after recommendation, far exceeding the typical processing time. This ₹899,731 work was completed in only 2 days, which is suspiciously fast for a project of this budget.","Sanction: ₹899,731; Disbursed: ₹899,731; Cost ratio: 1.00; Sanction delay: 391d; Duration: 2d",0.28842894583908735,0.6875,0.2437933519209351,899731.0,899731.0,1.0,899731.0,391,2.0,2024-09-11,2025-10-07,2025-10-09,1.0,1.0,1.0,1.0,True,False,False,0.0,0.0,1.0,2.9991033333333332,0.008771929824561403
WS/MP743/2025-2026/142802,Tamil Nadu,KANCHEEPURAM(SC),Ganesan Selvam,Normal/Others,"Construction of Drama Stage at Govt Higher Secondary School, Karunguzh Town Panchayat.",Physical Inspection,Completed,0.43236381976681815,True,medium,temporal,R04,"This ₹898,541 work was completed in only 3 days, which is suspiciously fast for a project of this budget.","Sanction: ₹898,541; Disbursed: ₹898,541; Cost ratio: 1.00; Sanction delay: 316d; Duration: 3d",0.2390859636167844,0.75,0.20740665389320578,898541.0,898541.0,1.0,898541.0,316,3.0,2024-09-23,2025-08-05,2025-08-08,1.0,1.0,1.0,1.0,True,False,False,0.0,0.0,1.0,2.995136666666667,0.013157894736842105
WS/MP394/2025-2026/136039,Tamil Nadu,KANNIYAKUMARI,Shri vijayakumar Vasanth,Normal/Others,ilanjirai pds shop,Work Completed,Completed,0.43210588172087144,True,medium,temporal,"R03,R04","Sanction was delayed by 382 days after recommendation, far exceeding the typical processing time. This ₹1,000,000 work was completed in only 5 days, which is suspiciously fast for a project of this budget.","Sanction: ₹1,000,000; Disbursed: ₹1,000,000; Cost ratio: 1.00; Sanction delay: 382d; Duration: 5d",0.2825475955104503,0.6875,0.24705423669502524,1000000.0,1000000.0,1.0,1000000.0,382,5.0,2024-08-17,2025-09-03,2025-09-08,1.0,1.0,1.0,1.0,True,False,False,0.0,0.0,1.0,3.3333333333333335,0.021929824561403508
WS/MP18152/2024-2025/137618,Punjab,FARIDKOT(SC),SARABJEET SINGH KHALSA,Normal/Others,Development of public parks,Vendor Identification,Ongoing,0.4320991223119004,True,medium,statistical,,This work shows unusual patterns across multiple financial and operational metrics compared to similar works.,"Sanction: ₹400,000; Disbursed: ₹315,200; Cost ratio: 0.79; Sanction delay: 134d; Vendor HHI: 0.34",0.6234083666941448,0.0,0.7892772303953263,400000.0,315200.0,0.788,,134,,2024-08-29,2025-01-10,,0.3423596954797857,5.0,5.0,0.5254758883248731,False,False,False,0.0,0.0,0.5254758883248731,1.3333333333333333,
WS/MP18133/2025-2026/148516,Maharashtra,SATARA,SHRIMANT CHH UDAYANRAJE PRATAPSINHAMAHARAJ BHONSLE,Normal/Others,creation of paver block road adjacent to jyotirling mandir at Gharalwadi,Physical Inspection,Completed,0.4320037829890382,True,medium,financial,R07,"1 out of 1.0 payments (100%) fall just below statutory thresholds, suggesting potential contract splitting.","Sanction: ₹500,000; Disbursed: ₹497,580; Cost ratio: 1.00; Sanction delay: 110d; Duration: 317d",0.42859623680091663,0.75,0.07101349653945421,500000.0,497580.0,0.99516,497580.0,110,317.0,2025-01-02,2025-04-22,2026-03-05,1.0,1.0,1.0,1.0,True,False,False,1.0,1.0,1.0,1.6666666666666667,1.3903508771929824
WS/MP18006/2024-2025/139517,Andhra Pradesh,CHITTOOR,DAGGUMALLA PRASADA RAO,Normal/Others,"Construction of CC road from Thumba SC Colony BT Road to Sheshamma House near SC Colony burial ground road in Thumba Village and GP of Bangarupalem Mandal, Puthalapattu Constituency.",Work Completed,Completed,0.431861927188832,True,medium,financial,R07,"1 out of 1.0 payments (100%) fall just below statutory thresholds, suggesting potential contract splitting.","Sanction: ₹500,000; Disbursed: ₹495,963; Cost ratio: 0.99; Sanction delay: 19d; Duration: 247d",0.43679430100347805,0.75,0.0647524341084641,500000.0,495963.0,0.991926,495963.0,19,247.0,2024-09-06,2024-09-25,2025-05-30,1.0,1.0,1.0,1.0,True,False,False,1.0,1.0,1.0,1.6666666666666667,1.0833333333333333
WS/MP577/2024-2025/133584,Gujarat,DAHOD(ST),Jaswantsinh Sumanbhai Bhabhor,Normal/Others,vajelav game sarpanch faliya ma c.c.road nu kam,Physical Inspection,Completed,0.43185717987892347,True,medium,financial,R07,"1 out of 1.0 payments (100%) fall just below statutory thresholds, suggesting potential contract splitting.","Sanction: ₹249,291; Disbursed: ₹249,291; Cost ratio: 1.00; Sanction delay: 253d; Duration: 513d",0.2000911209009997,0.75,0.2338125704390671,249291.0,249291.0,1.0,249291.0,253,513.0,2024-07-17,2025-03-27,2026-08-22,1.0,1.0,1.0,1.0,True,False,False,1.0,1.0,1.0,0.83097,2.25
WS/MP577/2024-2025/133601,Gujarat,DAHOD(ST),Jaswantsinh Sumanbhai Bhabhor,Normal/Others,nava faliya thi bamniya sudhi c.c.road nu kam,Physical Inspection,Completed,0.43185717987892347,True,medium,financial,R07,"1 out of 1.0 payments (100%) fall just below statutory thresholds, suggesting potential contract splitting.","Sanction: ₹249,291; Disbursed: ₹249,291; Cost ratio: 1.00; Sanction delay: 253d; Duration: 514d",0.2000911209009997,0.75,0.2338125704390671,249291.0,249291.0,1.0,249291.0,253,514.0,2024-07-17,2025-03-27,2026-08-23,1.0,1.0,1.0,1.0,True,False,False,1.0,1.0,1.0,0.83097,2.254385964912281
WS/MP18176/2024-2025/140224,Tamil Nadu,DINDIGUL,SACHITHANANTHAM R,Normal/Others,CONSTRUCTION OF KATTAKAMANPATTY ANGANWADI BUILDING,Work Completed,Completed,0.43175551597767803,True,medium,vendor,"R05,R09","Completed work worth ₹1,654,667 has no verification photograph attached, which is a compliance gap. All ₹1,654,667 of expenditure was directed to a single vendor for this large project, raising concentration risk.","Sanction: ₹1,655,000; Disbursed: ₹1,654,667; Cost ratio: 1.00; Sanction delay: 8d; Duration: 411d",0.39183441618198017,0.55,0.3251340340919513,1655000.0,1654667.0,0.9997987915407855,1654667.0,8,411.0,2024-09-12,2024-09-20,2025-11-05,1.0,1.0,2.0,1.0,True,True,False,0.0,0.0,0.5572583486586727,5.516666666666667,1.8026315789473684
WS/MP18217/2024-2025/136147,Uttar Pradesh,FIROZABAD,AKSHAYA YADAV,Normal/Others,developement of interlocking road from bholebaba tample to rajender prasdhad house 110 meters  by 4 meters,Work Completed,Completed,0.4316148627847805,True,medium,vendor,"R05,R09","Completed work worth ₹1,307,559 has no verification photograph attached, which is a compliance gap. All ₹1,307,559 of expenditure was directed to a single vendor for this large project, raising concentration risk.","Sanction: ₹1,309,000; Disbursed: ₹1,307,559; Cost ratio: 1.00; Sanction delay: 61d; Duration: 459d",0.48123052539388383,0.55,0.2608778041037415,1309000.0,1307559.0,0.9988991596638656,1307559.0,61,459.0,2024-08-17,2024-10-17,2026-01-19,1.0,1.0,2.0,1.0,True,True,False,1.0,0.5,0.7488396317106915,4.363333333333333,2.013157894736842
WS/MP18006/2024-2025/141557,Andhra Pradesh,CHITTOOR,DAGGUMALLA PRASADA RAO,Normal/Others,"Construction of CC Road from Thimmasanipalle HW to Burial Ground, Anupalle Panchayath, Chittoor Mandal",Physical Inspection,Completed,0.43140957180808537,True,medium,financial,R07,"1 out of 1.0 payments (100%) fall just below statutory thresholds, suggesting potential contract splitting.","Sanction: ₹500,000; Disbursed: ₹496,996; Cost ratio: 0.99; Sanction delay: 21d; Duration: 161d",0.43590077387730464,0.75,0.06409822382502617,500000.0,496996.0,0.993992,496996.0,21,161.0,2024-09-18,2024-10-09,2025-03-19,1.0,1.0,1.0,1.0,True,False,False,1.0,1.0,1.0,1.6666666666666667,0.706140350877193
WS/MP826/2024-2025/135529,West Bengal,DARJEELING,Raju Bista,Normal/Others,"Construction of public footpath at Upper Dara Gaon, Samthar  Ref: Laguram Bhujel (9679480057), Member, Samthar GP",Vendor Identification,Ongoing,0.43123806750351995,True,medium,financial,R07,"1 out of 1.0 payments (100%) fall just below statutory thresholds, suggesting potential contract splitting.","Sanction: ₹499,918; Disbursed: ₹485,080; Cost ratio: 0.97; Sanction delay: 152d; Vendor HHI: 1.00",0.43369640754611294,0.75,0.06518275890569047,499918.0,485080.0,0.9703191323377034,,152,,2024-08-16,2025-01-15,,1.0,1.0,1.0,1.0,True,False,False,1.0,1.0,1.0,1.6663933333333334,
WS/MP348/2024-2025/147144,Kerala,CHALAKUDY,Shri Benny Behanan,Normal/Others,"PURCHASE OFSCHOOLBUS TOJAMA-ATH-HSS,THANDEKAD,VENGOLA GP",Vendor Identification,Ongoing,0.43123483479093716,True,medium,vendor,R09,"All ₹2,184,000 of expenditure was directed to a single vendor for this large project, raising concentration risk.","Sanction: ₹2,257,000; Disbursed: ₹2,184,000; Cost ratio: 0.97; Sanction delay: 116d; Vendor HHI: 1.00",0.6805742127039611,0.5,0.17454651889984818,2257000.0,2184000.0,0.9676561807709348,,116,,2024-10-14,2025-02-07,,1.0,1.0,1.0,1.0,True,False,False,0.0,0.0,1.0,7.523333333333333,
WS/MP18173/2024-2025/139197,Tamil Nadu,ARANI,THARANIVENTHAN M S,Normal/Others,Providing Side Drainage in Ward No.9 at Arani Municipality,Physical Inspection,Completed,0.43118855258845745,True,medium,financial,"R04,R07","This ₹998,988 work was completed in only 5 days, which is suspiciously fast for a project of this budget. 1 out of 1.0 payments (100%) fall just below statutory thresholds, suggesting potential contract splitting.","Sanction: ₹998,988; Disbursed: ₹998,988; Cost ratio: 1.00; Sanction delay: 141d; Duration: 5d",0.2086292219707959,0.8250000000000001,0.1400892774164525,998988.0,998988.0,1.0,998988.0,141,5.0,2024-09-05,2025-01-24,2025-01-29,1.0,1.0,1.0,1.0,True,False,False,1.0,1.0,1.0,3.32996,0.021929824561403508
WS/MP577/2024-2025/133600,Gujarat,DAHOD(ST),Jaswantsinh Sumanbhai Bhabhor,Normal/Others,sahada game nishal faliya thi khaped faliya ne jodto c.c.road nu kam,Physical Inspection,Completed,0.4310373404160601,True,medium,financial,R07,"1 out of 1.0 payments (100%) fall just below statutory thresholds, suggesting potential contract splitting.","Sanction: ₹249,291; Disbursed: ₹249,291; Cost ratio: 1.00; Sanction delay: 253d; Duration: 512d",0.2000911209009997,0.75,0.2314701719737433,249291.0,249291.0,1.0,249291.0,253,512.0,2024-07-17,2025-03-27,2026-08-21,1.0,1.0,1.0,1.0,True,False,False,1.0,1.0,1.0,0.83097,2.245614035087719
WS/MP745/2025-2026/141296,Tamil Nadu,TIRUPPUR,K Subbarayan,Normal/Others,"ward no 18th,katta pomman nagar near,at tiruppur corpration",Work Completed,Completed,0.43083087789015967,True,medium,vendor,"R04,R09","This ₹1,350,000 work was completed in only 3 days, which is suspiciously fast for a project of this budget. All ₹1,350,000 of expenditure was directed to a single vendor for this large project, raising concentration risk.","Sanction: ₹1,350,000; Disbursed: ₹1,350,000; Cost ratio: 1.00; Sanction delay: 319d; Duration: 3d",0.28580240429273984,0.6875,0.24108650519135622,1350000.0,1350000.0,1.0,1350000.0,319,3.0,2024-09-16,2025-08-01,2025-08-04,1.0,1.0,1.0,1.0,True,False,False,0.0,0.0,1.0,4.5,0.013157894736842105
WS/MP18176/2024-2025/139718,Tamil Nadu,DINDIGUL,SACHITHANANTHAM R,Normal/Others,CONSTRUCTION OF SEMMETTUPATTI ANGANWADI BUILDING,Physical Inspection,Completed,0.4307700060224838,True,medium,vendor,"R05,R09","Completed work worth ₹1,653,634 has no verification photograph attached, which is a compliance gap. All ₹1,653,634 of expenditure was directed to a single vendor for this large project, raising concentration risk.","Sanction: ₹1,653,634; Disbursed: ₹1,653,634; Cost ratio: 1.00; Sanction delay: 11d; Duration: 444d",0.39140740636593563,0.55,0.32262329837428527,1653634.0,1653634.0,1.0,1653634.0,11,444.0,2024-09-09,2024-09-20,2025-12-08,1.0,1.0,2.0,1.0,True,True,False,0.0,0.0,0.5531961727927703,5.512113333333334,1.9473684210526316
WS/MP18217/2024-2025/136861,Uttar Pradesh,FIROZABAD,AKSHAYA YADAV,Normal/Others,interlocking road developement from ramniwas house to chanderpal house lenght 250 meter by 4.5 meter,Physical Inspection,Completed,0.43075113930360076,True,medium,vendor,R09,"All ₹2,398,489 of expenditure was directed to a single vendor for this large project, raising concentration risk.","Sanction: ₹2,398,489; Disbursed: ₹2,398,489; Cost ratio: 1.00; Sanction delay: 55d; Duration: 154d",0.62460706117409,0.5,0.21314106860022342,2398489.0,2398489.0,1.0,2398489.0,55,154.0,2024-08-23,2024-10-17,2025-03-20,1.0,1.0,2.0,1.0,True,False,False,0.0,0.0,0.7475890029097486,7.994963333333334,0.6754385964912281
WS/MP745/2025-2026/146609,Tamil Nadu,TIRUPPUR,K Subbarayan,Normal/Others,Construction of 30000lr OHT  Ward No. 14 old Arisana Colony at Athani TP,Physical Inspection,Completed,0.43072858658540825,True,medium,vendor,"R04,R09","This ₹1,500,000 work was completed in only 0 days, which is suspiciously fast for a project of this budget. All ₹1,500,000 of expenditure was directed to a single vendor for this large project, raising concentration risk.","Sanction: ₹1,500,000; Disbursed: ₹1,500,000; Cost ratio: 1.00; Sanction delay: 222d; Vendor HHI: 1.00",0.3364960640871798,0.6875,0.20458448732460932,1500000.0,1500000.0,1.0,1500000.0,222,0.0,2024-10-10,2025-05-20,2025-05-20,1.0,1.0,1.0,1.0,True,False,False,0.0,0.0,1.0,5.0,0.0
WS/MP826/2026-2027/135590,West Bengal,DARJEELING,Raju Bista,Normal/Others,"Construction of additional rooms and shed at Lohagarh TE community hall, Ward No 1/2  Ref: Roshnita Topno (7679784705), Member Chenga-Panighatta GP",Sanction,To Be Implemented,0.43069104692683036,True,medium,temporal,R03,"Sanction was delayed by 732 days after recommendation, far exceeding the typical processing time.","Sanction: ₹500,000; Sanction delay: 732d; Vendor HHI: 1.00",0.4335615595188491,0.5,0.34943044870605167,500000.0,,,,732,,2024-08-16,2026-08-18,,1.0,,,1.0,False,False,False,,,,1.6666666666666667,
WS/MP826/2026-2027/135589,West Bengal,DARJEELING,Raju Bista,Normal/Others,"Construction of Pavilion/Gallery at Lohagarh TE Playground, Ward No 1  Ref: Alisha Chhetri (9749160153), Member Chenga-Panighatta GP",Sanction,To Be Implemented,0.43069104692683036,True,medium,temporal,R03,"Sanction was delayed by 732 days after recommendation, far exceeding the typical processing time.","Sanction: ₹500,000; Sanction delay: 732d; Vendor HHI: 1.00",0.4335615595188491,0.5,0.34943044870605167,500000.0,,,,732,,2024-08-16,2026-08-18,,1.0,,,1.0,False,False,False,,,,1.6666666666666667,
WS/MP745/2026-2027/138567,Tamil Nadu,TIRUPPUR,K Subbarayan,Normal/Others,"Supply of New Borewell at Ward no.11, K.P.S Street,Shastri Street, Tiruppur Corporation.",Physical Inspection,Ongoing,0.4306669930198018,True,medium,temporal,R03,"Sanction was delayed by 658 days after recommendation, far exceeding the typical processing time.","Sanction: ₹1,000,000; Disbursed: ₹1,000,000; Cost ratio: 1.00; Sanction delay: 658d; Vendor HHI: 1.00",0.4166965597144926,0.5,0.3614081516890819,1000000.0,1000000.0,1.0,,658,,2024-09-03,2026-06-23,,1.0,1.0,1.0,1.0,True,False,False,0.0,0.0,1.0,3.3333333333333335,
WS/MP18006/2024-2025/139518,Andhra Pradesh,CHITTOOR,DAGGUMALLA PRASADA RAO,Normal/Others,"Construction of CC road from Sheshamma House SC Colony Burial Ground Road to SC Colony burial ground in Thumba Village and GP of Bangarupalem Mandal, Puthalapattu Constituency.",Work Completed,Completed,0.4299700538482471,True,medium,financial,R07,"1 out of 1.0 payments (100%) fall just below statutory thresholds, suggesting potential contract splitting.","Sanction: ₹500,000; Disbursed: ₹493,010; Cost ratio: 0.99; Sanction delay: 19d; Duration: 212d",0.4367943010034781,0.75,0.059347081706792926,500000.0,493010.0,0.98602,493010.0,19,212.0,2024-09-06,2024-09-25,2025-04-25,1.0,1.0,1.0,1.0,True,False,False,1.0,1.0,1.0,1.6666666666666667,0.9298245614035088
WS/MP826/2024-2025/135711,West Bengal,DARJEELING,Raju Bista,Normal/Others,"Construction of community center at Kopish Forest Busty, Sansad IV, Kumai GP  Ref: Kabita Rai (9564957336), Member, Kumai Gram Panchayat",Work partially Completed,Ongoing,0.4298134758270477,True,medium,financial,R07,"1 out of 1.0 payments (100%) fall just below statutory thresholds, suggesting potential contract splitting.","Sanction: ₹499,999; Disbursed: ₹494,957; Cost ratio: 0.99; Sanction delay: 180d; Vendor HHI: 1.00",0.44658147082135885,0.75,0.051908880347736996,499999.0,494957.0,0.9899159798319597,,180,,2024-08-16,2025-02-12,,1.0,1.0,1.0,1.0,True,False,False,1.0,1.0,1.0,1.6666633333333334,
WS/MP577/2026-2027/133610,Gujarat,DAHOD(ST),Jaswantsinh Sumanbhai Bhabhor,Normal/Others,vakota game maji sarpanch faliya ma sarvjanik kuva nu kam,Sanction,To Be Implemented,0.42976351358912224,True,medium,temporal,R03,"Sanction was delayed by 713 days after recommendation, far exceeding the typical processing time.","Sanction: ₹250,000; Sanction delay: 713d; Vendor HHI: 1.00",0.42985142616801664,0.5,0.34943044870605167,250000.0,,,,713,,2024-07-17,2026-06-30,,1.0,,,1.0,False,False,False,,,,0.8333333333333334,
WS/MP18313/2024-2025/147437,Rajasthan,BANSWARA(ST),RAJ KUMAR ROAT,Normal/Others,barwala bheruji sira bavsi par biradari nirman kary,Physical Inspection,Completed,0.4297081925160616,True,medium,compliance,R05,"Completed work worth ₹998,150 has no verification photograph attached, which is a compliance gap.","Sanction: ₹998,150; Disbursed: ₹998,150; Cost ratio: 1.00; Sanction delay: 59d; Duration: 391d",0.2123090345175387,0.5,0.5046598111047914,998150.0,998150.0,1.0,998150.0,59,391.0,2024-10-15,2024-12-13,2026-01-08,0.6817836887436768,2.0,2.0,0.8014827430746881,False,True,False,0.0,0.0,0.8014827430746881,3.327166666666667,1.7149122807017543
WS/MP761/2026-2027/139030,Telangana,NIZAMABAD,Arvind Dharmapuri,Normal/Others,"Construction of compound wall to community hall near Hanuman Mandir , Kuruma palli (V) Raikal (M)",Sanction,To Be Implemented,0.4296600930474244,True,medium,temporal,R03,"Sanction was delayed by 711 days after recommendation, far exceeding the typical processing time.","Sanction: ₹350,000; Sanction delay: 711d; Vendor HHI: 1.00",0.42943774400122525,0.5,0.34943044870605167,350000.0,,,,711,,2024-09-05,2026-08-17,,1.0,,,1.0,False,False,False,,,,1.1666666666666667,
WS/MP826/2026-2027/135696,West Bengal,DARJEELING,Raju Bista,Normal/Others,Installation of Solar Light at Peshok Tea Garden Ward No VIII Lamahatta GP,Sanction,To Be Implemented,0.4296079563762832,True,medium,temporal,R03,"Sanction was delayed by 710 days after recommendation, far exceeding the typical processing time.","Sanction: ₹500,000; Sanction delay: 710d; Vendor HHI: 1.00",0.4292291973166604,0.5,0.34943044870605167,500000.0,,,,710,,2024-08-16,2026-07-27,,1.0,,,1.0,False,False,False,,,,1.6666666666666667,
WS/MP761/2026-2027/139031,Telangana,NIZAMABAD,Arvind Dharmapuri,Normal/Others,Construction of Community hall in Ambedkar Wada,Sanction,To Be Implemented,0.4292431479941037,True,medium,temporal,R03,"Sanction was delayed by 708 days after recommendation, far exceeding the typical processing time.","Sanction: ₹300,000; Sanction delay: 708d; Vendor HHI: 1.00",0.4288086687185081,0.5,0.34868851661279043,300000.0,,,,708,,2024-09-05,2026-08-14,,1.0,,,1.0,False,False,False,,,,1.0,
WS/MP747/2025-2026/141753,Tamil Nadu,VIRUDHUNAGAR,Manickam Tagore B,Normal/Others,Construction of Bus shelter in Ethirkkottai village at Ettakkapatti Panchayat,Physical Inspection,Completed,0.4290650155135559,True,medium,temporal,"R03,R04,R05","Sanction was delayed by 369 days after recommendation, far exceeding the typical processing time. This ₹748,056 work was completed in only 0 days, which is suspiciously fast for a project of this budget. Completed work worth ₹748,056 has no verification photograph attached, which is a compliance gap.","Sanction: ₹748,056; Disbursed: ₹748,056; Cost ratio: 1.00; Sanction delay: 369d; Vendor HHI: 1.00",0.27404821368193244,0.7000000000000001,0.23015132026592233,748056.0,748056.0,1.0,748056.0,369,0.0,2024-09-25,2025-09-29,2025-09-29,1.0,1.0,1.0,1.0,True,True,False,0.0,0.0,1.0,2.49352,0.0
WS/MP541/2026-2027/142020,Assam,NOWGONG,Pradyut Bordoloi,Normal/Others,Improvement of road with sand Gravelling from Kaoimari Charialli to  Mustafa Ahmed House,Sanction,To Be Implemented,0.4289535124673872,True,medium,temporal,R03,"Sanction was delayed by 705 days after recommendation, far exceeding the typical processing time.","Sanction: ₹200,000; Sanction delay: 705d; Vendor HHI: 1.00",0.4281692155962755,0.5,0.34831773876662386,200000.0,,,,705,,2024-09-20,2026-08-26,,1.0,,,1.0,False,False,False,,,,0.6666666666666666,
WS/MP18250/2026-2027/140435,West Bengal,BASIRHAT,SK NURUL ISLAM,Normal/Others,Installation of 12 miters Highmast Light with with 6nos. IP65 Flood light with high power Led at Jadurhati Beltala More under Jadurhati Dakshin G.P & Baduria Panchayat Samity (SL.No.- 37).,Sanction,To Be Implemented,0.4287362694343249,True,medium,temporal,R03,"Sanction was delayed by 701 days after recommendation, far exceeding the typical processing time.","Sanction: ₹500,000; Sanction delay: 701d; Vendor HHI: 1.00",0.4273002434640262,0.5,0.34831773876662386,500000.0,,,,701,,2024-09-12,2026-08-14,,1.0,,,1.0,False,False,False,,,,1.6666666666666667,
WS/MP18241/2024-2025/145269,Uttar Pradesh,SITAPUR,RAKESH RATHOR,Normal/Others,LODHANPURWA KHADANJA SE SULTANAPURWA GOAN TAK 199 METER INTERLOCKING WA NALI NIRMAN KRYA.,Physical Inspection,Completed,0.4283784868270416,True,medium,vendor,"R05,R09","Completed work worth ₹1,956,878 has no verification photograph attached, which is a compliance gap. All ₹1,956,878 of expenditure was directed to a single vendor for this large project, raising concentration risk.","Sanction: ₹1,956,878; Disbursed: ₹1,956,878; Cost ratio: 1.00; Sanction delay: 92d; Duration: 374d",0.49946443235892624,0.55,0.2386067963923143,1956878.0,1956878.0,1.0,1956878.0,92,374.0,2024-10-03,2025-01-03,2026-01-12,1.0,1.0,2.0,1.0,True,True,False,1.0,0.5,0.7505168947680949,6.522926666666667,1.6403508771929824
WS/MP18220/2024-2025/147973,Uttar Pradesh,HATHRAS (SC),ANOOP PRADHAN BALMIKI,Normal/Others,Gram Qutubpur Amarpur Block Akrabad mai Kali Sadhak se Pani ki Tanki ki taraf 210 miter interlocking karya,Physical Inspection,Completed,0.42812852446406235,True,medium,vendor,"R05,R09","Completed work worth ₹1,954,870 has no verification photograph attached, which is a compliance gap. All ₹1,954,870 of expenditure was directed to a single vendor for this large project, raising concentration risk.","Sanction: ₹1,954,870; Disbursed: ₹1,954,870; Cost ratio: 1.00; Sanction delay: 25d; Duration: 75d",0.4987841542860031,0.55,0.23837853112160456,1954870.0,1954870.0,1.0,1954870.0,25,75.0,2024-10-17,2024-11-11,2025-01-25,1.0,1.0,2.0,1.0,True,True,False,1.0,0.5,0.7464793055292679,6.516233333333333,0.32894736842105265
WS/MP18161/2024-2025/140182,Rajasthan,BHARATPUR(SC),SANJNA JATAV,Normal/Others,shesh baramda nirman karya rajkiya uchcha madhyamik school gram karhi,Vendor Identification,Ongoing,0.42811455765411993,True,medium,statistical,,This work shows unusual patterns across multiple financial and operational metrics compared to similar works.,"Sanction: ₹300,000; Disbursed: ₹299,535; Cost ratio: 1.00; Sanction delay: 93d; Vendor HHI: 0.53",0.5491176116208765,0.0,0.8309575849968596,300000.0,299535.0,0.99845,,93,,2024-09-10,2024-12-12,,0.5255237669399972,17.0,17.0,0.7208673443837949,False,False,False,0.0,0.0,0.7208673443837949,1.0,
WS/MP18183/2025-2026/140775,Tamil Nadu,THANJAVUR,MURASOLI S,Normal/Others,"Construction of New PDS Building in Pullavarayan kudikadu Panchayat,needamangalam, mannargudi",Physical Inspection,Completed,0.42793689572473187,True,medium,vendor,"R05,R09","Completed work worth ₹1,308,423 has no verification photograph attached, which is a compliance gap. All ₹1,308,423 of expenditure was directed to a single vendor for this large project, raising concentration risk.","Sanction: ₹1,308,423; Disbursed: ₹1,308,423; Cost ratio: 1.00; Sanction delay: 319d; Duration: 87d",0.27247789084272617,0.55,0.39947835146871524,1308423.0,1308423.0,1.0,1308423.0,319,87.0,2024-09-14,2025-07-30,2025-10-25,1.0,1.0,2.0,1.0,True,True,False,0.0,0.0,0.5131238139347902,4.36141,0.3815789473684211
WS/MP823/2024-2025/139965,West Bengal,KRISHNANAGAR,Ms Mahua Moitra,Repair and Renovation,"Renovation & Decorative works of old Building Karimpur Police Station under Karimpur-I Block, Nadia.",Vendor Identification,Ongoing,0.4279302005865548,True,medium,vendor,R09,"All ₹2,027,938 of expenditure was directed to a single vendor for this large project, raising concentration risk.","Sanction: ₹2,028,611; Disbursed: ₹2,027,938; Cost ratio: 1.00; Sanction delay: 109d; Vendor HHI: 1.00",0.5235363641438829,0.5,0.2772745987159545,2028611.0,2027938.0,0.9996682459081608,,109,,2024-09-08,2024-12-26,,1.0,1.0,2.0,1.0,True,False,False,0.0,0.0,0.46706210939387693,4.07085937891938,
WS/MP494/2024-2025/137203,Uttar Pradesh,AGRA(SC),Prof SP Singh Baghel,Normal/Others,CC WORK IN SHASTRI NAGAR Dr RAJENDRA MILAN TO Dr RC GUPTA HOUSE,Physical Inspection,Completed,0.4278880800767102,True,medium,vendor,R09,"All ₹2,391,853 of expenditure was directed to a single vendor for this large project, raising concentration risk.","Sanction: ₹2,391,853; Disbursed: ₹2,391,853; Cost ratio: 1.00; Sanction delay: 32d; Duration: 209d",0.6231541887029841,0.5,0.20599866543132617,2391853.0,2391853.0,1.0,2391853.0,32,209.0,2024-08-27,2024-09-28,2025-04-25,1.0,1.0,2.0,1.0,True,False,False,0.0,0.0,0.7502860752730205,7.9728433333333335,0.9166666666666666
WS/MP18253/2024-2025/136910,West Bengal,MATHURAPUR(SC),BAPI HALDAR,Normal/Others,CONSTRUCTION OF REST SHED NEAR NARAYANI MONDIR,Work Completed,Completed,0.4278586167255053,True,medium,financial,R07,"1 out of 1.0 payments (100%) fall just below statutory thresholds, suggesting potential contract splitting.","Sanction: ₹499,490; Disbursed: ₹483,932; Cost ratio: 0.97; Sanction delay: 108d; Duration: 205d",0.4285420275342087,0.75,0.059208885262723054,499490.0,483932.0,0.9688522292738594,483932.0,108,205.0,2024-08-24,2024-12-10,2025-07-03,1.0,1.0,1.0,1.0,True,False,False,1.0,1.0,1.0,1.6649666666666667,0.8991228070175439
WS/MP18390/2024-2025/146107,Uttar Pradesh,GHAZIPUR,AFZAL ANSARI,Normal/Others,"Installation of High Mask Light at: 1)	Village Basant Patti, At Inter College Karanda West Side Trimuhani 2)	Village Kataria, Light on Ambedkar Chowk 3)	Village Dihwal Khamanpur, Outside the Masjid 4)	Village Bakuliapur at Badrichand Pokhra, Aasmani chak 5)	Gorabazar, inside Nehru Stadium 6)	Village Sabua at Ambedkar Park",Physical Inspection,Completed,0.4278089745329695,True,medium,financial,R10,"90% of total funds were disbursed in the first payment, despite having 2.0 total payments, indicating excessive upfront payment.","Sanction: ₹891,772; Disbursed: ₹891,772; Cost ratio: 1.00; Sanction delay: 161d; Duration: 286d",0.19206913500696718,0.75,0.22797625937493615,891772.0,891772.0,1.0,891772.0,161,286.0,2024-10-08,2025-03-18,2025-12-29,1.0,1.0,2.0,1.0,True,False,False,0.0,0.0,0.9032073220509278,2.9725733333333335,1.2543859649122806
WS/MP18328/2024-2025/144156,Himachal Pradesh,MANDI,Kangana Ranaut,Normal/Others,"Development of public parks, Cunstruction of  Fencing, Boundary wall, Protection wall Mela Ground Khyod, In GP Bassa. Work Executive Agency- BDO Gohar.",Physical Inspection,Completed,0.42756525963952885,True,medium,vendor,R09,"All ₹1,500,000 of expenditure was directed to a single vendor for this large project, raising concentration risk.","Sanction: ₹1,500,000; Disbursed: ₹1,500,000; Cost ratio: 1.00; Sanction delay: 63d; Duration: 626d",0.3364960640871798,0.5,0.40983212462209684,1500000.0,1500000.0,1.0,1500000.0,63,626.0,2024-09-28,2024-11-30,2026-08-18,1.0,1.0,2.0,1.0,True,False,False,0.0,0.0,0.4666666666666667,5.0,2.745614035087719
WS/MP18155/2024-2025/141570,Punjab,HOSHIARPUR(SC),DR. RAJ KUMAR CHABBEWAL,Normal/Others,Construction of Streets & Drains,Physical Inspection,Completed,0.42751123726394147,True,medium,statistical,,This work shows unusual patterns across multiple financial and operational metrics compared to similar works.,"Sanction: ₹500,000; Disbursed: ₹500,000; Cost ratio: 1.00; Sanction delay: 7d; Duration: 71d",0.38258308440778643,0.0,0.9481870461771282,500000.0,500000.0,1.0,500000.0,7,71.0,2024-09-18,2024-09-25,2024-12-05,0.35002358345600004,16.0,21.0,0.5472,False,False,False,0.0,0.0,0.183,1.6666666666666667,0.31140350877192985
WS/MP18032/2024-2025/134038,Bihar,BUXAR,SUDHAKAR SINGH,Normal/Others,Construction of new submersible and a room at north side of shankar ji ka talab Mahuwar village,Physical Inspection,Completed,0.42718040460403456,True,medium,financial,"R05,R10","Completed work worth ₹991,583 has no verification photograph attached, which is a compliance gap. 91% of total funds were disbursed in the first payment, despite having 2.0 total payments, indicating excessive upfront payment.","Sanction: ₹991,583; Disbursed: ₹991,583; Cost ratio: 1.00; Sanction delay: 139d; Duration: 35d",0.20747781511035915,0.6875,0.286602716646985,991583.0,991583.0,1.0,991583.0,139,35.0,2024-07-23,2024-12-09,2025-01-13,1.0,1.0,2.0,1.0,True,True,False,0.0,0.0,0.9103453770385334,3.305276666666667,0.15350877192982457
WS/MP18220/2024-2025/147974,Uttar Pradesh,HATHRAS (SC),ANOOP PRADHAN BALMIKI,Normal/Others,Gram Badwamni Block Lodha mai Beethna Modh se Marghat ki taraf 230 miter interlocking karya,Physical Inspection,Completed,0.42706674432302366,True,medium,vendor,"R05,R09","Completed work worth ₹1,942,383 has no verification photograph attached, which is a compliance gap. All ₹1,942,383 of expenditure was directed to a single vendor for this large project, raising concentration risk.","Sanction: ₹1,942,383; Disbursed: ₹1,942,383; Cost ratio: 1.00; Sanction delay: 25d; Duration: 75d",0.49453703372184826,0.55,0.23837853112160456,1942383.0,1942383.0,1.0,1942383.0,25,75.0,2024-10-17,2024-11-11,2025-01-25,1.0,1.0,2.0,1.0,True,True,False,1.0,0.5,0.7491020051143363,6.47461,0.32894736842105265
WS/MP826/2026-2027/135516,West Bengal,DARJEELING,Raju Bista,Normal/Others,"Construction of Concrete Footpath from (1) Mani Kumar Rai House to Suk Bahadur Rai House, and (2) Nawla House to Dhobi Jhora  Ref: Nimesh Mangranti (6296573805), Panchayat Member, Singrimtam GP",Sanction,To Be Implemented,0.4268261786822254,True,medium,temporal,R03,"Sanction was delayed by 690 days after recommendation, far exceeding the typical processing time.","Sanction: ₹500,000; Sanction delay: 690d; Vendor HHI: 1.00",0.42481173106537884,0.5,0.3446378454739448,500000.0,,,,690,,2024-08-16,2026-07-07,,1.0,,,1.0,False,False,False,,,,1.6666666666666667,
WS/MP826/2026-2027/135597,West Bengal,DARJEELING,Raju Bista,Normal/Others,"Installation of solar lights at Manedara GP, Ward No 5  Ref: Nirmal Bhujel (9609887233), Member Manedara GP",Sanction,To Be Implemented,0.4268261786822254,True,medium,temporal,R03,"Sanction was delayed by 690 days after recommendation, far exceeding the typical processing time.","Sanction: ₹500,000; Sanction delay: 690d; Vendor HHI: 1.00",0.42481173106537884,0.5,0.3446378454739448,500000.0,,,,690,,2024-08-16,2026-07-07,,1.0,,,1.0,False,False,False,,,,1.6666666666666667,
WS/MP18250/2025-2026/141761,West Bengal,BASIRHAT,SK NURUL ISLAM,Normal/Others,Installation of 20 nos. of Electric street LED Light at different places at Atpukur G.P under Minakhan Panchayat Samity (SL.No- 42),Physical Inspection,Completed,0.426698132847668,True,medium,temporal,R04,"This ₹439,648 work was completed in only 2 days, which is suspiciously fast for a project of this budget.","Sanction: ₹439,648; Disbursed: ₹439,648; Cost ratio: 1.00; Sanction delay: 335d; Duration: 2d",0.25179525136473546,0.75,0.1821409143042403,439648.0,439648.0,1.0,439648.0,335,2.0,2024-09-19,2025-08-20,2025-08-22,1.0,1.0,1.0,1.0,True,False,False,0.0,0.0,1.0,1.4654933333333333,0.008771929824561403
WS/MP313/2024-2025/140981,Arunachal Pradesh,ARUNACHAL EAST,Shri Tapir Gao,Normal/Others,C/o Culvert at PMGP Road near Jampani under Sika Bamin Village in East Siang District,Work Completed,Completed,0.4266285296129647,True,medium,temporal,"R04,R05","This ₹800,000 work was completed in only 6 days, which is suspiciously fast for a project of this budget. Completed work worth ₹800,000 has no verification photograph attached, which is a compliance gap.","Sanction: ₹800,000; Disbursed: ₹800,000; Cost ratio: 1.00; Sanction delay: 143d; Duration: 6d",0.17896587448277476,0.6875,0.30539160283506017,800000.0,800000.0,1.0,800000.0,143,6.0,2024-09-15,2025-02-05,2025-02-11,1.0,1.0,2.0,1.0,True,True,False,0.0,0.0,0.4625,2.6666666666666665,0.02631578947368421
WS/MP353/2024-2025/144281,Kerala,IDUKKI,Adv Dean Kuriakose,Normal/Others,"Construction of Side protection wall near Anganwady on Koompanpara -Pallippady-Odackacity road in Vellathooval Gramapanchayathu ,in Adimaly Block",Work partially Completed,Ongoing,0.4264776202353374,True,medium,vendor,R09,"All ₹1,133,023 of expenditure was directed to a single vendor for this large project, raising concentration risk.","Sanction: ₹1,500,000; Disbursed: ₹1,133,023; Cost ratio: 0.76; Sanction delay: 68d; Vendor HHI: 1.00",0.5773561880104181,0.5,0.23468163780780826,1500000.0,1133023.0,0.7553486666666667,,68,,2024-09-28,2024-12-05,,1.0,1.0,1.0,1.0,True,False,False,0.0,0.0,1.0,5.0,
WS/MP18232/2024-2025/143931,Uttar Pradesh,MUZAFFARNAGAR,HARENDRA SINGH MALIK,Normal/Others,"gram-jabardastpur urf mantori, vikaskhand-khatauli, tehsil-sadar me arvind ke makan se gaushala marg par inter louking work",Work Completed,Completed,0.4263330613189875,True,medium,vendor,R09,"All ₹1,483,924 of expenditure was directed to a single vendor for this large project, raising concentration risk.","Sanction: ₹1,488,000; Disbursed: ₹1,483,924; Cost ratio: 1.00; Sanction delay: 82d; Duration: 161d",0.575344125285038,0.5,0.2357057999935087,1488000.0,1483924.0,0.997260752688172,1483924.0,82,161.0,2024-09-27,2024-12-18,2025-05-28,1.0,1.0,2.0,1.0,True,False,False,0.0,0.0,0.6001385515700265,4.96,0.706140350877193
WS/MP18172/2025-2026/144452,Rajasthan,UDAIPUR(ST),MANNA LAL RAWAT,Normal/Others,construction of teen shed in GSSS keshriyawad,Physical Inspection,Ongoing,0.4262403167155527,True,medium,statistical,,This work shows unusual patterns across multiple financial and operational metrics compared to similar works.,"Sanction: ₹500,000; Disbursed: ₹489,272; Cost ratio: 0.98; Sanction delay: 292d; Vendor HHI: 0.75",0.5100510759369437,0.0,0.8535072792323336,500000.0,489272.0,0.978544,,292,,2024-09-29,2025-07-18,,0.7457396787601697,11.0,20.0,0.8623465066466096,False,False,False,0.0,0.0,0.8623465066466096,1.6666666666666667,
WS/MP18253/2024-2025/140045,West Bengal,MATHURAPUR(SC),BAPI HALDAR,Normal/Others,CONSTRUCTION OC CC ROAD FROM SUNDAR PURKAIT HOUSE TO BIREN MOULE HOUSE AT KUSH BERIYA,Physical Inspection,Completed,0.4262326705905739,True,medium,financial,R07,"1 out of 1.0 payments (100%) fall just below statutory thresholds, suggesting potential contract splitting.","Sanction: ₹249,867; Disbursed: ₹249,867; Cost ratio: 1.00; Sanction delay: 44d; Duration: 639d",0.14014128567423972,0.75,0.2605638547771828,249867.0,249867.0,1.0,249867.0,44,639.0,2024-09-09,2024-10-23,2026-07-24,1.0,1.0,1.0,1.0,True,False,False,1.0,1.0,1.0,0.83289,2.8026315789473686
WS/MP352/2025-2026/135898,Kerala,ERNAKULAM,Shri Hibi Eden,Repair and Renovation,"Renovation of EMS Road at Ward 22, Maradu Muncipality",Sanction,To Be Implemented,0.4259933039825218,True,medium,temporal,R03,"Sanction was delayed by 454 days after recommendation, far exceeding the typical processing time.","Sanction: ₹2,500,000; Sanction delay: 454d; Vendor HHI: 1.00",0.643896804167964,0.5,0.18576886554437366,2500000.0,,,,454,,2024-08-16,2025-11-13,,1.0,,,1.0,False,False,False,,,,5.016806301108714,
WS/MP18253/2024-2025/140133,West Bengal,MATHURAPUR(SC),BAPI HALDAR,Normal/Others,CONSTRUCTION OF CC ROAD WITH PAILING FROM DAKSHIN HARINDANGA BLACK TOP ROAD  TO MANNAN MOLLA  HOUSE VIA KHALID REJOYAN HOUSE,Physical Inspection,Completed,0.42595056489380234,True,medium,financial,R07,"1 out of 1.0 payments (100%) fall just below statutory thresholds, suggesting potential contract splitting.","Sanction: ₹499,758; Disbursed: ₹497,613; Cost ratio: 1.00; Sanction delay: 86d; Duration: 147d",0.4285705013102954,0.75,0.05373697018922419,499758.0,497613.0,0.9957079226345551,497613.0,86,147.0,2024-09-15,2024-12-10,2025-05-06,1.0,1.0,1.0,1.0,True,False,False,1.0,1.0,1.0,1.66586,0.6447368421052632
WS/MP18199/2024-2025/136958,Uttar Pradesh,AMBEDKAR NAGAR,LALJI VERMA,Normal/Others,GRAM PANCHAYAT SARKHUPUR SHRI RAMBUJH KE GHAR SE DOCTOR RAHUL KE GHAR TAK INTERLOCKING KARYA DURI 200M,Physical Inspection,Completed,0.42592214866712047,True,medium,financial,"R05,R10","Completed work worth ₹862,692 has no verification photograph attached, which is a compliance gap. 90% of total funds were disbursed in the first payment, despite having 2.0 total payments, indicating excessive upfront payment.","Sanction: ₹862,692; Disbursed: ₹862,692; Cost ratio: 1.00; Sanction delay: 34d; Duration: 497d",0.18783154611407335,0.6875,0.2970407489674346,862692.0,862692.0,1.0,862692.0,34,497.0,2024-08-25,2024-09-28,2026-02-07,1.0,1.0,2.0,1.0,True,True,False,0.0,0.0,0.90210758880342,2.87564,2.1798245614035086
WS/MP18339/2024-2025/141960,Uttar Pradesh,KAISERGANJ,KARAN BHUSHAN SINGH,Normal/Others,Sr.No. 05 Interlocking work of 250 meters length from Shankar's house to Rinku's field in kalahansanpurwa.,Vendor Identification,Ongoing,0.4259192196022876,True,medium,vendor,R09,"All ₹1,344,831 of expenditure was directed to a single vendor for this large project, raising concentration risk.","Sanction: ₹1,359,000; Disbursed: ₹1,344,831; Cost ratio: 0.99; Sanction delay: 61d; Vendor HHI: 1.00",0.5537311726842407,0.5,0.24996121837493557,1359000.0,1344831.0,0.9895739514348786,,61,,2024-09-20,2024-11-20,,1.0,1.0,2.0,1.0,True,False,False,0.0,0.0,0.5789047099598388,4.53,
WS/MP517/2024-2025/140105,Uttar Pradesh,FATEHPUR SIKRI,Rajkumar Chahar,Normal/Others,"2- Pl see my letter no 7897 dated 27-8-2024 me prastavit high mast light install in block Pinahat as par sr no 32,33,34,38,39,43,46,47,",Physical Inspection,Completed,0.42576599636338236,True,medium,vendor,"R05,R09","Completed work worth ₹1,991,603 has no verification photograph attached, which is a compliance gap. All ₹1,991,603 of expenditure was directed to a single vendor for this large project, raising concentration risk.","Sanction: ₹1,991,603; Disbursed: ₹1,991,603; Cost ratio: 1.00; Sanction delay: 39d; Duration: 247d",0.5111042635678323,0.55,0.22282837277549794,1991603.0,1991603.0,1.0,1991603.0,39,247.0,2024-09-10,2024-10-19,2025-06-23,1.0,1.0,2.0,1.0,True,True,False,0.0,0.0,0.6756808460320656,6.638676666666667,1.0833333333333333
WS/MP18253/2024-2025/141078,West Bengal,MATHURAPUR(SC),BAPI HALDAR,Normal/Others,CONSTRUCTION OF CC ROAD WITH PAILING FROM BASUDEB HALDAR HOUSE TO KRISHNACHANDRAPUR PASCHIM SDB ROAD,Physical Inspection,Completed,0.425765263980434,True,medium,financial,R07,"1 out of 1.0 payments (100%) fall just below statutory thresholds, suggesting potential contract splitting.","Sanction: ₹499,896; Disbursed: ₹495,485; Cost ratio: 0.99; Sanction delay: 86d; Duration: 154d",0.42858518054545225,0.75,0.05319705384020246,499896.0,495485.0,0.9911761646422456,495485.0,86,154.0,2024-09-15,2024-12-10,2025-05-13,1.0,1.0,1.0,1.0,True,False,False,1.0,1.0,1.0,1.66632,0.6754385964912281
WS/MP435/2024-2025/146457,Jharkhand,RANCHI,Sanjay Seth,Normal/Others,"Construction of Shed near Martyr Jeetram Bedia Memorial Place at Piska Chowk, under Ichadag Panchayat, Ormanjhi Block.",Vendor Identification,Ongoing,0.4255890915158739,True,medium,vendor,R09,"All ₹1,124,625 of expenditure was directed to a single vendor for this large project, raising concentration risk.","Sanction: ₹1,499,500; Disbursed: ₹1,124,625; Cost ratio: 0.75; Sanction delay: 83d; Vendor HHI: 1.00",0.5772733750624827,0.5,0.23220213642929488,1499500.0,1124625.0,0.75,,83,,2024-10-09,2024-12-31,,1.0,1.0,1.0,1.0,True,False,False,0.0,0.0,1.0,4.998333333333333,
WS/MP418/2024-2025/147615,Bihar,ARARIA,Pradeep Kumar Singh,Normal/Others,Purchase of  Equipment and furniture/accessories for setting up Laboratories as per enclosed list in following schools/institutions: 1  AL-SHAMS MILLIA COLLEGE ARARIA,Physical Inspection,Completed,0.42556522219405934,True,medium,vendor,"R05,R09","Completed work worth ₹2,475,000 has no verification photograph attached, which is a compliance gap. All ₹2,475,000 of expenditure was directed to a single vendor for this large project, raising concentration risk.","Sanction: ₹2,475,000; Disbursed: ₹2,475,000; Cost ratio: 1.00; Sanction delay: 72d; Duration: 188d",0.6404102733221718,0.55,0.12989329675290373,2475000.0,2475000.0,1.0,2475000.0,72,188.0,2024-10-16,2024-12-27,2025-07-03,1.0,1.0,1.0,1.0,True,True,False,0.0,0.0,1.0,8.25,0.8245614035087719
WS/MP418/2024-2025/147614,Bihar,ARARIA,Pradeep Kumar Singh,Normal/Others,"Purchase of  Equipment and furniture/accessories for setting up Laboratories as per enclosed list in following schools/institutions: 1 UCHCH MADHYAMIK VIDYALYA, BELWA",Physical Inspection,Completed,0.42556522219405934,True,medium,vendor,"R05,R09","Completed work worth ₹2,475,000 has no verification photograph attached, which is a compliance gap. All ₹2,475,000 of expenditure was directed to a single vendor for this large project, raising concentration risk.","Sanction: ₹2,475,000; Disbursed: ₹2,475,000; Cost ratio: 1.00; Sanction delay: 72d; Duration: 188d",0.6404102733221718,0.55,0.12989329675290373,2475000.0,2475000.0,1.0,2475000.0,72,188.0,2024-10-16,2024-12-27,2025-07-03,1.0,1.0,1.0,1.0,True,True,False,0.0,0.0,1.0,8.25,0.8245614035087719
WS/MP18076/2026-2027/146587,Karnataka,BANGALORE RURAL,DR C N MANJUNATH,Trust and Society,"Construction of New Building Nammane Summane Destitute Orphanage at No.18 Gangondanahalli, Chammundeshwari Layout, Lakshmipura Post, Dasanapura Hobli, Bengaluru North Taluk, Pin-560073",Sanction,To Be Implemented,0.4255205221424205,True,medium,temporal,R03,"Sanction was delayed by 679 days after recommendation, far exceeding the typical processing time.","Sanction: ₹500,000; Sanction delay: 679d; Vendor HHI: 1.00",0.4221732105851187,0.5,0.3427920557032593,500000.0,,,,679,,2024-10-09,2026-08-19,,1.0,,,1.0,False,False,False,,,,1.0,
WS/MP418/2024-2025/148554,Bihar,ARARIA,Pradeep Kumar Singh,Normal/Others,"Purchase of  Equipment and furniture/accessories for setting up Laboratories as per enclosed list in following schools/institutions: 1 UCHCH MADHYAMIK VIDYALAY , ANCHRA NARPATGANJ",Physical Inspection,Completed,0.4255148138230402,True,medium,vendor,"R05,R09","Completed work worth ₹2,475,000 has no verification photograph attached, which is a compliance gap. All ₹2,475,000 of expenditure was directed to a single vendor for this large project, raising concentration risk.","Sanction: ₹2,475,000; Disbursed: ₹2,475,000; Cost ratio: 1.00; Sanction delay: 69d; Duration: 188d",0.6404102733221718,0.55,0.12974927283570625,2475000.0,2475000.0,1.0,2475000.0,69,188.0,2024-10-19,2024-12-27,2025-07-03,1.0,1.0,1.0,1.0,True,True,False,0.0,0.0,1.0,8.25,0.8245614035087719
WS/MP418/2024-2025/148553,Bihar,ARARIA,Pradeep Kumar Singh,Normal/Others,"Purchase of  Equipment and furniture/accessories for setting up Laboratories as per enclosed list in following schools/institutions: 1 +2 PROJECT GIRLS HIGH SCHOOL, NARPATGANJ",Physical Inspection,Completed,0.4255148138230402,True,medium,vendor,"R05,R09","Completed work worth ₹2,475,000 has no verification photograph attached, which is a compliance gap. All ₹2,475,000 of expenditure was directed to a single vendor for this large project, raising concentration risk.","Sanction: ₹2,475,000; Disbursed: ₹2,475,000; Cost ratio: 1.00; Sanction delay: 69d; Duration: 188d",0.6404102733221718,0.55,0.12974927283570625,2475000.0,2475000.0,1.0,2475000.0,69,188.0,2024-10-19,2024-12-27,2025-07-03,1.0,1.0,1.0,1.0,True,True,False,0.0,0.0,1.0,8.25,0.8245614035087719
WS/MP418/2024-2025/148552,Bihar,ARARIA,Pradeep Kumar Singh,Normal/Others,Purchase of Equipment and furniture/accessories for setting up Laboratories as per enclosed list in following schools/institutions: 1 UHS GOKHLAPUR BMC,Physical Inspection,Completed,0.4255148138230402,True,medium,vendor,"R05,R09","Completed work worth ₹2,475,000 has no verification photograph attached, which is a compliance gap. All ₹2,475,000 of expenditure was directed to a single vendor for this large project, raising concentration risk.","Sanction: ₹2,475,000; Disbursed: ₹2,475,000; Cost ratio: 1.00; Sanction delay: 69d; Duration: 188d",0.6404102733221718,0.55,0.12974927283570625,2475000.0,2475000.0,1.0,2475000.0,69,188.0,2024-10-19,2024-12-27,2025-07-03,1.0,1.0,1.0,1.0,True,True,False,0.0,0.0,1.0,8.25,0.8245614035087719
WS/MP418/2024-2025/148555,Bihar,ARARIA,Pradeep Kumar Singh,Normal/Others,Purchase of  Equipment and furniture/accessories for setting up Laboratories as per enclosed list in following schools/institutions: 1 +2  UCCH VIDYALAY NARPATGANJ,Physical Inspection,Completed,0.4255148138230402,True,medium,vendor,"R05,R09","Completed work worth ₹2,475,000 has no verification photograph attached, which is a compliance gap. All ₹2,475,000 of expenditure was directed to a single vendor for this large project, raising concentration risk.","Sanction: ₹2,475,000; Disbursed: ₹2,475,000; Cost ratio: 1.00; Sanction delay: 69d; Duration: 188d",0.6404102733221718,0.55,0.12974927283570625,2475000.0,2475000.0,1.0,2475000.0,69,188.0,2024-10-19,2024-12-27,2025-07-03,1.0,1.0,1.0,1.0,True,True,False,0.0,0.0,1.0,8.25,0.8245614035087719
WS/MP418/2024-2025/148551,Bihar,ARARIA,Pradeep Kumar Singh,Normal/Others,"Purchase of  Equipment and furniture/accessories for setting up Laboratories as per enclosed list in following schools/institutions: 1 UCHCH MADHYAMIK VIDYALAY , MAHESHPATTI NARPATGANJ",Physical Inspection,Completed,0.4255148138230402,True,medium,vendor,"R05,R09","Completed work worth ₹2,475,000 has no verification photograph attached, which is a compliance gap. All ₹2,475,000 of expenditure was directed to a single vendor for this large project, raising concentration risk.","Sanction: ₹2,475,000; Disbursed: ₹2,475,000; Cost ratio: 1.00; Sanction delay: 69d; Duration: 188d",0.6404102733221718,0.55,0.12974927283570625,2475000.0,2475000.0,1.0,2475000.0,69,188.0,2024-10-19,2024-12-27,2025-07-03,1.0,1.0,1.0,1.0,True,True,False,0.0,0.0,1.0,8.25,0.8245614035087719
WS/MP418/2024-2025/148550,Bihar,ARARIA,Pradeep Kumar Singh,Normal/Others,Purchase of  Equipment and furniture/accessories for setting up Laboratories as per enclosed list in following schools/institutions: 1 UHS BELA REFUGEE NARPATGANJ,Physical Inspection,Completed,0.4255148138230402,True,medium,vendor,"R05,R09","Completed work worth ₹2,475,000 has no verification photograph attached, which is a compliance gap. All ₹2,475,000 of expenditure was directed to a single vendor for this large project, raising concentration risk.","Sanction: ₹2,475,000; Disbursed: ₹2,475,000; Cost ratio: 1.00; Sanction delay: 69d; Duration: 188d",0.6404102733221718,0.55,0.12974927283570625,2475000.0,2475000.0,1.0,2475000.0,69,188.0,2024-10-19,2024-12-27,2025-07-03,1.0,1.0,1.0,1.0,True,True,False,0.0,0.0,1.0,8.25,0.8245614035087719
WS/MP381/2024-2025/147219,Punjab,AMRITSAR,Shri Gurjeet Singh Aujla,Normal/Others,DEVELOPMENT WORKS IN COURT AND BAR COMPLEX,Physical Inspection,Completed,0.42550985082449816,True,medium,compliance,R05,"Completed work worth ₹1,000,000 has no verification photograph attached, which is a compliance gap.","Sanction: ₹1,000,000; Disbursed: ₹1,000,000; Cost ratio: 1.00; Sanction delay: 12d; Duration: 100d",0.20847453060987345,0.5,0.4954034804915137,1000000.0,1000000.0,1.0,1000000.0,12,100.0,2024-10-14,2024-10-26,2025-02-03,0.9655237242320001,2.0,3.0,0.982454,False,True,False,0.0,0.0,0.5215,3.3333333333333335,0.43859649122807015
WS/MP386/2024-2025/147117,Rajasthan,NAGAUR,Shri Hanuman Beniwal,Normal/Others,Construction of Digital Libraries in aabadi land of viilage -Kurchhi,Work partially Completed,Ongoing,0.4255084083674583,True,medium,vendor,R09,"All ₹1,125,000 of expenditure was directed to a single vendor for this large project, raising concentration risk.","Sanction: ₹1,500,000; Disbursed: ₹1,125,000; Cost ratio: 0.75; Sanction delay: 56d; Vendor HHI: 1.00",0.5773561880104181,0.5,0.23191246104243934,1500000.0,1125000.0,0.75,,56,,2024-10-14,2024-12-09,,1.0,1.0,1.0,1.0,True,False,False,0.0,0.0,1.0,5.0,
WS/MP18177/2025-2026/146616,Tamil Nadu,ERODE,K E PRAKASH,Normal/Others,Construction of New P.D.Shop at Karunkalivalasu area in Kolathupalayam Town Panchayat - 2024-25,Physical Inspection,Completed,0.4253836960882742,True,medium,vendor,"R03,R09","Sanction was delayed by 411 days after recommendation, far exceeding the typical processing time. All ₹1,700,000 of expenditure was directed to a single vendor for this large project, raising concentration risk.","Sanction: ₹1,700,000; Disbursed: ₹1,700,000; Cost ratio: 1.00; Sanction delay: 411d; Duration: 25d",0.4082476322441162,0.55,0.29520510864927174,1700000.0,1700000.0,1.0,1700000.0,411,25.0,2024-10-12,2025-11-27,2025-12-22,1.0,1.0,1.0,1.0,True,False,False,0.0,0.0,1.0,5.666666666666667,0.10964912280701754
WS/MP18006/2024-2025/136205,Andhra Pradesh,CHITTOOR,DAGGUMALLA PRASADA RAO,Normal/Others,Upgradation of Existing CC Road from Shivalayam to Library in Kamma Street in Penumuru Village and Mandal of GD Nelloore Constituency.,Work Completed,Completed,0.42537572862336964,True,medium,financial,R10,"93% of total funds were disbursed in the first payment, despite having 2.0 total payments, indicating excessive upfront payment.","Sanction: ₹470,000; Disbursed: ₹469,820; Cost ratio: 1.00; Sanction delay: 9d; Duration: 136d",0.15521172438591468,0.75,0.2473508500768311,470000.0,469820.0,0.9996170212765958,469820.0,9,136.0,2024-08-28,2024-09-06,2025-01-20,1.0,1.0,2.0,1.0,True,False,False,0.0,0.0,0.932595462091865,1.5666666666666667,0.5964912280701754
WS/MP435/2024-2025/146547,Jharkhand,RANCHI,Sanjay Seth,Normal/Others,"Construction of Community Hall at Sarna Place under ward-24, kadru Ranchi.",Vendor Identification,Ongoing,0.42528382376522544,True,medium,vendor,R09,"All ₹1,109,100 of expenditure was directed to a single vendor for this large project, raising concentration risk.","Sanction: ₹1,478,800; Disbursed: ₹1,109,100; Cost ratio: 0.75; Sanction delay: 78d; Vendor HHI: 1.00",0.5738368851099777,0.5,0.23378457853637435,1478800.0,1109100.0,0.75,,78,,2024-10-09,2024-12-26,,1.0,1.0,1.0,1.0,True,False,False,0.0,0.0,1.0,4.929333333333333,
WS/MP858/2025-2026/137402,West Bengal,BOLPUR(SC),Asit Kumar Mal,Normal/Others,"Instalation 2(TWO)NO of high mast light at BONNABOGRAM BUS STAND AND Nowda Bagdi para tey matha. Excuting Agency WILL BE ,M.D. WEST BENGAL AGRO INDUSTRIES CORPORATION LTD, 23- B ,N.S. ROAD, KOLKATA -1",Physical Inspection,Ongoing,0.4250701391710521,True,medium,temporal,R03,"Sanction was delayed by 448 days after recommendation, far exceeding the typical processing time.","Sanction: ₹559,912; Disbursed: ₹559,116; Cost ratio: 1.00; Sanction delay: 448d; Vendor HHI: 1.00",0.5953257522615757,0.5,0.2178248603018803,559912.0,559116.0,0.9985783480261184,,448,,2024-08-28,2025-11-19,,1.0,1.0,1.0,1.0,True,False,False,0.0,0.0,1.0,1.8663733333333334,
WS/MP405/2024-2025/140145,Andhra Pradesh,MACHILIPATNAM,Balashowry Vallabbhaneni,Normal/Others,"Providing CC road from Ramalayam to Chukka Srinivasa Rao house in Kanigirilanka of Iluru GP, Thotlavallur Mandal in Krishna District",Physical Inspection,Ongoing,0.42486499044819914,True,medium,vendor,R09,"All ₹1,158,273 of expenditure was directed to a single vendor for this large project, raising concentration risk.","Sanction: ₹1,500,000; Disbursed: ₹1,158,273; Cost ratio: 0.77; Sanction delay: 42d; Vendor HHI: 1.00",0.5773561880104181,0.5,0.2300741241302704,1500000.0,1158273.0,0.772182,,42,,2024-09-10,2024-10-22,,1.0,1.0,1.0,1.0,True,False,False,0.0,0.0,1.0,5.0,
WS/MP423/2024-2025/139239,West Bengal,DIAMOND HARBOUR,Shri Abhishek Banerjee,Normal/Others,Construction of CC Road from H/O Nurb Islam Gazi to H/O Jabirullah Laskar via H/O Sk Baharul. (153 mtr),Physical Inspection,Completed,0.424797391576028,True,medium,financial,R07,"1 out of 1.0 payments (100%) fall just below statutory thresholds, suggesting potential contract splitting.","Sanction: ₹499,938; Disbursed: ₹499,918; Cost ratio: 1.00; Sanction delay: 95d; Duration: 620d",0.14243857900919502,0.75,0.2548221337820834,499938.0,499918.0,0.9999599950393849,499918.0,95,620.0,2024-09-05,2024-12-09,2026-08-21,1.0,1.0,1.0,1.0,True,False,False,1.0,1.0,1.0,1.66646,2.719298245614035
WS/MP394/2025-2026/136042,Tamil Nadu,KANNIYAKUMARI,Shri vijayakumar Vasanth,Normal/Others,gnanadeepam shool arugil,Physical Inspection,Completed,0.42463046661881526,True,medium,vendor,"R03,R09","Sanction was delayed by 450 days after recommendation, far exceeding the typical processing time. All ₹1,450,000 of expenditure was directed to a single vendor for this large project, raising concentration risk.","Sanction: ₹1,450,000; Disbursed: ₹1,450,000; Cost ratio: 1.00; Sanction delay: 450d; Duration: 14d",0.3618050511795444,0.55,0.32622629663979763,1450000.0,1450000.0,1.0,1450000.0,450,14.0,2024-08-17,2025-11-10,2025-11-24,1.0,1.0,1.0,1.0,True,False,False,0.0,0.0,1.0,4.833333333333333,0.06140350877192982
WS/MP743/2025-2026/142801,Tamil Nadu,KANCHEEPURAM(SC),Ganesan Selvam,Normal/Others,"Construction of PDS Building at Nedunkuram Panchayat, Kattankolathur Panchayat Union.",Physical Inspection,Completed,0.4242581207721517,True,medium,vendor,"R03,R09","Sanction was delayed by 430 days after recommendation, far exceeding the typical processing time. All ₹1,010,704 of expenditure was directed to a single vendor for this large project, raising concentration risk.","Sanction: ₹1,010,704; Disbursed: ₹1,010,704; Cost ratio: 1.00; Sanction delay: 430d; Duration: 270d",0.31329732214328565,0.55,0.35981082924665797,1010704.0,1010704.0,1.0,1010704.0,430,270.0,2024-09-23,2025-11-27,2026-08-24,1.0,1.0,2.0,1.0,True,False,False,0.0,0.0,0.5905161154996913,3.369013333333333,1.1842105263157894
WS/MP243/2025-2026/141153,West Bengal,BARASAT,Kakoli Ghosh Dastidar,Normal/Others,Development of open gym with Children park with solar light and boundary,Physical Inspection,Completed,0.4240891729063387,True,medium,financial,R07,"1 out of 1.0 payments (100%) fall just below statutory thresholds, suggesting potential contract splitting.","Sanction: ₹988,121; Disbursed: ₹988,121; Cost ratio: 1.00; Sanction delay: 327d; Duration: 90d",0.24659004649369345,0.75,0.17840474652261518,988121.0,988121.0,1.0,988121.0,327,90.0,2024-09-15,2025-08-08,2025-11-06,1.0,1.0,1.0,1.0,True,False,False,1.0,1.0,1.0,3.2937366666666668,0.39473684210526316
WS/MP243/2025-2026/141151,West Bengal,BARASAT,Kakoli Ghosh Dastidar,Normal/Others,Development of open gym with Children park with solar light and boundary,Physical Inspection,Completed,0.4240891729063387,True,medium,financial,R07,"1 out of 1.0 payments (100%) fall just below statutory thresholds, suggesting potential contract splitting.","Sanction: ₹988,121; Disbursed: ₹988,121; Cost ratio: 1.00; Sanction delay: 327d; Duration: 90d",0.24659004649369345,0.75,0.17840474652261518,988121.0,988121.0,1.0,988121.0,327,90.0,2024-09-15,2025-08-08,2025-11-06,1.0,1.0,1.0,1.0,True,False,False,1.0,1.0,1.0,3.2937366666666668,0.39473684210526316
WS/MP761/2026-2027/139054,Telangana,NIZAMABAD,Arvind Dharmapuri,Normal/Others,Construction of Tin Shed near Goshala,Sanction,To Be Implemented,0.4237103783999282,True,medium,temporal,R03,"Sanction was delayed by 677 days after recommendation, far exceeding the typical processing time.","Sanction: ₹400,000; Sanction delay: 677d; Vendor HHI: 1.00",0.42167686494811785,0.5,0.33797474903685354,400000.0,,,,677,,2024-09-05,2026-07-14,,1.0,,,1.0,False,False,False,,,,1.3333333333333333,
WS/MP435/2024-2025/146545,Jharkhand,RANCHI,Sanjay Seth,Normal/Others,"Construction of Community Hall at Akhil Bhartiya Shrotri Brahman Mahasabha, Karamtoli, Lalgutuwa, under Nagri Block.",Vendor Identification,Ongoing,0.42358573870299404,True,medium,vendor,R09,"All ₹1,096,125 of expenditure was directed to a single vendor for this large project, raising concentration risk.","Sanction: ₹1,461,500; Disbursed: ₹1,096,125; Cost ratio: 0.75; Sanction delay: 83d; Vendor HHI: 1.00",0.5709537595693885,0.5,0.230992282316134,1461500.0,1096125.0,0.75,,83,,2024-10-09,2024-12-31,,1.0,1.0,1.0,1.0,True,False,False,0.0,0.0,1.0,4.871666666666667,
WS/MP18336/2025-2026/147572,Chhattisgarh,RAIPUR,BRIJMOHAN AGRAWAL,Normal/Others,"KAMGARO KE LIYE SHED NIRMAN- SANT RAMDAS WARD, WARD NO. 25 ANTARGAT KABIR CHOWK AGANBADI KE SAMNE SHED NIRMAN",Vendor Identification,Ongoing,0.4232371876318919,True,medium,financial,R07,"1 out of 1.0 payments (100%) fall just below statutory thresholds, suggesting potential contract splitting.","Sanction: ₹500,000; Disbursed: ₹498,163; Cost ratio: 1.00; Sanction delay: 166d; Vendor HHI: 1.00",0.4399744076318736,0.75,0.03783881635406694,500000.0,498163.0,0.996326,,166,,2024-10-17,2025-04-01,,1.0,1.0,1.0,1.0,True,False,False,1.0,1.0,1.0,1.6666666666666667,
WS/MP517/2024-2025/140156,Uttar Pradesh,FATEHPUR SIKRI,Rajkumar Chahar,Normal/Others,"Pl see my letter no 7895 dated 27-8-2024 me prastavit high mast light install in block Akola as par sr no 11,12,13,15,23,51,52,58,59",Physical Inspection,Completed,0.423172254247859,True,medium,vendor,R09,"All ₹2,240,001 of expenditure was directed to a single vendor for this large project, raising concentration risk.","Sanction: ₹2,240,001; Disbursed: ₹2,240,001; Cost ratio: 1.00; Sanction delay: 41d; Duration: 142d",0.5862510180223602,0.5,0.21888428497791124,2240001.0,2240001.0,1.0,2240001.0,41,142.0,2024-09-10,2024-10-21,2025-03-12,1.0,1.0,2.0,1.0,True,False,False,0.0,0.0,0.7439010071870503,7.46667,0.6228070175438597
WS/MP18253/2024-2025/140132,West Bengal,MATHURAPUR(SC),BAPI HALDAR,Normal/Others,CONSTRUCTION OF CC ROAD WITH PAILING FROM BHAGABAN PUR KACHARI MORE TO YOURUCH NAIYA HOUSE VIA SAFIULL GAZI SHOP,Physical Inspection,Completed,0.42299970546597565,True,medium,financial,R07,"1 out of 1.0 payments (100%) fall just below statutory thresholds, suggesting potential contract splitting.","Sanction: ₹499,627; Disbursed: ₹496,815; Cost ratio: 0.99; Sanction delay: 86d; Duration: 162d",0.42855658699505894,0.75,0.04531588204917392,499627.0,496815.0,0.9943718013638174,496815.0,86,162.0,2024-09-15,2024-12-10,2025-05-21,1.0,1.0,1.0,1.0,True,False,False,1.0,1.0,1.0,1.6654233333333333,0.7105263157894737
WS/MP664/2025-2026/146329,Maharashtra,MUMBAI SOUTH,Arvind Ganpat Sawant,Normal/Others,shivshankar seva mandal wadia road bhoiwada sewri community hall,Physical Inspection,Completed,0.42293222254894597,True,medium,vendor,"R04,R09","This ₹1,246,813 work was completed in only 0 days, which is suspiciously fast for a project of this budget. All ₹1,246,813 of expenditure was directed to a single vendor for this large project, raising concentration risk.","Sanction: ₹1,246,813; Disbursed: ₹1,246,813; Cost ratio: 1.00; Sanction delay: 344d; Vendor HHI: 1.00",0.26220188776216313,0.6875,0.2353764303097291,1246813.0,1246813.0,1.0,1246813.0,344,0.0,2024-10-08,2025-09-17,2025-09-17,1.0,1.0,1.0,1.0,True,False,False,0.0,0.0,1.0,4.156043333333334,0.0
WS/MP745/2025-2026/141247,Tamil Nadu,TIRUPPUR,K Subbarayan,Normal/Others,"ward no 11th, puthukkaalani,thiyaaki kumaran extention street,near at tiruppuur corpration",Physical Inspection,Completed,0.42286495852342687,True,medium,temporal,R04,"This ₹550,000 work was completed in only 3 days, which is suspiciously fast for a project of this budget.","Sanction: ₹550,000; Disbursed: ₹550,000; Cost ratio: 1.00; Sanction delay: 308d; Duration: 3d",0.23389507769062473,0.75,0.18397482600220183,550000.0,550000.0,1.0,550000.0,308,3.0,2024-09-16,2025-07-21,2025-07-24,1.0,1.0,1.0,1.0,True,False,False,0.0,0.0,1.0,1.8333333333333333,0.013157894736842105
WS/MP812/2025-2026/147490,Uttar Pradesh,KUSHI NAGAR,Vijay Kumar Dubey,Normal/Others,BARWA BAWAN BLOCK MOTICHAK KE SONMATI MANDIR KE PAS OPEN GYM KI STHAPANA,Physical Inspection,Completed,0.42282985553837865,True,medium,temporal,R03,"Sanction was delayed by 490 days after recommendation, far exceeding the typical processing time.","Sanction: ₹848,279; Disbursed: ₹848,279; Cost ratio: 1.00; Sanction delay: 490d; Duration: 143d",0.3483693102965315,0.5,0.38782150846927366,848279.0,848279.0,1.0,848279.0,490,143.0,2024-10-15,2026-02-17,2026-07-10,1.0,1.0,2.0,1.0,True,False,False,0.0,0.0,0.7504170208150857,2.8275966666666665,0.6271929824561403
WS/MP517/2024-2025/137541,Uttar Pradesh,FATEHPUR SIKRI,Rajkumar Chahar,Normal/Others,"1. Nayabas shamshan ghat 2- Panchayat Ghar Nagala Shadi 3- Amadpur Near Munnalal House 4 Nayabans Near Tukman Singh House 5 Badovara Khurd near Shiv Kumar House 6- In Sudrai Near Srinivas House 7- In Dauki Near Rajkumar Pundir 8- Dauki Near Dixit Meraj home 9- Gadhi Jahan Singh on Chauraha As Old Recomandation no 7896 Sr no is 5,7,8,9,10,11,19,23,24",Physical Inspection,Completed,0.4225887531671967,True,medium,vendor,R09,"All ₹2,242,634 of expenditure was directed to a single vendor for this large project, raising concentration risk.","Sanction: ₹2,242,634; Disbursed: ₹2,242,634; Cost ratio: 1.00; Sanction delay: 33d; Duration: 163d",0.5869505244946281,0.5,0.21671749155297038,2242634.0,2242634.0,1.0,2242634.0,33,163.0,2024-08-28,2024-09-30,2025-03-12,1.0,1.0,2.0,1.0,True,False,False,0.0,0.0,0.7459473993527254,7.475446666666667,0.7149122807017544
WS/MP577/2025-2026/133579,Gujarat,DAHOD(ST),Jaswantsinh Sumanbhai Bhabhor,Normal/Others,bhutardi game bhuriya faliya ma c.c.road nu kam,Physical Inspection,Ongoing,0.4224980284662476,True,medium,financial,"R03,R07","Sanction was delayed by 444 days after recommendation, far exceeding the typical processing time. 1 out of 1.0 payments (100%) fall just below statutory thresholds, suggesting potential contract splitting.","Sanction: ₹247,496; Disbursed: ₹247,496; Cost ratio: 1.00; Sanction delay: 444d; Vendor HHI: 1.00",0.3223258210261477,0.6875,0.19119020917060192,247496.0,247496.0,1.0,,444,,2024-07-17,2025-10-04,,1.0,1.0,1.0,1.0,True,False,False,1.0,1.0,1.0,0.8249866666666666,
WS/MP18250/2025-2026/139057,West Bengal,BASIRHAT,SK NURUL ISLAM,Normal/Others,Installation of 33 nos.  Electric Street LED Light at different places at Khasbalanda G.P under Haroa Block (SLNo. 44),Work Completed,Completed,0.42225443399483353,True,medium,temporal,R04,"This ₹726,000 work was completed in only 1 days, which is suspiciously fast for a project of this budget.","Sanction: ₹726,000; Disbursed: ₹725,693; Cost ratio: 1.00; Sanction delay: 284d; Duration: 1d",0.21864556498170445,0.75,0.193122979284021,726000.0,725693.0,0.9995771349862259,725693.0,284,1.0,2024-09-05,2025-06-16,2025-06-17,1.0,1.0,1.0,1.0,True,False,False,0.0,0.0,1.0,2.42,0.0043859649122807015
WS/MP18390/2024-2025/146105,Uttar Pradesh,GHAZIPUR,AFZAL ANSARI,Normal/Others,"Installation of High Mask Light at: 10)	Village Pahadpur Khurd, Block Manihari 11)	Village Velhara, Block Jakhaniya 12)	Village Jafarpur, Block Jakhaniya 13)	Village Chak Malook, Block Manihari 14)	Village Madhuban Chatti, Block Manihar 15)	Village Chak Bakar Chowraha, Block Manihari 16)	Village Mahpur, Block Sadat 17)	Village Makdoompur, Block Sadat, Near Pulia",Physical Inspection,Completed,0.4221442717681578,True,medium,vendor,R09,"All ₹1,419,209 of expenditure was directed to a single vendor for this large project, raising concentration risk.","Sanction: ₹1,423,400; Disbursed: ₹1,419,209; Cost ratio: 1.00; Sanction delay: 161d; Duration: 286d",0.5645668710276088,0.5,0.23143586860358734,1423400.0,1419209.0,0.9970556414219475,1421528.0,161,286.0,2024-10-08,2025-03-18,2025-12-29,1.0,1.0,2.0,1.0,True,False,False,0.0,0.0,0.7567180027747851,4.744666666666666,1.2543859649122806
WS/MP18006/2024-2025/139520,Andhra Pradesh,CHITTOOR,DAGGUMALLA PRASADA RAO,Normal/Others,"Construction of Compound Wall and jungle bushes clear, stone removed for Burial Ground in Thumba ST Colony and Village, Thuma GP of Bangarupalem Mandal, Puthalapattu Constituency",Work Completed,Completed,0.42211410191410503,True,medium,financial,R07,"1 out of 1.0 payments (100%) fall just below statutory thresholds, suggesting potential contract splitting.","Sanction: ₹500,000; Disbursed: ₹499,164; Cost ratio: 1.00; Sanction delay: 31d; Duration: 197d",0.4270627835842076,0.75,0.04385258862300878,500000.0,499164.0,0.998328,499164.0,31,197.0,2024-09-06,2024-10-07,2025-04-22,1.0,1.0,1.0,1.0,True,False,False,1.0,1.0,1.0,1.6666666666666667,0.8640350877192983
WS/MP479/2024-2025/138334,West Bengal,BISHNUPUR(SC),Saumitra khan,Normal/Others,Construction of cycle stand.,Physical Inspection,Completed,0.42209752074324514,True,medium,financial,R07,"1 out of 1.0 payments (100%) fall just below statutory thresholds, suggesting potential contract splitting.","Sanction: ₹499,031; Disbursed: ₹499,031; Cost ratio: 1.00; Sanction delay: 102d; Duration: 605d",0.14234219624799566,0.75,0.24717706194641764,499031.0,499031.0,1.0,499031.0,102,605.0,2024-09-02,2024-12-13,2026-08-10,1.0,1.0,1.0,1.0,True,False,False,1.0,1.0,1.0,1.6634366666666667,2.6535087719298245
WS/MP826/2024-2025/135594,West Bengal,DARJEELING,Raju Bista,Normal/Others,"Construction of jeepable road from Smt. Munni Tamang House to Dambar Singh Chhetri's land  Ref: Bikram Pakhrin (8509370443), Member, Chenga-Panighatta",Physical Inspection,Completed,0.42186721828124246,True,medium,financial,R07,"1 out of 1.0 payments (100%) fall just below statutory thresholds, suggesting potential contract splitting.","Sanction: ₹499,759; Disbursed: ₹499,759; Cost ratio: 1.00; Sanction delay: 129d; Duration: 591d",0.14241955038230739,0.75,0.2464638019590445,499759.0,499759.0,1.0,499759.0,129,591.0,2024-08-16,2024-12-23,2026-08-06,1.0,1.0,1.0,1.0,True,False,False,1.0,1.0,1.0,1.6658633333333333,2.5921052631578947
WS/MP743/2025-2026/142806,Tamil Nadu,KANCHEEPURAM(SC),Ganesan Selvam,Normal/Others,"Construction of Drama Stage at GWHSS, Erumbedu.",Physical Inspection,Completed,0.42179521987081636,True,medium,temporal,"R04,R05","This ₹899,711 work was completed in only 6 days, which is suspiciously fast for a project of this budget. Completed work worth ₹899,711 has no verification photograph attached, which is a compliance gap.","Sanction: ₹899,711; Disbursed: ₹899,711; Cost ratio: 1.00; Sanction delay: 360d; Duration: 6d",0.26805370581768273,0.6875,0.22794798118970205,899711.0,899711.0,1.0,899711.0,360,6.0,2024-09-23,2025-09-18,2025-09-24,1.0,1.0,1.0,1.0,True,True,False,0.0,0.0,1.0,2.9990366666666666,0.02631578947368421
WS/MP745/2025-2026/141299,Tamil Nadu,TIRUPPUR,K Subbarayan,Normal/Others,"ward no 11th,bathrooms,portikoo,compund wall at tirupur corpration",Physical Inspection,Completed,0.4215681250564856,True,medium,temporal,R04,"This ₹500,000 work was completed in only 0 days, which is suspiciously fast for a project of this budget.","Sanction: ₹500,000; Disbursed: ₹500,000; Cost ratio: 1.00; Sanction delay: 310d; Vendor HHI: 1.00",0.23518922366970202,0.75,0.17934519754017164,500000.0,500000.0,1.0,500000.0,310,0.0,2024-09-16,2025-07-23,2025-07-23,1.0,1.0,1.0,1.0,True,False,False,0.0,0.0,1.0,1.6666666666666667,0.0
WS/MP18193/2024-2025/144398,Telangana,MALKAJGIRI,EATALA RAJENDER,Normal/Others,Construction of Compound/Protection Wall to proposed Community Hall and Park at Sathya Nagar Citizens Welfare Association in Sy No. 1091 & 1092.,Physical Inspection,Ongoing,0.42128039950869317,True,medium,vendor,R09,"All ₹1,308,763 of expenditure was directed to a single vendor for this large project, raising concentration risk.","Sanction: ₹1,500,000; Disbursed: ₹1,308,763; Cost ratio: 0.87; Sanction delay: 164d; Vendor HHI: 1.00",0.5773561880104181,0.5,0.21983243573168187,1500000.0,1308763.0,0.8725086666666667,,164,,2024-09-29,2025-03-12,,1.0,1.0,1.0,1.0,True,False,False,0.0,0.0,1.0,5.0,
WS/MP727/2024-2025/142174,Rajasthan,KOTA,Om Birla,Normal/Others,"Shri Jingar Samaj Panchayat Society Kota K Chatrawas Mai Kamre Nirman Ka Karya. Place-Ocf 6/2, Subhash Nagar, 2nd Kota,  Recommended Amount- 10.00 Lakh Rs., Implementing Agency - Uit Kota (05 Dated 18.09.2024)",Physical Inspection,Completed,0.4211073652109398,True,medium,compliance,R05,"Completed work worth ₹999,278 has no verification photograph attached, which is a compliance gap.","Sanction: ₹999,278; Disbursed: ₹999,278; Cost ratio: 1.00; Sanction delay: 111d; Duration: 445d",0.20867439609764718,0.5,0.48268218910436567,999278.0,999278.0,1.0,999278.0,111,445.0,2024-09-21,2025-01-10,2026-03-31,1.0,1.0,3.0,1.0,True,True,False,0.0,0.0,0.46789381933756174,3.3309266666666666,1.9517543859649122
WS/MP526/2024-2025/146049,Andhra Pradesh,KADAPA,Y S Avinash Reddy,Normal/Others,Providing 600 mm CC drain from Anjaneya swamy temple to Karnati Ramakrishna Reddy house along kogatam main road of Kamalapuram mandal.,Physical Inspection,Completed,0.42096555887999365,True,medium,vendor,R09,"All ₹2,496,908 of expenditure was directed to a single vendor for this large project, raising concentration risk.","Sanction: ₹2,496,908; Disbursed: ₹2,496,908; Cost ratio: 1.00; Sanction delay: 93d; Duration: 75d",0.6446197923736273,0.5,0.17088745939024796,2496908.0,2496908.0,1.0,2496908.0,93,75.0,2024-10-08,2025-01-09,2025-03-25,1.0,1.0,1.0,1.0,True,False,False,0.0,0.0,1.0,8.323026666666667,0.32894736842105265
WS/MP394/2024-2025/136033,Tamil Nadu,KANNIYAKUMARI,Shri vijayakumar Vasanth,Normal/Others,chennanvilai,Work Completed,Completed,0.42091510211684535,True,medium,vendor,R09,"All ₹1,287,207 of expenditure was directed to a single vendor for this large project, raising concentration risk.","Sanction: ₹1,300,000; Disbursed: ₹1,287,207; Cost ratio: 0.99; Sanction delay: 38d; Duration: 483d",0.5437759534382116,0.5,0.2427746107351212,1300000.0,1287207.0,0.9901592307692307,1287207.0,38,483.0,2024-08-17,2024-09-24,2026-01-20,1.0,1.0,1.0,1.0,True,False,False,0.0,0.0,1.0,4.333333333333333,2.1184210526315788
WS/MP812/2026-2027/147488,Uttar Pradesh,KUSHI NAGAR,Vijay Kumar Dubey,Normal/Others,SITUHIYA BLOCK MOTICHAK KE PRATHAMIK VIDYALAY KE PRANGAN ME OPEN GYM KI STHAPANA,Sanction,To Be Implemented,0.42090744440898786,True,medium,temporal,R03,"Sanction was delayed by 673 days after recommendation, far exceeding the typical processing time.","Sanction: ₹850,000; Sanction delay: 673d; Vendor HHI: 1.00",0.4206685138382802,0.5,0.3306866169983367,850000.0,,,,673,,2024-10-15,2026-08-19,,1.0,,,1.0,False,False,False,,,,2.8333333333333335,
WS/MP812/2026-2027/147511,Uttar Pradesh,KUSHI NAGAR,Vijay Kumar Dubey,Normal/Others,KHADDA ME MODEL SHOP KE BAGAL SE SHURU HOKAR BAZAR JANE WALI PICH SADAK TAK MITTI AUR KHADANJA  NIRMAN KARRY,Sanction,To Be Implemented,0.42090744440898786,True,medium,temporal,R03,"Sanction was delayed by 673 days after recommendation, far exceeding the typical processing time.","Sanction: ₹349,000; Sanction delay: 673d; Vendor HHI: 1.00",0.4206685138382802,0.5,0.3306866169983367,349000.0,,,,673,,2024-10-15,2026-08-19,,1.0,,,1.0,False,False,False,,,,1.1633333333333333,
WS/MP745/2025-2026/141314,Tamil Nadu,TIRUPPUR,K Subbarayan,Normal/Others,"gobi, ayalur uratchi, consraction of new building",Physical Inspection,Completed,0.42078360939656617,True,medium,vendor,"R04,R09","This ₹1,034,903 work was completed in only 0 days, which is suspiciously fast for a project of this budget. All ₹1,034,903 of expenditure was directed to a single vendor for this large project, raising concentration risk.","Sanction: ₹1,034,903; Disbursed: ₹1,034,903; Cost ratio: 1.00; Sanction delay: 346d; Vendor HHI: 1.00",0.25879755687115813,0.6875,0.23166920051079043,1034903.0,1034903.0,1.0,1034903.0,346,0.0,2024-09-16,2025-08-28,2025-08-28,1.0,1.0,1.0,1.0,True,False,False,0.0,0.0,1.0,3.4496766666666665,0.0
WS/MP18138/2024-2025/148126,Mizoram,MIZORAM (ST),RICHARD VANLALHMANGAIHA,Normal/Others,"Upgradation/Renovationof Thaidawr to Zomuantlang road, Phuldungsei, Zampui",Work Completed,Completed,0.42068735005589725,True,medium,financial,"R05,R07","Completed work worth ₹990,000 has no verification photograph attached, which is a compliance gap. 2 out of 2.0 payments (100%) fall just below statutory thresholds, suggesting potential contract splitting.","Sanction: ₹990,000; Disbursed: ₹990,000; Cost ratio: 1.00; Sanction delay: 91d; Duration: 386d",0.20723219956897462,0.6875,0.2682265718961532,990000.0,990000.0,1.0,990000.0,91,386.0,2024-10-17,2025-01-16,2026-02-06,1.0,1.0,2.0,1.0,True,True,False,2.0,1.0,0.5,3.3,1.6929824561403508
WS/MP664/2025-2026/146328,Maharashtra,MUMBAI SOUTH,Arvind Ganpat Sawant,Normal/Others,hasma jetha chwal zakeria bunder sewri water pipeline,Physical Inspection,Completed,0.42060202290365867,True,medium,vendor,"R04,R09","This ₹1,196,940 work was completed in only 0 days, which is suspiciously fast for a project of this budget. All ₹1,196,940 of expenditure was directed to a single vendor for this large project, raising concentration risk.","Sanction: ₹1,196,940; Disbursed: ₹1,196,940; Cost ratio: 1.00; Sanction delay: 344d; Vendor HHI: 1.00",0.25747609148834394,0.6875,0.23209428580449332,1196940.0,1196940.0,1.0,1196940.0,344,0.0,2024-10-08,2025-09-17,2025-09-17,1.0,1.0,1.0,1.0,True,False,False,0.0,0.0,1.0,3.9898,0.0
WS/MP664/2025-2026/146325,Maharashtra,MUMBAI SOUTH,Arvind Ganpat Sawant,Normal/Others,ahok mahadeo palwankar dighenagar socity community hall,Physical Inspection,Completed,0.42060202290365867,True,medium,vendor,"R04,R09","This ₹1,193,715 work was completed in only 0 days, which is suspiciously fast for a project of this budget. All ₹1,193,715 of expenditure was directed to a single vendor for this large project, raising concentration risk.","Sanction: ₹1,193,715; Disbursed: ₹1,193,715; Cost ratio: 1.00; Sanction delay: 344d; Vendor HHI: 1.00",0.25747609148834394,0.6875,0.23209428580449332,1193715.0,1193715.0,1.0,1193715.0,344,0.0,2024-10-08,2025-09-17,2025-09-17,1.0,1.0,1.0,1.0,True,False,False,0.0,0.0,1.0,3.97905,0.0
WS/MP18006/2024-2025/135639,Andhra Pradesh,CHITTOOR,DAGGUMALLA PRASADA RAO,Normal/Others,Construction of Under Ground Drainage at Thalaripalli HW(Reach 1) H/O Ramakrishnapuram GP in Penumuru Mandal of GD Nelloore Constituency.,Physical Inspection,Completed,0.42057007862805135,True,medium,financial,R10,"93% of total funds were disbursed in the first payment, despite having 2.0 total payments, indicating excessive upfront payment.","Sanction: ₹440,871; Disbursed: ₹440,871; Cost ratio: 1.00; Sanction delay: 14d; Duration: 358d",0.15290648520807423,0.75,0.23526702093152219,440871.0,440871.0,1.0,440871.0,14,358.0,2024-08-13,2024-08-27,2025-08-20,1.0,1.0,2.0,1.0,True,False,False,0.0,0.0,0.9250052736514763,1.46957,1.5701754385964912
WS/MP18006/2024-2025/141505,Andhra Pradesh,CHITTOOR,DAGGUMALLA PRASADA RAO,Normal/Others,"Minor Repairs to Govt. SW Girls Hostel in G.D.Nellore of G.D.Nellore Mandal, G.D.Nellore Constituency.",Work Completed,Completed,0.42029210630882613,True,medium,financial,R07,"1 out of 1.0 payments (100%) fall just below statutory thresholds, suggesting potential contract splitting.","Sanction: ₹500,000; Disbursed: ₹499,447; Cost ratio: 1.00; Sanction delay: 7d; Duration: 152d",0.37957055208406587,0.75,0.07256990939374186,500000.0,499447.0,0.998894,499447.0,7,152.0,2024-09-18,2024-09-25,2025-02-24,1.0,1.0,1.0,1.0,True,False,False,1.0,1.0,1.0,1.6666666666666667,0.6666666666666666
WS/MP18173/2024-2025/139191,Tamil Nadu,ARANI,THARANIVENTHAN M S,Normal/Others,Providing CC paver blocks at Kulakarai pathai at Taludali panchayat,Physical Inspection,Completed,0.4202542084861204,True,medium,financial,R07,"1 out of 1.0 payments (100%) fall just below statutory thresholds, suggesting potential contract splitting.","Sanction: ₹999,800; Disbursed: ₹999,800; Cost ratio: 1.00; Sanction delay: 43d; Duration: 505d",0.20875572498226147,0.75,0.19447222068729997,999800.0,999800.0,1.0,999800.0,43,505.0,2024-09-05,2024-10-18,2026-03-07,1.0,1.0,1.0,1.0,True,False,False,1.0,1.0,1.0,3.332666666666667,2.2149122807017543
WS/MP18158/2024-2025/141789,Punjab,PATIALA,DR DHARAMVIRA GANDHI,Normal/Others,Construction of two toilets in Govt High School Lalochi,Physical Inspection,Completed,0.4202072215712633,True,medium,statistical,,This work shows unusual patterns across multiple financial and operational metrics compared to similar works.,"Sanction: ₹150,000; Disbursed: ₹150,000; Cost ratio: 1.00; Sanction delay: 120d; Duration: 371d",0.4786527747880523,0.0,0.8586972224978578,150000.0,150000.0,1.0,150000.0,120,371.0,2024-09-19,2025-01-17,2026-01-23,0.16737748328888888,11.0,13.0,0.2462,False,False,False,0.0,0.0,0.04933333333333333,0.5,1.6271929824561404
WS/MP479/2024-2025/138180,West Bengal,BISHNUPUR(SC),Saumitra khan,Normal/Others,"Installation of Solar LED Street Light with Pole (Pole- 6mtr, 18Watt, Battery- 12.8V, 24 AH Lithium Ferro Battery, Module- 75Wp Solar Panel) Total Nos. 52Nos. x 38000/- Each",Physical Inspection,Completed,0.4201637296593718,True,medium,vendor,R09,"All ₹1,768,329 of expenditure was directed to a single vendor for this large project, raising concentration risk.","Sanction: ₹1,768,329; Disbursed: ₹1,768,329; Cost ratio: 1.00; Sanction delay: 102d; Duration: 605d",0.4330415880742234,0.5,0.3197238075451886,1768329.0,1768329.0,1.0,1768329.0,102,605.0,2024-09-02,2024-12-13,2026-08-10,1.0,1.0,1.0,1.0,True,False,False,0.0,0.0,1.0,5.89443,2.6535087719298245
WS/MP18031/2025-2026/143459,Bihar,AURANGABAD_BR,ABHAY KUMAR SINHA,Normal/Others,purchase of books for school library five lacs each school library,Physical Inspection,Completed,0.4200264224501743,True,medium,financial,"R04,R07","This ₹498,748 work was completed in only 0 days, which is suspiciously fast for a project of this budget. 1 out of 1.0 payments (100%) fall just below statutory thresholds, suggesting potential contract splitting.","Sanction: ₹498,748; Disbursed: ₹498,748; Cost ratio: 1.00; Sanction delay: 191d; Vendor HHI: 1.00",0.16584955570777096,0.8250000000000001,0.138754381494947,498748.0,498748.0,1.0,498748.0,191,0.0,2024-09-25,2025-04-04,2025-04-04,1.0,1.0,1.0,1.0,True,False,False,1.0,1.0,1.0,1.6624933333333334,0.0
WS/MP18031/2025-2026/143461,Bihar,AURANGABAD_BR,ABHAY KUMAR SINHA,Normal/Others,purchase of books for school library five lacs each school library,Physical Inspection,Completed,0.4200264224501743,True,medium,financial,"R04,R07","This ₹498,748 work was completed in only 0 days, which is suspiciously fast for a project of this budget. 1 out of 1.0 payments (100%) fall just below statutory thresholds, suggesting potential contract splitting.","Sanction: ₹498,748; Disbursed: ₹498,748; Cost ratio: 1.00; Sanction delay: 191d; Vendor HHI: 1.00",0.16584955570777096,0.8250000000000001,0.138754381494947,498748.0,498748.0,1.0,498748.0,191,0.0,2024-09-25,2025-04-04,2025-04-04,1.0,1.0,1.0,1.0,True,False,False,1.0,1.0,1.0,1.6624933333333334,0.0
WS/MP18031/2025-2026/143462,Bihar,AURANGABAD_BR,ABHAY KUMAR SINHA,Normal/Others,purchase of books for school library five lacs each school library,Physical Inspection,Completed,0.4200264224501743,True,medium,financial,"R04,R07","This ₹498,748 work was completed in only 0 days, which is suspiciously fast for a project of this budget. 1 out of 1.0 payments (100%) fall just below statutory thresholds, suggesting potential contract splitting.","Sanction: ₹498,748; Disbursed: ₹498,748; Cost ratio: 1.00; Sanction delay: 191d; Vendor HHI: 1.00",0.16584955570777096,0.8250000000000001,0.138754381494947,498748.0,498748.0,1.0,498748.0,191,0.0,2024-09-25,2025-04-04,2025-04-04,1.0,1.0,1.0,1.0,True,False,False,1.0,1.0,1.0,1.6624933333333334,0.0
WS/MP18031/2025-2026/143486,Bihar,AURANGABAD_BR,ABHAY KUMAR SINHA,Normal/Others,purchase of books for school library. sanction of five lacs of each school,Physical Inspection,Completed,0.4200264224501743,True,medium,financial,"R04,R07","This ₹498,748 work was completed in only 0 days, which is suspiciously fast for a project of this budget. 1 out of 1.0 payments (100%) fall just below statutory thresholds, suggesting potential contract splitting.","Sanction: ₹498,748; Disbursed: ₹498,748; Cost ratio: 1.00; Sanction delay: 191d; Vendor HHI: 1.00",0.16584955570777096,0.8250000000000001,0.138754381494947,498748.0,498748.0,1.0,498748.0,191,0.0,2024-09-25,2025-04-04,2025-04-04,1.0,1.0,1.0,1.0,True,False,False,1.0,1.0,1.0,1.6624933333333334,0.0
WS/MP18031/2025-2026/143485,Bihar,AURANGABAD_BR,ABHAY KUMAR SINHA,Normal/Others,purchase of books for school library. sanction of five lacs of each school,Physical Inspection,Completed,0.4200264224501743,True,medium,financial,"R04,R07","This ₹498,748 work was completed in only 0 days, which is suspiciously fast for a project of this budget. 1 out of 1.0 payments (100%) fall just below statutory thresholds, suggesting potential contract splitting.","Sanction: ₹498,748; Disbursed: ₹498,748; Cost ratio: 1.00; Sanction delay: 191d; Vendor HHI: 1.00",0.16584955570777096,0.8250000000000001,0.138754381494947,498748.0,498748.0,1.0,498748.0,191,0.0,2024-09-25,2025-04-04,2025-04-04,1.0,1.0,1.0,1.0,True,False,False,1.0,1.0,1.0,1.6624933333333334,0.0
WS/MP18031/2025-2026/143484,Bihar,AURANGABAD_BR,ABHAY KUMAR SINHA,Normal/Others,purchase of books for school library. sanction of five lacs of each school,Physical Inspection,Completed,0.4200264224501743,True,medium,financial,"R04,R07","This ₹498,748 work was completed in only 0 days, which is suspiciously fast for a project of this budget. 1 out of 1.0 payments (100%) fall just below statutory thresholds, suggesting potential contract splitting.","Sanction: ₹498,748; Disbursed: ₹498,748; Cost ratio: 1.00; Sanction delay: 191d; Vendor HHI: 1.00",0.16584955570777096,0.8250000000000001,0.138754381494947,498748.0,498748.0,1.0,498748.0,191,0.0,2024-09-25,2025-04-04,2025-04-04,1.0,1.0,1.0,1.0,True,False,False,1.0,1.0,1.0,1.6624933333333334,0.0
WS/MP18031/2025-2026/143457,Bihar,AURANGABAD_BR,ABHAY KUMAR SINHA,Normal/Others,purchase of books for school library five lacs each school library,Physical Inspection,Completed,0.4200264224501743,True,medium,financial,"R04,R07","This ₹498,748 work was completed in only 0 days, which is suspiciously fast for a project of this budget. 1 out of 1.0 payments (100%) fall just below statutory thresholds, suggesting potential contract splitting.","Sanction: ₹498,748; Disbursed: ₹498,748; Cost ratio: 1.00; Sanction delay: 191d; Vendor HHI: 1.00",0.16584955570777096,0.8250000000000001,0.138754381494947,498748.0,498748.0,1.0,498748.0,191,0.0,2024-09-25,2025-04-04,2025-04-04,1.0,1.0,1.0,1.0,True,False,False,1.0,1.0,1.0,1.6624933333333334,0.0
WS/MP18031/2025-2026/143458,Bihar,AURANGABAD_BR,ABHAY KUMAR SINHA,Normal/Others,purchase of books for school library five lacs each school library,Physical Inspection,Completed,0.4200264224501743,True,medium,financial,"R04,R07","This ₹498,748 work was completed in only 0 days, which is suspiciously fast for a project of this budget. 1 out of 1.0 payments (100%) fall just below statutory thresholds, suggesting potential contract splitting.","Sanction: ₹498,748; Disbursed: ₹498,748; Cost ratio: 1.00; Sanction delay: 191d; Vendor HHI: 1.00",0.16584955570777096,0.8250000000000001,0.138754381494947,498748.0,498748.0,1.0,498748.0,191,0.0,2024-09-25,2025-04-04,2025-04-04,1.0,1.0,1.0,1.0,True,False,False,1.0,1.0,1.0,1.6624933333333334,0.0
WS/MP18031/2025-2026/143456,Bihar,AURANGABAD_BR,ABHAY KUMAR SINHA,Normal/Others,purchase of books for school library five lacs each school library,Physical Inspection,Completed,0.4200264224501743,True,medium,financial,"R04,R07","This ₹498,748 work was completed in only 0 days, which is suspiciously fast for a project of this budget. 1 out of 1.0 payments (100%) fall just below statutory thresholds, suggesting potential contract splitting.","Sanction: ₹498,748; Disbursed: ₹498,748; Cost ratio: 1.00; Sanction delay: 191d; Vendor HHI: 1.00",0.16584955570777096,0.8250000000000001,0.138754381494947,498748.0,498748.0,1.0,498748.0,191,0.0,2024-09-25,2025-04-04,2025-04-04,1.0,1.0,1.0,1.0,True,False,False,1.0,1.0,1.0,1.6624933333333334,0.0
WS/MP18031/2025-2026/143482,Bihar,AURANGABAD_BR,ABHAY KUMAR SINHA,Normal/Others,purchase of books for school library. sanction of five lacs of each school,Physical Inspection,Completed,0.4200264224501743,True,medium,financial,"R04,R07","This ₹498,748 work was completed in only 0 days, which is suspiciously fast for a project of this budget. 1 out of 1.0 payments (100%) fall just below statutory thresholds, suggesting potential contract splitting.","Sanction: ₹498,748; Disbursed: ₹498,748; Cost ratio: 1.00; Sanction delay: 191d; Vendor HHI: 1.00",0.16584955570777096,0.8250000000000001,0.138754381494947,498748.0,498748.0,1.0,498748.0,191,0.0,2024-09-25,2025-04-04,2025-04-04,1.0,1.0,1.0,1.0,True,False,False,1.0,1.0,1.0,1.6624933333333334,0.0
WS/MP18031/2025-2026/143483,Bihar,AURANGABAD_BR,ABHAY KUMAR SINHA,Normal/Others,purchase of books for school library. sanction of five lacs of each school,Physical Inspection,Completed,0.4200264224501743,True,medium,financial,"R04,R07","This ₹498,748 work was completed in only 0 days, which is suspiciously fast for a project of this budget. 1 out of 1.0 payments (100%) fall just below statutory thresholds, suggesting potential contract splitting.","Sanction: ₹498,748; Disbursed: ₹498,748; Cost ratio: 1.00; Sanction delay: 191d; Vendor HHI: 1.00",0.16584955570777096,0.8250000000000001,0.138754381494947,498748.0,498748.0,1.0,498748.0,191,0.0,2024-09-25,2025-04-04,2025-04-04,1.0,1.0,1.0,1.0,True,False,False,1.0,1.0,1.0,1.6624933333333334,0.0
WS/MP18031/2025-2026/143476,Bihar,AURANGABAD_BR,ABHAY KUMAR SINHA,Normal/Others,purchase of books for school library. sanction of rupees five lacs each school,Physical Inspection,Completed,0.4200264224501743,True,medium,financial,"R04,R07","This ₹498,748 work was completed in only 0 days, which is suspiciously fast for a project of this budget. 1 out of 1.0 payments (100%) fall just below statutory thresholds, suggesting potential contract splitting.","Sanction: ₹498,748; Disbursed: ₹498,748; Cost ratio: 1.00; Sanction delay: 191d; Vendor HHI: 1.00",0.16584955570777096,0.8250000000000001,0.138754381494947,498748.0,498748.0,1.0,498748.0,191,0.0,2024-09-25,2025-04-04,2025-04-04,1.0,1.0,1.0,1.0,True,False,False,1.0,1.0,1.0,1.6624933333333334,0.0
WS/MP18031/2025-2026/143481,Bihar,AURANGABAD_BR,ABHAY KUMAR SINHA,Normal/Others,purchase of books for school library. sanction of five lacs of each school,Physical Inspection,Completed,0.4200264224501743,True,medium,financial,"R04,R07","This ₹498,748 work was completed in only 0 days, which is suspiciously fast for a project of this budget. 1 out of 1.0 payments (100%) fall just below statutory thresholds, suggesting potential contract splitting.","Sanction: ₹498,748; Disbursed: ₹498,748; Cost ratio: 1.00; Sanction delay: 191d; Vendor HHI: 1.00",0.16584955570777096,0.8250000000000001,0.138754381494947,498748.0,498748.0,1.0,498748.0,191,0.0,2024-09-25,2025-04-04,2025-04-04,1.0,1.0,1.0,1.0,True,False,False,1.0,1.0,1.0,1.6624933333333334,0.0
WS/MP18031/2025-2026/143463,Bihar,AURANGABAD_BR,ABHAY KUMAR SINHA,Normal/Others,purchase of books for school library five lacs each school library,Physical Inspection,Completed,0.4200264224501743,True,medium,financial,"R04,R07","This ₹498,748 work was completed in only 0 days, which is suspiciously fast for a project of this budget. 1 out of 1.0 payments (100%) fall just below statutory thresholds, suggesting potential contract splitting.","Sanction: ₹498,748; Disbursed: ₹498,748; Cost ratio: 1.00; Sanction delay: 191d; Vendor HHI: 1.00",0.16584955570777096,0.8250000000000001,0.138754381494947,498748.0,498748.0,1.0,498748.0,191,0.0,2024-09-25,2025-04-04,2025-04-04,1.0,1.0,1.0,1.0,True,False,False,1.0,1.0,1.0,1.6624933333333334,0.0
WS/MP18031/2025-2026/143460,Bihar,AURANGABAD_BR,ABHAY KUMAR SINHA,Normal/Others,purchase of books for school library five lacs each school library,Physical Inspection,Completed,0.4200264224501743,True,medium,financial,"R04,R07","This ₹498,748 work was completed in only 0 days, which is suspiciously fast for a project of this budget. 1 out of 1.0 payments (100%) fall just below statutory thresholds, suggesting potential contract splitting.","Sanction: ₹498,748; Disbursed: ₹498,748; Cost ratio: 1.00; Sanction delay: 191d; Vendor HHI: 1.00",0.16584955570777096,0.8250000000000001,0.138754381494947,498748.0,498748.0,1.0,498748.0,191,0.0,2024-09-25,2025-04-04,2025-04-04,1.0,1.0,1.0,1.0,True,False,False,1.0,1.0,1.0,1.6624933333333334,0.0
WS/MP18031/2025-2026/143464,Bihar,AURANGABAD_BR,ABHAY KUMAR SINHA,Normal/Others,purchase of books for school library five lacs each school library,Physical Inspection,Completed,0.4200264224501743,True,medium,financial,"R04,R07","This ₹498,748 work was completed in only 0 days, which is suspiciously fast for a project of this budget. 1 out of 1.0 payments (100%) fall just below statutory thresholds, suggesting potential contract splitting.","Sanction: ₹498,748; Disbursed: ₹498,748; Cost ratio: 1.00; Sanction delay: 191d; Vendor HHI: 1.00",0.16584955570777096,0.8250000000000001,0.138754381494947,498748.0,498748.0,1.0,498748.0,191,0.0,2024-09-25,2025-04-04,2025-04-04,1.0,1.0,1.0,1.0,True,False,False,1.0,1.0,1.0,1.6624933333333334,0.0
WS/MP423/2024-2025/138922,West Bengal,DIAMOND HARBOUR,Shri Abhishek Banerjee,Repair and Renovation,Renovation of Two Storied Budge Budge Public Library Hall,Work partially Completed,Ongoing,0.4199546459283832,True,medium,vendor,R09,"All ₹1,276,614 of expenditure was directed to a single vendor for this large project, raising concentration risk.","Sanction: ₹1,500,000; Disbursed: ₹1,276,614; Cost ratio: 0.85; Sanction delay: 111d; Vendor HHI: 1.00",0.5773561880104181,0.5,0.2160445683593677,1500000.0,1276614.0,0.851076,,111,,2024-09-04,2024-12-24,,1.0,1.0,1.0,1.0,True,False,False,0.0,0.0,1.0,3.0100837806652283,
WS/MP18339/2024-2025/141958,Uttar Pradesh,KAISERGANJ,KARAN BHUSHAN SINGH,Normal/Others,Sr.No. 03 Interlocking work of 300 meters length from Khatranpurwa pucca road to Karanpur border.,Work partially Completed,Ongoing,0.41988084189144115,True,medium,vendor,R09,"All ₹1,564,545 of expenditure was directed to a single vendor for this large project, raising concentration risk.","Sanction: ₹1,567,000; Disbursed: ₹1,564,545; Cost ratio: 1.00; Sanction delay: 61d; Vendor HHI: 1.00",0.5808575784055742,0.5,0.21333270654299297,1567000.0,1564545.0,0.9984333120612635,,61,,2024-09-20,2024-11-20,,1.0,1.0,2.0,1.0,True,False,False,0.0,0.0,0.6002805927601954,5.223333333333334,
WS/MP664/2025-2026/146362,Maharashtra,MUMBAI SOUTH,Arvind Ganpat Sawant,Normal/Others,vishwakamal navratri utsav mandal senapati bapat marg worli community hall,Physical Inspection,Completed,0.4196726268984433,True,medium,vendor,"R04,R09","This ₹1,093,255 work was completed in only 0 days, which is suspiciously fast for a project of this budget. All ₹1,093,255 of expenditure was directed to a single vendor for this large project, raising concentration risk.","Sanction: ₹1,093,255; Disbursed: ₹1,093,255; Cost ratio: 1.00; Sanction delay: 344d; Vendor HHI: 1.00",0.25747609148834394,0.6875,0.22943886864673513,1093255.0,1093255.0,1.0,1093255.0,344,0.0,2024-10-08,2025-09-17,2025-09-17,1.0,1.0,1.0,1.0,True,False,False,0.0,0.0,1.0,3.6441833333333333,0.0
WS/MP664/2025-2026/146327,Maharashtra,MUMBAI SOUTH,Arvind Ganpat Sawant,Normal/Others,navkranti seva sangh t.j road sewri community hall,Physical Inspection,Completed,0.4196726268984433,True,medium,vendor,"R04,R09","This ₹1,094,240 work was completed in only 0 days, which is suspiciously fast for a project of this budget. All ₹1,094,240 of expenditure was directed to a single vendor for this large project, raising concentration risk.","Sanction: ₹1,094,240; Disbursed: ₹1,094,240; Cost ratio: 1.00; Sanction delay: 344d; Vendor HHI: 1.00",0.25747609148834394,0.6875,0.22943886864673513,1094240.0,1094240.0,1.0,1094240.0,344,0.0,2024-10-08,2025-09-17,2025-09-17,1.0,1.0,1.0,1.0,True,False,False,0.0,0.0,1.0,3.647466666666667,0.0
WS/MP498/2024-2025/133447,West Bengal,BALURGHAT,Dr Sukanta Majumdar,Normal/Others,Phage 2: Concrete R.C.C. bridge,Physical Inspection,Completed,0.41960187855489217,True,medium,vendor,R09,"All ₹1,602,957 of expenditure was directed to a single vendor for this large project, raising concentration risk.","Sanction: ₹1,602,957; Disbursed: ₹1,602,957; Cost ratio: 1.00; Sanction delay: 25d; Duration: 719d",0.3730864099304869,0.5,0.36094364592077277,1602957.0,1602957.0,1.0,1602957.0,25,719.0,2024-07-13,2024-08-07,2026-07-27,1.0,1.0,1.0,1.0,True,False,False,0.0,0.0,1.0,5.34319,3.1535087719298245
WS/MP681/2024-2025/144067,Maharashtra,PARBHANI,Sanjay Haribhau Jadhav,Normal/Others,"construction of cc road wakadi, tal.Mantha.",Vendor Identification,Ongoing,0.4194351148088997,True,medium,financial,R07,"1 out of 1.0 payments (100%) fall just below statutory thresholds, suggesting potential contract splitting.","Sanction: ₹500,000; Disbursed: ₹494,879; Cost ratio: 0.99; Sanction delay: 96d; Vendor HHI: 1.00",0.428596237413509,0.75,0.035103015587206965,500000.0,494879.0,0.989758,,96,,2024-10-03,2025-01-07,,1.0,1.0,1.0,1.0,True,False,False,1.0,1.0,1.0,1.6666666666666667,
WS/MP18133/2025-2026/148507,Maharashtra,SATARA,SHRIMANT CHH UDAYANRAJE PRATAPSINHAMAHARAJ BHONSLE,Normal/Others,Construction of community hall adjacent to Balsiddha Mandir,Physical Inspection,Completed,0.4192796573895746,True,medium,vendor,"R05,R09","Completed work worth ₹1,489,610 has no verification photograph attached, which is a compliance gap. All ₹1,489,610 of expenditure was directed to a single vendor for this large project, raising concentration risk.","Sanction: ₹1,500,000; Disbursed: ₹1,489,610; Cost ratio: 0.99; Sanction delay: 110d; Duration: 328d",0.5773561880103998,0.55,0.15697317253421317,1500000.0,1489610.0,0.9930733333333334,1489610.0,110,328.0,2025-01-02,2025-04-22,2026-03-16,1.0,1.0,1.0,1.0,True,True,False,0.0,0.0,1.0,5.0,1.4385964912280702
WS/MP494/2024-2025/137153,Uttar Pradesh,AGRA(SC),Prof SP Singh Baghel,Normal/Others,CC ROAD IN NAUPURA WARD 59 FROM GURU PRASAD HOUSE TO KHEM CHAND HOUSE AND BAKIL HOUSE TO OM SHANTI ASHRAM,Physical Inspection,Completed,0.41913569426798714,True,medium,vendor,R09,"All ₹2,247,147 of expenditure was directed to a single vendor for this large project, raising concentration risk.","Sanction: ₹2,247,147; Disbursed: ₹2,247,147; Cost ratio: 1.00; Sanction delay: 32d; Duration: 209d",0.5881446454680918,0.5,0.20599866543132617,2247147.0,2247147.0,1.0,2247147.0,32,209.0,2024-08-27,2024-09-28,2025-04-25,1.0,1.0,2.0,1.0,True,False,False,0.0,0.0,0.7503701359991135,7.49049,0.9166666666666666
WS/MP313/2025-2026/138689,Arunachal Pradesh,ARUNACHAL EAST,Shri Tapir Gao,Normal/Others,C/o Protection wall near ITBP camp at Etalin in Dibang Valley District,Physical Inspection,Completed,0.4190327216537367,True,medium,vendor,"R04,R05,R09","This ₹1,200,000 work was completed in only 1 days, which is suspiciously fast for a project of this budget. Completed work worth ₹1,200,000 has no verification photograph attached, which is a compliance gap. All ₹1,200,000 of expenditure was directed to a single vendor for this large project, raising concentration risk.","Sanction: ₹1,200,000; Disbursed: ₹1,200,000; Cost ratio: 1.00; Sanction delay: 310d; Duration: 1d",0.2408477024229275,0.7000000000000001,0.22520227442287089,1200000.0,1200000.0,1.0,1200000.0,310,1.0,2024-09-14,2025-07-21,2025-07-22,1.0,1.0,1.0,1.0,True,True,False,0.0,0.0,1.0,4.0,0.0043859649122807015
WS/MP18307/2025-2026/143602,Maharashtra,MUMBAI NORTH,Piyush Vedprakash Goyal,Normal/Others,Ward 47 -  Beautification work at Swatantrata Veer Savarkar Chowk Malad (West),Sanction,To Be Implemented,0.4188945799715018,True,medium,temporal,R03,"Sanction was delayed by 546 days after recommendation, far exceeding the typical processing time.","Sanction: ₹2,000,000; Sanction delay: 546d; Vendor HHI: 1.00",0.523586729025626,0.5,0.25142256490027237,2000000.0,,,,546,,2024-09-25,2026-03-25,,1.0,,,1.0,False,False,False,,,,6.666666666666667,
WS/MP18307/2025-2026/143609,Maharashtra,MUMBAI NORTH,Piyush Vedprakash Goyal,Normal/Others,"Ward 45- Construction of Toilet at Om Sai Welfare (Buddhanagar) Kaccha Road, Malvani Malad (West)",Sanction,To Be Implemented,0.4188945799715018,True,medium,temporal,R03,"Sanction was delayed by 546 days after recommendation, far exceeding the typical processing time.","Sanction: ₹2,000,000; Sanction delay: 546d; Vendor HHI: 1.00",0.523586729025626,0.5,0.25142256490027237,2000000.0,,,,546,,2024-09-25,2026-03-25,,1.0,,,1.0,False,False,False,,,,6.666666666666667,
WS/MP18307/2025-2026/143601,Maharashtra,MUMBAI NORTH,Piyush Vedprakash Goyal,Normal/Others,Ward 47 - Beautification of divider at Mith Chowk to Chincholi Bunder Chowk Link Road Malad West,Sanction,To Be Implemented,0.4188945799715018,True,medium,temporal,R03,"Sanction was delayed by 546 days after recommendation, far exceeding the typical processing time.","Sanction: ₹2,000,000; Sanction delay: 546d; Vendor HHI: 1.00",0.523586729025626,0.5,0.25142256490027237,2000000.0,,,,546,,2024-09-25,2026-03-25,,1.0,,,1.0,False,False,False,,,,6.666666666666667,
WS/MP18152/2024-2025/137615,Punjab,FARIDKOT(SC),SARABJEET SINGH KHALSA,Normal/Others,Construction of SC Dharamshala,Physical Inspection,Completed,0.4187289957504678,True,medium,statistical,,This work shows unusual patterns across multiple financial and operational metrics compared to similar works.,"Sanction: ₹500,000; Disbursed: ₹500,000; Cost ratio: 1.00; Sanction delay: 103d; Duration: 480d",0.42901723793732316,0.0,0.8899276750461057,500000.0,500000.0,1.0,500000.0,103,480.0,2024-08-29,2024-12-10,2026-04-04,0.26531130796,8.0,13.0,0.39234,False,False,False,0.0,0.0,0.12,1.6666666666666667,2.1052631578947367
WS/MP18138/2024-2025/143329,Mizoram,MIZORAM (ST),RICHARD VANLALHMANGAIHA,Normal/Others,Construction of Futsal Ground at Thingdawl,Physical Inspection,Completed,0.418666251740374,True,medium,vendor,R09,"All ₹1,500,000 of expenditure was directed to a single vendor for this large project, raising concentration risk.","Sanction: ₹1,500,000; Disbursed: ₹1,500,000; Cost ratio: 1.00; Sanction delay: 113d; Duration: 282d",0.3364960640871798,0.5,0.3844063877673688,1500000.0,1500000.0,1.0,1500000.0,113,282.0,2024-09-24,2025-01-15,2025-10-24,1.0,1.0,3.0,1.0,True,False,False,0.0,0.0,0.7,5.0,1.236842105263158
WS/MP18155/2024-2025/141713,Punjab,HOSHIARPUR(SC),DR. RAJ KUMAR CHABBEWAL,Normal/Others,Construction of Phirni,Physical Inspection,Completed,0.4186376622610572,True,medium,statistical,,This work shows unusual patterns across multiple financial and operational metrics compared to similar works.,"Sanction: ₹300,000; Disbursed: ₹300,000; Cost ratio: 1.00; Sanction delay: 4d; Duration: 413d",0.42127430557464723,0.0,0.8951973881925583,300000.0,300000.0,1.0,300000.0,4,413.0,2024-09-19,2024-09-23,2025-11-10,0.317536,4.0,13.0,0.464,False,False,False,0.0,0.0,0.095,1.0,1.8114035087719298
WS/MP745/2025-2026/138591,Tamil Nadu,TIRUPPUR,K Subbarayan,Normal/Others,Providing Highmass light at ward no.25 near Solipalayam Bus stop - Tiruppur corporation,Physical Inspection,Completed,0.4185421453181281,True,medium,temporal,R04,"This ₹535,393 work was completed in only 2 days, which is suspiciously fast for a project of this budget.","Sanction: ₹535,393; Disbursed: ₹535,393; Cost ratio: 1.00; Sanction delay: 303d; Duration: 2d",0.23067114588461266,0.75,0.17392673956278537,535393.0,535393.0,1.0,535393.0,303,2.0,2024-09-03,2025-07-03,2025-07-05,1.0,1.0,1.0,1.0,True,False,False,0.0,0.0,1.0,1.7846433333333334,0.008771929824561403
WS/MP18250/2024-2025/139002,West Bengal,BASIRHAT,SK NURUL ISLAM,Normal/Others,Installation of 5 nos. Arsenic Free Water Tank at different places under Hasnabad Block (SL.No. 1 to 5),Physical Inspection,Completed,0.41846718163542873,True,medium,vendor,R09,"All ₹1,749,119 of expenditure was directed to a single vendor for this large project, raising concentration risk.","Sanction: ₹1,750,000; Disbursed: ₹1,749,119; Cost ratio: 1.00; Sanction delay: 146d; Duration: 575d",0.42621717512135926,0.5,0.3197511081573968,1750000.0,1749119.0,0.9994965714285714,1749119.0,146,575.0,2024-09-05,2025-01-29,2026-08-27,1.0,1.0,1.0,1.0,True,False,False,0.0,0.0,1.0,5.833333333333333,2.5219298245614037
WS/MP370/2024-2025/145536,Odisha,SUNDARGARH (ST),Shri Jual Oram,Normal/Others,Const. of CC Building at Kadambahal Playground,Work Completed,Completed,0.4183650067520765,True,medium,statistical,,This work shows unusual patterns across multiple financial and operational metrics compared to similar works.,"Sanction: ₹700,000; Disbursed: ₹689,562; Cost ratio: 0.99; Sanction delay: 55d; Duration: 480d",0.5437071459410274,0.0,0.8069663436194847,700000.0,689562.0,0.9850885714285714,689562.0,55,480.0,2024-10-04,2024-11-28,2026-03-23,0.5597331442265301,7.0,10.0,0.6986492875187438,False,False,False,1.0,0.1,0.005541198615933013,2.3333333333333335,2.1052631578947367
WS/MP18220/2024-2025/147842,Uttar Pradesh,HATHRAS (SC),ANOOP PRADHAN BALMIKI,Normal/Others,Gram Ladhauli Block Iglas mai Valmiki Basti sai junior School ki taraf 190 meeter Interloking marg nirman Karya,Physical Inspection,Completed,0.4181753464359411,True,medium,vendor,"R05,R09","Completed work worth ₹1,846,202 has no verification photograph attached, which is a compliance gap. All ₹1,846,202 of expenditure was directed to a single vendor for this large project, raising concentration risk.","Sanction: ₹1,846,202; Disbursed: ₹1,846,202; Cost ratio: 1.00; Sanction delay: 25d; Duration: 75d",0.46098743722542257,0.55,0.23693853465595838,1846202.0,1846202.0,1.0,1846202.0,25,75.0,2024-10-17,2024-11-11,2025-01-25,1.0,1.0,2.0,1.0,True,True,False,0.0,0.0,0.7481749017713122,6.154006666666667,0.32894736842105265
WS/MP673/2026-2027/145234,Maharashtra,OSMANABAD,Omprakash Bhupalsinh Alias Pawan Rajenimbalkar,Normal/Others,Development of public parks Punyashlok Rajmata Ahilya Devi Holkar Chowk,Sanction,To Be Implemented,0.41812940435818796,True,medium,temporal,R03,"Sanction was delayed by 669 days after recommendation, far exceeding the typical processing time.","Sanction: ₹1,000,000; Sanction delay: 669d; Vendor HHI: 1.00",0.4196390314660283,0.5,0.3234847042619453,1000000.0,,,,669,,2024-10-03,2026-08-03,,1.0,,,1.0,False,False,False,,,,3.3333333333333335,
WS/MP673/2026-2027/145737,Maharashtra,OSMANABAD,Omprakash Bhupalsinh Alias Pawan Rajenimbalkar,Normal/Others,Development of public parks Lahuji Salve Chowk,Sanction,To Be Implemented,0.4179987145642981,True,medium,temporal,R03,"Sanction was delayed by 667 days after recommendation, far exceeding the typical processing time.","Sanction: ₹750,000; Sanction delay: 667d; Vendor HHI: 1.00",0.4191162722904689,0.5,0.3234847042619453,750000.0,,,,667,,2024-10-05,2026-08-03,,1.0,,,1.0,False,False,False,,,,2.5,
WS/MP18245/2024-2025/138743,West Bengal,ARAMBAG(SC),BAG MITALI,Normal/Others,CONSTRUCTION OF CYCLE STAND WITHIN NAKUNDA KATYAYANI HIGH SCHOOL AT NAKUNDA GP UNDER GOGHAT-I DEV. BLOCK,Physical Inspection,Completed,0.4178681137597884,True,medium,financial,R07,"1 out of 1.0 payments (100%) fall just below statutory thresholds, suggesting potential contract splitting.","Sanction: ₹500,000; Disbursed: ₹498,320; Cost ratio: 1.00; Sanction delay: 85d; Duration: 202d",0.42859524634838525,0.75,0.030626577636262864,500000.0,498320.0,0.99664,498320.0,85,202.0,2024-10-29,2025-01-22,2025-08-12,1.0,1.0,1.0,1.0,True,False,False,1.0,1.0,1.0,1.6666666666666667,0.8859649122807017
WS/MP345/2024-2025/138117,Kerala,KOLLAM,Shri NK Premachandran,Normal/Others,"Concreting of road from Ambolil Junction to Polinjambalam Junction in Mukundapuram, ward in Chavara Grama Panchayat",Work partially Completed,Ongoing,0.4178057490652789,True,medium,vendor,R09,"All ₹1,138,577 of expenditure was directed to a single vendor for this large project, raising concentration risk.","Sanction: ₹1,350,000; Disbursed: ₹1,138,577; Cost ratio: 0.84; Sanction delay: 195d; Vendor HHI: 1.00",0.5522125498877596,0.5,0.2278646045523972,1350000.0,1138577.0,0.8433903703703703,,195,,2024-09-01,2025-03-15,,1.0,1.0,1.0,1.0,True,False,False,0.0,0.0,1.0,4.5,
WS/MP18176/2024-2025/139946,Tamil Nadu,DINDIGUL,SACHITHANANTHAM R,Normal/Others,CONSTRUCTION OF Kullalagundu @ Kalladipatty ANGANWADI BUILDING,Physical Inspection,Completed,0.4177154786952315,True,medium,vendor,"R05,R09","Completed work worth ₹1,652,193 has no verification photograph attached, which is a compliance gap. All ₹1,652,193 of expenditure was directed to a single vendor for this large project, raising concentration risk.","Sanction: ₹1,652,193; Disbursed: ₹1,652,193; Cost ratio: 1.00; Sanction delay: 7d; Duration: 219d",0.39088481836963573,0.55,0.28569792600806454,1652193.0,1652193.0,1.0,1652193.0,7,219.0,2024-09-09,2024-09-16,2025-04-23,1.0,1.0,2.0,1.0,True,True,False,0.0,0.0,0.5257206633849677,5.50731,0.9605263157894737
WS/MP826/2024-2025/135715,West Bengal,DARJEELING,Raju Bista,Repair and Renovation,Repair and renovation of Ghoom Girls Primary School  Ref: Ghoom Girls Primary School,Physical Inspection,Completed,0.4176842160476898,True,medium,financial,R07,"1 out of 1.0 payments (100%) fall just below statutory thresholds, suggesting potential contract splitting.","Sanction: ₹490,768; Disbursed: ₹490,768; Cost ratio: 1.00; Sanction delay: 179d; Duration: 532d",0.15994765414925688,0.75,0.22199229288678735,490768.0,490768.0,1.0,490768.0,179,532.0,2024-08-16,2025-02-11,2026-07-28,1.0,1.0,1.0,1.0,True,False,False,1.0,1.0,1.0,0.9848351979130086,2.633663366336634
WS/MP761/2024-2025/147241,Telangana,NIZAMABAD,Arvind Dharmapuri,Normal/Others,Construction of Community hall in Bit-1,Physical Inspection,Completed,0.417562287221963,True,medium,financial,"R04,R07","This ₹492,939 work was completed in only 0 days, which is suspiciously fast for a project of this budget. 1 out of 1.0 payments (100%) fall just below statutory thresholds, suggesting potential contract splitting.","Sanction: ₹492,939; Disbursed: ₹492,939; Cost ratio: 1.00; Sanction delay: 2d; Vendor HHI: 1.00",0.1585093697110873,0.8250000000000001,0.1369569851262602,492939.0,492939.0,1.0,492939.0,2,0.0,2024-10-14,2024-10-16,2024-10-16,1.0,1.0,1.0,1.0,True,False,False,1.0,1.0,1.0,1.64313,0.0
WS/MP423/2024-2025/139241,West Bengal,DIAMOND HARBOUR,Shri Abhishek Banerjee,Normal/Others,Construction of CC Road from Loknath Medical Hall to H/O Chandan Ghosh at Bidhangarh. (150 mtr),Work partially Completed,Ongoing,0.4175232929168673,True,medium,financial,R07,"1 out of 1.0 payments (100%) fall just below statutory thresholds, suggesting potential contract splitting.","Sanction: ₹499,937; Disbursed: ₹496,993; Cost ratio: 0.99; Sanction delay: 95d; Vendor HHI: 1.00",0.4285895393588169,0.75,0.029645451649037313,499937.0,496993.0,0.9941112580185103,,95,,2024-09-05,2024-12-09,,1.0,1.0,1.0,1.0,True,False,False,1.0,1.0,1.0,1.6664566666666667,
WS/MP641/2024-2025/147444,Madhya Pradesh,KHARGONE(ST),Gajendra Singh Patel,Normal/Others,Construction of community hall in village Dasanga at Patidar Mohalla,Work Completed,Completed,0.4175182734102265,True,medium,compliance,R05,"Completed work worth ₹1,000,000 has no verification photograph attached, which is a compliance gap.","Sanction: ₹1,000,000; Disbursed: ₹1,000,000; Cost ratio: 1.00; Sanction delay: 116d; Duration: 440d",0.20847453060987345,0.5,0.47257040216502333,1000000.0,1000000.0,1.0,1000000.0,116,440.0,2024-10-15,2025-02-08,2026-04-24,1.0,1.0,3.0,1.0,True,True,False,0.0,0.0,0.5,3.3333333333333335,1.9298245614035088
WS/MP858/2024-2025/143942,West Bengal,BOLPUR(SC),Asit Kumar Mal,Normal/Others,Construction of boundary wall  and gate at mayureswar girls high school. Executing Agency will be EO Mayureswar -II Panchayat Samity.,Physical Inspection,Ongoing,0.4174099518650387,True,medium,financial,R07,"1 out of 1.0 payments (100%) fall just below statutory thresholds, suggesting potential contract splitting.","Sanction: ₹500,000; Disbursed: ₹498,605; Cost ratio: 1.00; Sanction delay: 109d; Vendor HHI: 1.00",0.4285791783709904,0.75,0.02932902077797439,500000.0,498605.0,0.99721,,109,,2024-09-27,2025-01-14,,1.0,1.0,1.0,1.0,True,False,False,1.0,1.0,1.0,1.6666666666666667,
WS/MP747/2025-2026/136700,Tamil Nadu,VIRUDHUNAGAR,Manickam Tagore B,Normal/Others,Providing RO Plant in Vadapatti village and Panchayat,Physical Inspection,Completed,0.41719673192786105,True,medium,temporal,R04,"This ₹600,000 work was completed in only 1 days, which is suspiciously fast for a project of this budget.","Sanction: ₹600,000; Disbursed: ₹600,000; Cost ratio: 1.00; Sanction delay: 290d; Duration: 1d",0.22237540741263456,0.75,0.176008228784864,600000.0,600000.0,1.0,600000.0,290,1.0,2024-09-13,2025-06-30,2025-07-01,1.0,1.0,1.0,1.0,True,False,False,0.0,0.0,1.0,2.0,0.0043859649122807015
WS/MP747/2025-2026/136699,Tamil Nadu,VIRUDHUNAGAR,Manickam Tagore B,Normal/Others,Providing RO plant in special armed reserve Police  force Complex at Anaiyur Panchayat,Physical Inspection,Completed,0.41719673192786105,True,medium,temporal,R04,"This ₹600,000 work was completed in only 1 days, which is suspiciously fast for a project of this budget.","Sanction: ₹600,000; Disbursed: ₹600,000; Cost ratio: 1.00; Sanction delay: 290d; Duration: 1d",0.22237540741263456,0.75,0.176008228784864,600000.0,600000.0,1.0,600000.0,290,1.0,2024-09-13,2025-06-30,2025-07-01,1.0,1.0,1.0,1.0,True,False,False,0.0,0.0,1.0,2.0,0.0043859649122807015
WS/MP479/2024-2025/138178,West Bengal,BISHNUPUR(SC),Saumitra khan,Normal/Others,"Installation of Solar LED Street Light with Pole (Pole- 6mtr, 18Watt, Battery- 12.8V, 24 AH Lithium Ferro Battery, Module- 75Wp Solar Panel) Total Nos. 51Nos. x 38000/- Each",Physical Inspection,Completed,0.41706689501013816,True,medium,vendor,R09,"All ₹1,734,149 of expenditure was directed to a single vendor for this large project, raising concentration risk.","Sanction: ₹1,734,149; Disbursed: ₹1,734,149; Cost ratio: 1.00; Sanction delay: 102d; Duration: 605d",0.4206542494772886,0.5,0.3197238075451886,1734149.0,1734149.0,1.0,1734149.0,102,605.0,2024-09-02,2024-12-13,2026-08-10,1.0,1.0,1.0,1.0,True,False,False,0.0,0.0,1.0,5.780496666666667,2.6535087719298245
WS/MP18006/2024-2025/141508,Andhra Pradesh,CHITTOOR,DAGGUMALLA PRASADA RAO,Normal/Others,"Renovation of SW Boys Hostel Building at P. Kothakota of Puthalapattu Mandal, Puthalapattu Constituency.",Work Completed,Completed,0.4170327158756018,True,medium,vendor,R09,"All ₹1,517,960 of expenditure was directed to a single vendor for this large project, raising concentration risk.","Sanction: ₹1,600,000; Disbursed: ₹1,517,960; Cost ratio: 0.95; Sanction delay: 7d; Duration: 150d",0.59369052834702,0.5,0.19602881082527657,1600000.0,1517960.0,0.948725,1517960.0,7,150.0,2024-09-18,2024-09-25,2025-02-22,1.0,1.0,1.0,1.0,True,False,False,0.0,0.0,1.0,5.333333333333333,0.6578947368421053
WS/MP18339/2024-2025/142002,Uttar Pradesh,KAISERGANJ,KARAN BHUSHAN SINGH,Normal/Others,Sr.No. 05 Interlocking work of 300 meters length from Pura Pathak Chandpur to Shuklanpurwa via Badhaipurwa in Gram Sabha Kondar till Shyampurwa.,Work partially Completed,Ongoing,0.41695555613918267,True,medium,vendor,R09,"All ₹1,553,669 of expenditure was directed to a single vendor for this large project, raising concentration risk.","Sanction: ₹1,556,000; Disbursed: ₹1,553,669; Cost ratio: 1.00; Sanction delay: 61d; Vendor HHI: 1.00",0.5760944717435035,0.5,0.20837696629516234,1556000.0,1553669.0,0.9985019280205656,,61,,2024-09-20,2024-11-20,,1.0,1.0,2.0,1.0,True,False,False,1.0,0.5,0.6420807778233331,5.1866666666666665,
WS/MP761/2024-2025/147238,Telangana,NIZAMABAD,Arvind Dharmapuri,Normal/Others,Construction of hall in TSRS&JC (G) Bodhan at Yedapally,Physical Inspection,Completed,0.4169414206475055,True,medium,financial,"R04,R07","This ₹494,999 work was completed in only 0 days, which is suspiciously fast for a project of this budget. 1 out of 1.0 payments (100%) fall just below statutory thresholds, suggesting potential contract splitting.","Sanction: ₹494,999; Disbursed: ₹494,999; Cost ratio: 1.00; Sanction delay: 2d; Vendor HHI: 1.00",0.1585093697110873,0.8250000000000001,0.13518308062781037,494999.0,494999.0,1.0,494999.0,2,0.0,2024-10-14,2024-10-16,2024-10-16,1.0,1.0,1.0,1.0,True,False,False,1.0,1.0,1.0,1.6499966666666666,0.0
WS/MP745/2025-2026/138565,Tamil Nadu,TIRUPPUR,K Subbarayan,Normal/Others,Providing Highmass light at ward no 24 Sathya nagar - Tiruppur corporation,Physical Inspection,Completed,0.4168878654401219,True,medium,temporal,R04,"This ₹509,737 work was completed in only 2 days, which is suspiciously fast for a project of this budget.","Sanction: ₹509,737; Disbursed: ₹509,737; Cost ratio: 1.00; Sanction delay: 303d; Duration: 2d",0.23067114588461266,0.75,0.16920022562562487,509737.0,509737.0,1.0,509737.0,303,2.0,2024-09-03,2025-07-03,2025-07-05,1.0,1.0,1.0,1.0,True,False,False,0.0,0.0,1.0,1.6991233333333333,0.008771929824561403
WS/MP745/2025-2026/138563,Tamil Nadu,TIRUPPUR,K Subbarayan,Normal/Others,Providing Highmass light at ward no-32 Golden nagar -Tiruppur corporation,Physical Inspection,Completed,0.4168878654401219,True,medium,temporal,R04,"This ₹511,070 work was completed in only 2 days, which is suspiciously fast for a project of this budget.","Sanction: ₹511,070; Disbursed: ₹511,070; Cost ratio: 1.00; Sanction delay: 303d; Duration: 2d",0.23067114588461266,0.75,0.16920022562562487,511070.0,511070.0,1.0,511070.0,303,2.0,2024-09-03,2025-07-03,2025-07-05,1.0,1.0,1.0,1.0,True,False,False,0.0,0.0,1.0,1.7035666666666667,0.008771929824561403
WS/MP18158/2024-2025/141777,Punjab,PATIALA,DR DHARAMVIRA GANDHI,Normal/Others,Construction of two female toilets in Freedom Fighter Ujagar Singh Govt High Smart School Nardu,Physical Inspection,Completed,0.4167722899263925,True,medium,statistical,,This work shows unusual patterns across multiple financial and operational metrics compared to similar works.,"Sanction: ₹150,000; Disbursed: ₹150,000; Cost ratio: 1.00; Sanction delay: 120d; Duration: 200d",0.4335855734523657,0.0,0.8810739901808602,150000.0,150000.0,1.0,150000.0,120,200.0,2024-09-19,2025-01-17,2025-08-05,0.17650103457777777,9.0,16.0,0.26086,False,False,False,0.0,0.0,0.18091333333333334,0.5,0.8771929824561403
WS/MP18241/2024-2025/145271,Uttar Pradesh,SITAPUR,RAKESH RATHOR,Normal/Others,NASIMUDDIN K MAKAN SE CHEDIPURWA GAON MAI DOCTOR DESHARAJ K MAKAN TAK 189 METER INTERLOCKING AND NALI NIRMAN KARYA.,Physical Inspection,Completed,0.41652457276059024,True,medium,vendor,"R05,R09","Completed work worth ₹1,769,050 has no verification photograph attached, which is a compliance gap. All ₹1,769,050 of expenditure was directed to a single vendor for this large project, raising concentration risk.","Sanction: ₹1,769,050; Disbursed: ₹1,769,050; Cost ratio: 1.00; Sanction delay: 92d; Duration: 374d",0.43330233920655287,0.55,0.2519971084541486,1769050.0,1769050.0,1.0,1769050.0,92,374.0,2024-10-03,2025-01-03,2026-01-12,1.0,1.0,2.0,1.0,True,True,False,0.0,0.0,0.8107956247703569,5.896833333333333,1.6403508771929824
WS/MP761/2024-2025/144933,Telangana,NIZAMABAD,Arvind Dharmapuri,Normal/Others,Construction of CC drains with culverts from Narayana(H) to Chandrunaik (H) in Srisai laxmi nagar,Physical Inspection,Completed,0.4162389057990775,True,medium,financial,"R04,R07","This ₹495,000 work was completed in only 1 days, which is suspiciously fast for a project of this budget. 1 out of 1.0 payments (100%) fall just below statutory thresholds, suggesting potential contract splitting.","Sanction: ₹495,000; Disbursed: ₹495,000; Cost ratio: 1.00; Sanction delay: 2d; Duration: 1d",0.1585093697110873,0.8250000000000001,0.13317589534658758,495000.0,495000.0,1.0,495000.0,2,1.0,2024-10-01,2024-10-03,2024-10-04,1.0,1.0,1.0,1.0,True,False,False,1.0,1.0,1.0,1.65,0.0043859649122807015
WS/MP761/2024-2025/144916,Telangana,NIZAMABAD,Arvind Dharmapuri,Normal/Others,Construction of CC Drains and Culverts from Chandru Naik (H) to Sai Kiranam in Sri Sailaxmi nagar,Physical Inspection,Completed,0.4161601869957003,True,medium,financial,"R04,R07","This ₹495,000 work was completed in only 0 days, which is suspiciously fast for a project of this budget. 1 out of 1.0 payments (100%) fall just below statutory thresholds, suggesting potential contract splitting.","Sanction: ₹495,000; Disbursed: ₹495,000; Cost ratio: 1.00; Sanction delay: 3d; Vendor HHI: 1.00",0.15803326953939828,0.8250000000000001,0.1332910560310019,495000.0,495000.0,1.0,495000.0,3,0.0,2024-10-01,2024-10-04,2024-10-04,1.0,1.0,1.0,1.0,True,False,False,1.0,1.0,1.0,1.65,0.0
WS/MP18227/2024-2025/148291,Uttar Pradesh,LALGANJ (SC),DAROGA PRASAD SAROJ,Normal/Others,Class room ka nirmad kary,Vendor Identification,Ongoing,0.41615594615275847,True,medium,financial,R07,"1 out of 1.0 payments (100%) fall just below statutory thresholds, suggesting potential contract splitting.","Sanction: ₹500,000; Disbursed: ₹498,747; Cost ratio: 1.00; Sanction delay: 95d; Vendor HHI: 1.00",0.4285258238311527,0.75,0.025784257699914992,500000.0,498747.0,0.997494,,95,,2024-10-18,2025-01-21,,1.0,1.0,1.0,1.0,True,False,False,1.0,1.0,1.0,1.6666666666666667,
WS/MP423/2024-2025/139235,West Bengal,DIAMOND HARBOUR,Shri Abhishek Banerjee,Normal/Others,Construction of CC Road from H/O Mojammal to H/O Hakim Molla via H/O Kalam to H/O Sekh Hablu at Haldar Para. (120 mtr),Work partially Completed,Ongoing,0.41613295829446484,True,medium,financial,R07,"1 out of 1.0 payments (100%) fall just below statutory thresholds, suggesting potential contract splitting.","Sanction: ₹499,989; Disbursed: ₹498,819; Cost ratio: 1.00; Sanction delay: 95d; Vendor HHI: 1.00",0.42843387239797814,0.75,0.025784257699914992,499989.0,498819.0,0.9976599485188674,,95,,2024-09-05,2024-12-09,,1.0,1.0,1.0,1.0,True,False,False,1.0,1.0,1.0,1.66663,
WS/MP393/2024-2025/144135,Tamil Nadu,SIVAGANGA,Shri Karti P Chidambaram,Normal/Others,"(MP LADS 2022 -23) Construction of Paver Block Road in Indra Nagar in Thotiyampatti Village, Thotiyampatti Panchayat",Physical Inspection,Completed,0.41600613615107923,True,medium,financial,"R04,R07","This ₹499,315 work was completed in only 3 days, which is suspiciously fast for a project of this budget. 1 out of 1.0 payments (100%) fall just below statutory thresholds, suggesting potential contract splitting.","Sanction: ₹499,315; Disbursed: ₹499,315; Cost ratio: 1.00; Duration: 3d; Vendor HHI: 1.00",0.15946656380811236,0.8250000000000001,0.13182712914014594,499315.0,499315.0,1.0,499315.0,0,3.0,2024-10-04,2024-10-04,2024-10-07,1.0,1.0,1.0,1.0,True,False,False,1.0,1.0,1.0,1.6643833333333333,0.013157894736842105
WS/MP423/2024-2025/139234,West Bengal,DIAMOND HARBOUR,Shri Abhishek Banerjee,Normal/Others,"Construction of CC Road from H/O Arun Shaw to H/O Sarvan Shaw via Shankar Dhanuk Gally, T.G Road. (215 mtr)",Work partially Completed,Ongoing,0.41594467930865264,True,medium,financial,R07,"1 out of 1.0 payments (100%) fall just below statutory thresholds, suggesting potential contract splitting.","Sanction: ₹499,946; Disbursed: ₹497,996; Cost ratio: 1.00; Sanction delay: 95d; Vendor HHI: 1.00",0.42859042946352904,0.75,0.02513449126505818,499946.0,497996.0,0.9960995787545055,,95,,2024-09-05,2024-12-09,,1.0,1.0,1.0,1.0,True,False,False,1.0,1.0,1.0,1.6664866666666667,
WS/MP18404/2024-2025/144132,Uttar Pradesh,NAGINA(SC),CHANDRA SHEKHAR,Normal/Others,"CONSTRUCTION OF CC ROAD AND DRAIN FROM MAUSAM'S HOUSE TO THE EIDGAH IN THE VILLAGE OF MIRZAPUR PALLA, BLOCK ALLEHPUR (Provincial Co-operative Construction and Development Ltd., Bijnor).",Physical Inspection,Completed,0.41588766242036324,True,medium,vendor,R09,"All ₹1,935,889 of expenditure was directed to a single vendor for this large project, raising concentration risk.","Sanction: ₹1,935,889; Disbursed: ₹1,935,889; Cost ratio: 1.00; Sanction delay: 39d; Duration: 441d",0.4923171606154811,0.5,0.26516677790426557,1935889.0,1935889.0,1.0,1935889.0,39,441.0,2024-09-28,2024-11-06,2026-01-21,1.0,1.0,2.0,1.0,True,False,False,1.0,0.5,0.7502589249693552,6.452963333333333,1.9342105263157894
WS/MP18186/2025-2026/141738,Tamil Nadu,TIRUVALLUR(SC),Sasikanth Senthil,Normal/Others,Providng CC Road @ Perumalpattu Radhakrishnan Nagar  to Railway station Sub way and   25 Veppampattu Ramakrishna Nagar  in Tiruvallur  Block.,Physical Inspection,Completed,0.4158216143262316,True,medium,vendor,"R05,R09","Completed work worth ₹1,996,468 has no verification photograph attached, which is a compliance gap. All ₹1,996,468 of expenditure was directed to a single vendor for this large project, raising concentration risk.","Sanction: ₹1,996,468; Disbursed: ₹1,996,468; Cost ratio: 1.00; Sanction delay: 221d; Duration: 58d",0.5127154105612268,0.55,0.19326503338835677,1996468.0,1996468.0,1.0,1996468.0,221,58.0,2024-09-19,2025-04-28,2025-06-25,1.0,1.0,1.0,1.0,True,True,False,0.0,0.0,1.0,6.654893333333334,0.2543859649122807
WS/MP18006/2024-2025/139528,Andhra Pradesh,CHITTOOR,DAGGUMALLA PRASADA RAO,Normal/Others,"Construction of Compound Wall and Burning Shed for Burial Ground in Krishnapuram Village of Ammapalle (GP), Karvetinagaram Mandal of GD Nellore Constituency",Work Completed,Completed,0.41577269504156217,True,medium,financial,R07,"1 out of 1.0 payments (100%) fall just below statutory thresholds, suggesting potential contract splitting.","Sanction: ₹500,000; Disbursed: ₹499,321; Cost ratio: 1.00; Sanction delay: 31d; Duration: 213d",0.41108436879465254,0.75,0.037147436693997116,500000.0,499321.0,0.998642,499321.0,31,213.0,2024-09-06,2024-10-07,2025-05-08,1.0,1.0,1.0,1.0,True,False,False,1.0,1.0,1.0,1.6666666666666667,0.9342105263157895
WS/MP341/2024-2025/141427,Karnataka,BANGALORE SOUTH,Shri LS Tejasvi Surya,Normal/Others,"Purchase of Furniture for Government Higher Primary School located in Sunkenahalli, Hanumantanagar Ward, Basavanagudi Assembly Constituency, Bengaluru South",Physical Inspection,Completed,0.415741640292045,True,medium,financial,"R04,R07","This ₹499,500 work was completed in only 1 days, which is suspiciously fast for a project of this budget. 1 out of 1.0 payments (100%) fall just below statutory thresholds, suggesting potential contract splitting.","Sanction: ₹499,500; Disbursed: ₹499,500; Cost ratio: 1.00; Sanction delay: 181d; Duration: 1d",0.16091481181465483,0.8250000000000001,0.13003696382394647,499500.0,499500.0,1.0,499500.0,181,1.0,2024-09-17,2025-03-17,2025-03-18,1.0,1.0,1.0,1.0,True,False,False,1.0,1.0,1.0,1.665,0.0043859649122807015
WS/MP341/2024-2025/141426,Karnataka,BANGALORE SOUTH,Shri LS Tejasvi Surya,Normal/Others,"Installation of Smart TV at Government Higher Primary School located in Sunkenahalli, Hanumantanagar Ward, Basavanagudi Assembly Constituency, Bengaluru South",Physical Inspection,Completed,0.4154835628235507,True,medium,financial,"R04,R07","This ₹498,000 work was completed in only 1 days, which is suspiciously fast for a project of this budget. 1 out of 1.0 payments (100%) fall just below statutory thresholds, suggesting potential contract splitting.","Sanction: ₹498,000; Disbursed: ₹498,000; Cost ratio: 1.00; Sanction delay: 181d; Duration: 1d",0.16091481181465483,0.8250000000000001,0.12929959962824833,498000.0,498000.0,1.0,498000.0,181,1.0,2024-09-17,2025-03-17,2025-03-18,1.0,1.0,1.0,1.0,True,False,False,1.0,1.0,1.0,1.66,0.0043859649122807015
WS/MP761/2024-2025/145003,Telangana,NIZAMABAD,Arvind Dharmapuri,Normal/Others,"Construction of Boundary Wall to PACS Godown, Hunsa",Physical Inspection,Completed,0.4154337487545332,True,medium,financial,"R04,R07","This ₹492,446 work was completed in only 0 days, which is suspiciously fast for a project of this budget. 1 out of 1.0 payments (100%) fall just below statutory thresholds, suggesting potential contract splitting.","Sanction: ₹492,446; Disbursed: ₹492,446; Cost ratio: 1.00; Sanction delay: 7d; Vendor HHI: 1.00",0.15614555256389798,0.8250000000000001,0.13256388746731051,492446.0,492446.0,1.0,492446.0,7,0.0,2024-10-01,2024-10-08,2024-10-08,1.0,1.0,1.0,1.0,True,False,False,1.0,1.0,1.0,1.6414866666666668,0.0
WS/MP761/2024-2025/144956,Telangana,NIZAMABAD,Arvind Dharmapuri,Normal/Others,Construction of Community Hall,Physical Inspection,Completed,0.4154337487545332,True,medium,financial,"R04,R07","This ₹486,885 work was completed in only 0 days, which is suspiciously fast for a project of this budget. 1 out of 1.0 payments (100%) fall just below statutory thresholds, suggesting potential contract splitting.","Sanction: ₹486,885; Disbursed: ₹486,885; Cost ratio: 1.00; Sanction delay: 7d; Vendor HHI: 1.00",0.15614555256389798,0.8250000000000001,0.13256388746731051,486885.0,486885.0,1.0,486885.0,7,0.0,2024-10-01,2024-10-08,2024-10-08,1.0,1.0,1.0,1.0,True,False,False,1.0,1.0,1.0,1.62295,0.0
WS/MP745/2025-2026/141243,Tamil Nadu,TIRUPPUR,K Subbarayan,Normal/Others,"ward no 14th, arulmiku sri maakaliyamman kovil at tiruppur corpration",Physical Inspection,Completed,0.41522914211906004,True,medium,temporal,R04,"This ₹532,984 work was completed in only 2 days, which is suspiciously fast for a project of this budget.","Sanction: ₹532,984; Disbursed: ₹532,984; Cost ratio: 1.00; Sanction delay: 290d; Duration: 2d",0.22237540741263456,0.75,0.170386543616861,532984.0,532984.0,1.0,532984.0,290,2.0,2024-09-16,2025-07-03,2025-07-05,1.0,1.0,1.0,1.0,True,False,False,0.0,0.0,1.0,1.7766133333333334,0.008771929824561403
WS/MP740/2025-2026/140342,Tamil Nadu,NILGIRIS(SC),Andimuthu Raja,Normal/Others,Construction of PD Shop Building in Kempanaickenpalayam Town Panchayat(Ward No. 3),Physical Inspection,Completed,0.4151015629804474,True,medium,vendor,"R04,R09","This ₹1,300,000 work was completed in only 2 days, which is suspiciously fast for a project of this budget. All ₹1,300,000 of expenditure was directed to a single vendor for this large project, raising concentration risk.","Sanction: ₹1,300,000; Disbursed: ₹1,300,000; Cost ratio: 1.00; Sanction delay: 265d; Duration: 2d",0.26982179339937346,0.6875,0.2075603275160115,1300000.0,1300000.0,1.0,1300000.0,265,2.0,2024-09-11,2025-06-03,2025-06-05,1.0,1.0,1.0,1.0,True,False,False,0.0,0.0,1.0,4.333333333333333,0.008771929824561403
WS/MP18007/2025-2026/137077,Andhra Pradesh,ELURU,Putta Mahesh Kumar,Normal/Others,Providing Laboratory equipment to Physical Science/Biological Science/Mathematics and Social Studies.,Physical Inspection,Completed,0.4150251530602665,True,medium,temporal,R04,"This ₹400,000 work was completed in only 0 days, which is suspiciously fast for a project of this budget.","Sanction: ₹400,000; Disbursed: ₹400,000; Cost ratio: 1.00; Sanction delay: 291d; Vendor HHI: 1.00",0.2232658828609403,0.75,0.1691676638429468,400000.0,400000.0,1.0,400000.0,291,0.0,2024-08-26,2025-06-13,2025-06-13,1.0,1.0,1.0,1.0,True,False,False,0.0,0.0,1.0,1.3333333333333333,0.0
WS/MP745/2025-2026/141300,Tamil Nadu,TIRUPPUR,K Subbarayan,Normal/Others,"ward no 10th,aaththuppalaiyam road near at tiruppur corpration",Physical Inspection,Completed,0.41501598287168173,True,medium,temporal,R04,"This ₹527,747 work was completed in only 1 days, which is suspiciously fast for a project of this budget.","Sanction: ₹527,747; Disbursed: ₹527,747; Cost ratio: 1.00; Sanction delay: 288d; Duration: 1d",0.22111148137094055,0.75,0.170680321511276,527747.0,527747.0,1.0,527747.0,288,1.0,2024-09-16,2025-07-01,2025-07-02,1.0,1.0,1.0,1.0,True,False,False,0.0,0.0,1.0,1.7591566666666667,0.0043859649122807015
WS/MP745/2025-2026/141246,Tamil Nadu,TIRUPPUR,K Subbarayan,Normal/Others,"ward no 18th, katta pomman nagar near main road at tiruppuur corpration",Physical Inspection,Completed,0.4149478192258457,True,medium,temporal,R04,"This ₹526,591 work was completed in only 2 days, which is suspiciously fast for a project of this budget.","Sanction: ₹526,591; Disbursed: ₹526,591; Cost ratio: 1.00; Sanction delay: 290d; Duration: 2d",0.22237540741263456,0.75,0.16958276392196303,526591.0,526591.0,1.0,526591.0,290,2.0,2024-09-16,2025-07-03,2025-07-05,1.0,1.0,1.0,1.0,True,False,False,0.0,0.0,1.0,1.7553033333333334,0.008771929824561403
WS/MP761/2024-2025/146606,Telangana,NIZAMABAD,Arvind Dharmapuri,Normal/Others,Construction of Community hall in Reddy Colony,Physical Inspection,Completed,0.41493332187038956,True,medium,financial,"R04,R07","This ₹494,999 work was completed in only 0 days, which is suspiciously fast for a project of this budget. 1 out of 1.0 payments (100%) fall just below statutory thresholds, suggesting potential contract splitting.","Sanction: ₹494,999; Disbursed: ₹494,999; Cost ratio: 1.00; Sanction delay: 6d; Vendor HHI: 1.00",0.15661497625739762,0.8250000000000001,0.13079879373154313,494999.0,494999.0,1.0,494999.0,6,0.0,2024-10-10,2024-10-16,2024-10-16,1.0,1.0,1.0,1.0,True,False,False,1.0,1.0,1.0,1.6499966666666666,0.0
WS/MP584/2024-2025/136561,Gujarat,KACHCHH(SC),Vinod Chavda,Normal/Others,Bhuj talukana bhuj shaerana lalan college open air theaterni dabi bajuma comman work shed,Physical Inspection,Completed,0.41486104645806654,True,medium,financial,"R04,R07","This ₹481,921 work was completed in only 0 days, which is suspiciously fast for a project of this budget. 1 out of 1.0 payments (100%) fall just below statutory thresholds, suggesting potential contract splitting.","Sanction: ₹481,921; Disbursed: ₹481,921; Cost ratio: 1.00; Sanction delay: 175d; Vendor HHI: 1.00",0.15803326953939828,0.8250000000000001,0.12957922592347693,481921.0,481921.0,1.0,481921.0,175,0.0,2024-08-21,2025-02-12,2025-02-12,1.0,1.0,1.0,1.0,True,False,False,1.0,1.0,1.0,1.6064033333333334,0.0
WS/MP577/2025-2026/140715,Gujarat,DAHOD(ST),Jaswantsinh Sumanbhai Bhabhor,Normal/Others,patwan game sarkari dukan thi ved faliya sudhi   gatar line nu kam,Physical Inspection,Completed,0.4148536759679949,True,medium,financial,"R03,R07","Sanction was delayed by 379 days after recommendation, far exceeding the typical processing time. 1 out of 1.0 payments (100%) fall just below statutory thresholds, suggesting potential contract splitting.","Sanction: ₹478,000; Disbursed: ₹478,000; Cost ratio: 1.00; Sanction delay: 379d; Duration: 324d",0.2808365565789309,0.6875,0.1989843909236062,478000.0,478000.0,1.0,478000.0,379,324.0,2024-09-20,2025-10-04,2026-08-24,1.0,1.0,1.0,1.0,True,False,False,1.0,1.0,1.0,1.5933333333333333,1.4210526315789473
WS/MP761/2024-2025/144935,Telangana,NIZAMABAD,Arvind Dharmapuri,Normal/Others,Construction of Compound wall to existing community hall near Peddamma Temple,Physical Inspection,Completed,0.41481596594701464,True,medium,financial,"R04,R07","This ₹495,000 work was completed in only 0 days, which is suspiciously fast for a project of this budget. 1 out of 1.0 payments (100%) fall just below statutory thresholds, suggesting potential contract splitting.","Sanction: ₹495,000; Disbursed: ₹495,000; Cost ratio: 1.00; Sanction delay: 7d; Vendor HHI: 1.00",0.15614555256389798,0.8250000000000001,0.13079879373154313,495000.0,495000.0,1.0,495000.0,7,0.0,2024-10-01,2024-10-08,2024-10-08,1.0,1.0,1.0,1.0,True,False,False,1.0,1.0,1.0,1.65,0.0
WS/MP761/2024-2025/144960,Telangana,NIZAMABAD,Arvind Dharmapuri,Normal/Others,Construction of Community Hal in SC Wada,Physical Inspection,Completed,0.4147333184322144,True,medium,financial,"R04,R07","This ₹491,636 work was completed in only 1 days, which is suspiciously fast for a project of this budget. 1 out of 1.0 payments (100%) fall just below statutory thresholds, suggesting potential contract splitting.","Sanction: ₹491,636; Disbursed: ₹491,636; Cost ratio: 1.00; Sanction delay: 7d; Duration: 1d",0.15614555256389798,0.8250000000000001,0.1305626579749709,491636.0,491636.0,1.0,491636.0,7,1.0,2024-10-01,2024-10-08,2024-10-09,1.0,1.0,1.0,1.0,True,False,False,1.0,1.0,1.0,1.6387866666666666,0.0043859649122807015
WS/MP18173/2025-2026/137910,Tamil Nadu,ARANI,THARANIVENTHAN M S,Normal/Others,Construction Threshing Floor at Arasoor Panchayat,Physical Inspection,Completed,0.414672065059689,True,medium,temporal,R04,"This ₹598,966 work was completed in only 1 days, which is suspiciously fast for a project of this budget.","Sanction: ₹598,966; Disbursed: ₹598,966; Cost ratio: 1.00; Sanction delay: 280d; Duration: 1d",0.21609238712391074,0.75,0.1732827665106037,598966.0,598966.0,1.0,598966.0,280,1.0,2024-09-05,2025-06-12,2025-06-13,1.0,1.0,1.0,1.0,True,False,False,0.0,0.0,1.0,1.9965533333333334,0.0043859649122807015
WS/MP577/2025-2026/140714,Gujarat,DAHOD(ST),Jaswantsinh Sumanbhai Bhabhor,Normal/Others,patwan game mavi  faliya sarvajanik kuva nu kam,Physical Inspection,Completed,0.4144397807898693,True,medium,financial,"R03,R07","Sanction was delayed by 379 days after recommendation, far exceeding the typical processing time. 1 out of 1.0 payments (100%) fall just below statutory thresholds, suggesting potential contract splitting.","Sanction: ₹489,000; Disbursed: ₹489,000; Cost ratio: 1.00; Sanction delay: 379d; Duration: 324d",0.2808365565789309,0.6875,0.19780183327181877,489000.0,489000.0,1.0,489000.0,379,324.0,2024-09-20,2025-10-04,2026-08-24,1.0,1.0,1.0,1.0,True,False,False,1.0,1.0,1.0,1.63,1.4210526315789473
WS/MP18253/2024-2025/140134,West Bengal,MATHURAPUR(SC),BAPI HALDAR,Normal/Others,CONSTRUCTION OF CC ROAD FROM HALDER PARA MOSJID TO SHIULIPARA BATHING GHAT,Physical Inspection,Completed,0.41437101584668606,True,medium,financial,R07,"1 out of 1.0 payments (100%) fall just below statutory thresholds, suggesting potential contract splitting.","Sanction: ₹249,969; Disbursed: ₹249,484; Cost ratio: 1.00; Sanction delay: 86d; Duration: 174d",0.41286485843223086,0.75,0.03187086068179512,249969.0,249484.0,0.9980597594101669,249484.0,86,174.0,2024-09-15,2024-12-10,2025-06-02,1.0,1.0,1.0,1.0,True,False,False,1.0,1.0,1.0,0.83323,0.7631578947368421
WS/MP584/2024-2025/136562,Gujarat,KACHCHH(SC),Vinod Chavda,Normal/Others,Bhuj talukana bhuj shaerana lalan college open air theaterni jamani bajuma comman work shed,Physical Inspection,Completed,0.41432737261376595,True,medium,financial,"R04,R07","This ₹479,928 work was completed in only 0 days, which is suspiciously fast for a project of this budget. 1 out of 1.0 payments (100%) fall just below statutory thresholds, suggesting potential contract splitting.","Sanction: ₹479,928; Disbursed: ₹479,928; Cost ratio: 1.00; Sanction delay: 175d; Vendor HHI: 1.00",0.15803326953939828,0.8250000000000001,0.12805444351118955,479928.0,479928.0,1.0,479928.0,175,0.0,2024-08-21,2025-02-12,2025-02-12,1.0,1.0,1.0,1.0,True,False,False,1.0,1.0,1.0,1.59976,0.0
WS/MP18065/2024-2025/134434,Haryana,ROHTAK,DEEPENDER SINGH HOODA,Normal/Others,Const. of Chabutra Kadyan Khop and Repair of Boundry wall in Gram Panchayat Chimni,Physical Inspection,Completed,0.4138905768161997,True,medium,financial,R10,"92% of total funds were disbursed in the first payment, despite having 2.0 total payments, indicating excessive upfront payment.","Sanction: ₹493,629; Disbursed: ₹493,629; Cost ratio: 1.00; Sanction delay: 98d; Duration: 121d",0.14177000966795944,0.75,0.22413735542631363,493629.0,493629.0,1.0,493629.0,98,121.0,2024-07-30,2024-11-05,2025-03-06,1.0,1.0,2.0,1.0,True,False,False,0.0,0.0,0.923728144010988,1.64543,0.5307017543859649
WS/MP18161/2024-2025/138110,Rajasthan,BHARATPUR(SC),SANJNA JATAV,Normal/Others,CC interlocking eat kharanja  Nirman karya mein sadak se Sundar master wali gali Avam vibhinn galiyon ke liye pipla work agency GP peepla,Work Completed,Completed,0.4138756966702546,True,medium,statistical,,This work shows unusual patterns across multiple financial and operational metrics compared to similar works.,"Sanction: ₹500,000; Disbursed: ₹498,803; Cost ratio: 1.00; Sanction delay: 102d; Duration: 70d",0.46859719363618185,0.0,0.8477897093177403,500000.0,498803.0,0.997606,498803.0,102,70.0,2024-09-01,2024-12-12,2025-02-20,0.7692156428254644,17.0,17.0,0.8763920826458542,False,False,False,0.0,0.0,0.8763920826458542,1.6666666666666667,0.30701754385964913
WS/MP761/2024-2025/146434,Telangana,NIZAMABAD,Arvind Dharmapuri,Normal/Others,Construction of Community hall in SC Madiga Colony at Arapet 5th ward Metpally,Physical Inspection,Completed,0.41385003607212284,True,medium,financial,"R04,R07","This ₹249,579 work was completed in only 6 days, which is suspiciously fast for a project of this budget. 1 out of 1.0 payments (100%) fall just below statutory thresholds, suggesting potential contract splitting.","Sanction: ₹249,579; Disbursed: ₹249,579; Cost ratio: 1.00; Sanction delay: 6d; Duration: 6d",0.15679875957679526,0.8250000000000001,0.1275724176512113,249579.0,249579.0,1.0,249579.0,6,6.0,2024-10-09,2024-10-15,2024-10-21,1.0,1.0,1.0,1.0,True,False,False,1.0,1.0,1.0,0.83193,0.02631578947368421
WS/MP761/2024-2025/144936,Telangana,NIZAMABAD,Arvind Dharmapuri,Normal/Others,Construction of Metal road near Palda Cheruvu katta,Physical Inspection,Completed,0.4135571416670514,True,medium,financial,"R04,R07","This ₹482,222 work was completed in only 2 days, which is suspiciously fast for a project of this budget. 1 out of 1.0 payments (100%) fall just below statutory thresholds, suggesting potential contract splitting.","Sanction: ₹482,222; Disbursed: ₹482,222; Cost ratio: 1.00; Sanction delay: 6d; Duration: 2d",0.15661497625739762,0.8250000000000001,0.12686685029343392,482222.0,482222.0,1.0,482222.0,6,2.0,2024-10-01,2024-10-07,2024-10-09,1.0,1.0,1.0,1.0,True,False,False,1.0,1.0,1.0,1.6074066666666667,0.008771929824561403
WS/MP18155/2024-2025/141704,Punjab,HOSHIARPUR(SC),DR. RAJ KUMAR CHABBEWAL,Normal/Others,Construction of Streets & Drains,Physical Inspection,Completed,0.41327029014011707,True,medium,statistical,,This work shows unusual patterns across multiple financial and operational metrics compared to similar works.,"Sanction: ₹200,000; Disbursed: ₹200,000; Cost ratio: 1.00; Sanction delay: 4d; Duration: 499d",0.45017177509360706,0.0,0.8592209896191866,200000.0,200000.0,1.0,200000.0,4,499.0,2024-09-19,2024-09-23,2026-02-04,0.2422125,5.0,9.0,0.2875,False,False,False,0.0,0.0,0.0775,0.6666666666666666,2.18859649122807
WS/MP716/2024-2025/141390,Punjab,BHATINDA,Smt Harsimrat Kaur Badal,Normal/Others,Drainage Channel,Physical Inspection,Completed,0.41311636609518004,True,medium,statistical,,This work shows unusual patterns across multiple financial and operational metrics compared to similar works.,"Sanction: ₹500,000; Disbursed: ₹500,000; Cost ratio: 1.00; Sanction delay: 52d; Duration: 198d",0.41082484068068403,0.0,0.8868861597857401,500000.0,500000.0,1.0,500000.0,52,198.0,2024-09-17,2024-11-08,2025-05-25,0.37338110719999995,3.0,20.0,0.47,False,False,False,0.0,0.0,0.0708,1.6666666666666667,0.868421052631579
WS/MP18323/2025-2026/146716,Maharashtra,LATUR(SC),DR KALGE SHIVAJI BANDAPPA,Normal/Others,"Construction of cement road from Mohsin Sheikh's house, Gafar Sheikh's house to Pasha Attar's house at Pangaon, Tq.Renapur",Work Completed,Completed,0.41305966424483925,True,medium,temporal,R03,"Sanction was delayed by 533 days after recommendation, far exceeding the typical processing time.","Sanction: ₹797,573; Disbursed: ₹797,573; Cost ratio: 1.00; Sanction delay: 533d; Duration: 17d",0.37031425243952515,0.5,0.3442317175284514,797573.0,797573.0,1.0,797573.0,533,17.0,2024-10-10,2026-03-27,2026-04-13,1.0,1.0,1.0,1.0,True,False,False,0.0,0.0,1.0,2.658576666666667,0.07456140350877193
WS/MP18155/2024-2025/141710,Punjab,HOSHIARPUR(SC),DR. RAJ KUMAR CHABBEWAL,Normal/Others,Construction of Streets,Physical Inspection,Completed,0.41296079711997213,True,medium,statistical,,This work shows unusual patterns across multiple financial and operational metrics compared to similar works.,"Sanction: ₹200,000; Disbursed: ₹200,000; Cost ratio: 1.00; Sanction delay: 4d; Duration: 467d",0.46485327288178235,0.0,0.8478499397129331,200000.0,200000.0,1.0,200000.0,4,467.0,2024-09-19,2024-09-23,2026-01-03,0.25866173415,5.0,9.0,0.315005,False,False,False,0.0,0.0,0.021,0.6666666666666666,2.0482456140350878
WS/MP632/2026-2027/134591,Kerala,PATHANAMTHITTA,Anto Antony,Normal/Others,Providing Furniture to Government LP School Gavi in Seethathodu Grama Panchayat.,Sanction,To Be Implemented,0.4122194208703377,True,medium,temporal,R03,"Sanction was delayed by 657 days after recommendation, far exceeding the typical processing time.","Sanction: ₹96,734; Sanction delay: 657d; Vendor HHI: 1.00",0.4164208133770284,0.5,0.3088977643602302,96734.0,,,,657,,2024-09-20,2026-07-09,,1.0,,,1.0,False,False,False,,,,0.32244666666666666,
WS/MP18311/2024-2025/143656,Punjab,ANANDPUR SAHIB,MALVINDER SINGH KANG,Normal/Others,Construction of community center at village Nurpur Kalan,Work partially Completed,Ongoing,0.4117956540599347,True,medium,statistical,,This work shows unusual patterns across multiple financial and operational metrics compared to similar works.,"Sanction: ₹700,000; Disbursed: ₹503,751; Cost ratio: 0.72; Sanction delay: 24d; Vendor HHI: 0.78",0.4641143488630621,0.0,0.8450487624119118,700000.0,503751.0,0.7196442857142857,,24,,2024-10-28,2024-11-21,,0.7829763348447326,2.0,11.0,0.8761491292324978,False,False,False,5.0,0.45454545454545453,0.0986598537769652,2.3333333333333335,
WS/MP858/2024-2025/143943,West Bengal,BOLPUR(SC),Asit Kumar Mal,Normal/Others,Construction of boundary wall with main gate at LOKPARA MAHAVIDYALAYA.Excuting Agency will be EO Mayureswar -II Panchayat Samity.,Physical Inspection,Ongoing,0.4117832280773029,True,medium,vendor,R09,"All ₹1,498,283 of expenditure was directed to a single vendor for this large project, raising concentration risk.","Sanction: ₹1,500,000; Disbursed: ₹1,498,283; Cost ratio: 1.00; Sanction delay: 109d; Vendor HHI: 1.00",0.5239619425838262,0.5,0.23083640694670382,1500000.0,1498283.0,0.9988553333333333,,109,,2024-09-27,2025-01-14,,1.0,1.0,2.0,1.0,True,False,False,0.0,0.0,0.4409694296738333,5.0,
WS/MP351/2026-2027/142646,Kerala,KANNUR,Shri Kumbakudi Sudhakaran,Normal/Others,Installation of High Mast Light at OORPAZHASI KAVU PREMISES  ((08 Meter High Mast With 5x150 Watts -LED Flood LIGHT) IN Kannur Corporation,Physical Inspection,Ongoing,0.41171669718609205,True,medium,temporal,R03,"Sanction was delayed by 641 days after recommendation, far exceeding the typical processing time.","Sanction: ₹300,000; Disbursed: ₹299,894; Cost ratio: 1.00; Sanction delay: 641d; Vendor HHI: 1.00",0.4122571829788081,0.5,0.31043543268968576,300000.0,299894.0,0.9996466666666667,,641,,2024-09-22,2026-06-25,,1.0,1.0,1.0,1.0,True,False,False,0.0,0.0,1.0,1.0,
WS/MP351/2026-2027/142647,Kerala,KANNUR,Shri Kumbakudi Sudhakaran,Normal/Others,Installation of High Mast Light at NEAR KAPPAD C.P.STORE  ((08 Meter High Mast With 5x150 Watts -LED Flood LIGHT) IN Kannur Corporation.,Physical Inspection,Ongoing,0.41171669718609205,True,medium,temporal,R03,"Sanction was delayed by 641 days after recommendation, far exceeding the typical processing time.","Sanction: ₹300,000; Disbursed: ₹299,894; Cost ratio: 1.00; Sanction delay: 641d; Vendor HHI: 1.00",0.4122571829788081,0.5,0.31043543268968576,300000.0,299894.0,0.9996466666666667,,641,,2024-09-22,2026-06-25,,1.0,1.0,1.0,1.0,True,False,False,0.0,0.0,1.0,1.0,
WS/MP18176/2024-2025/140385,Tamil Nadu,DINDIGUL,SACHITHANANTHAM R,Normal/Others,Lighting of public spaces in Sirumalai @palaiyur high mast light,Work Completed,Completed,0.4115909510112955,True,medium,financial,R07,"1 out of 1.0 payments (100%) fall just below statutory thresholds, suggesting potential contract splitting.","Sanction: ₹500,000; Disbursed: ₹499,500; Cost ratio: 1.00; Sanction delay: 181d; Duration: 139d",0.3524165169836431,0.75,0.06710520504395634,500000.0,499500.0,0.999,499500.0,181,139.0,2024-09-12,2025-03-12,2025-07-29,1.0,1.0,1.0,1.0,True,False,False,1.0,1.0,1.0,1.6666666666666667,0.6096491228070176
WS/MP494/2024-2025/137200,Uttar Pradesh,AGRA(SC),Prof SP Singh Baghel,Normal/Others,CC WORK IN MUSTAFA QUATAR JANATA COLONY FROM GOPAL BABA HOUSE TO JHAMMAN MANDIR,Physical Inspection,Completed,0.4114997862538796,True,medium,vendor,R09,"All ₹2,163,229 of expenditure was directed to a single vendor for this large project, raising concentration risk.","Sanction: ₹2,163,229; Disbursed: ₹2,163,229; Cost ratio: 1.00; Sanction delay: 32d; Duration: 209d",0.5649536482469818,0.5,0.20074678340609764,2163229.0,2163229.0,1.0,2163229.0,32,209.0,2024-08-27,2024-09-28,2025-04-25,1.0,1.0,2.0,1.0,True,False,False,0.0,0.0,0.7502441951360674,7.210763333333333,0.9166666666666666
WS/MP18323/2026-2027/146709,Maharashtra,LATUR(SC),DR KALGE SHIVAJI BANDAPPA,Normal/Others,", Construction Paver Block on internal village road at Palaswadi,Umraj,Tq. Kandahar, Dist.Nanded",Physical Inspection,Ongoing,0.41110686719164913,True,medium,temporal,R03,"Sanction was delayed by 641 days after recommendation, far exceeding the typical processing time.","Sanction: ₹292,053; Disbursed: ₹292,053; Cost ratio: 1.00; Sanction delay: 641d; Vendor HHI: 1.00",0.4122571829788081,0.5,0.3086930612769917,292053.0,292053.0,1.0,,641,,2024-10-10,2026-07-13,,1.0,1.0,1.0,1.0,True,False,False,0.0,0.0,1.0,0.97351,
WS/MP18339/2024-2025/142001,Uttar Pradesh,KAISERGANJ,KARAN BHUSHAN SINGH,Normal/Others,Sr.No. 04 Interlocking work in 250 meter length from pucca road to Nathaipurwa.,Work partially Completed,Ongoing,0.41067273195731646,True,medium,vendor,R09,"All ₹1,305,156 of expenditure was directed to a single vendor for this large project, raising concentration risk.","Sanction: ₹1,308,000; Disbursed: ₹1,305,156; Cost ratio: 1.00; Sanction delay: 61d; Vendor HHI: 1.00",0.5447565884574942,0.5,0.2128102424084084,1308000.0,1305156.0,0.9978256880733944,,61,,2024-09-20,2024-11-20,,1.0,1.0,2.0,1.0,True,False,False,0.0,0.0,0.577569271412766,4.36,
WS/MP18339/2024-2025/141968,Uttar Pradesh,KAISERGANJ,KARAN BHUSHAN SINGH,Normal/Others,Sr.No. 05 Interlocking work of 300 meters length from Katra Balpur road to Lambardarpurwa and Panditpurwa.,Work partially Completed,Ongoing,0.41049022285544845,True,medium,vendor,R09,"All ₹1,433,613 of expenditure was directed to a single vendor for this large project, raising concentration risk.","Sanction: ₹1,436,000; Disbursed: ₹1,433,613; Cost ratio: 1.00; Sanction delay: 61d; Vendor HHI: 1.00",0.5619970818272838,0.5,0.19997414971036442,1436000.0,1433613.0,0.9983377437325905,,61,,2024-09-20,2024-11-20,,1.0,1.0,2.0,1.0,True,False,False,0.0,0.0,0.6003370505150274,4.786666666666667,
WS/MP18065/2024-2025/135807,Haryana,ROHTAK,DEEPENDER SINGH HOODA,Normal/Others,Const./Comp. of Kusti Hall,Physical Inspection,Completed,0.410483956706744,True,medium,vendor,R09,"All ₹1,095,387 of expenditure was directed to a single vendor for this large project, raising concentration risk.","Sanction: ₹1,100,000; Disbursed: ₹1,095,387; Cost ratio: 1.00; Sanction delay: 115d; Duration: 283d",0.5105433290694026,0.5,0.23670892696969525,1100000.0,1095387.0,0.9958063636363637,1095387.0,115,283.0,2024-08-16,2024-12-09,2025-09-18,1.0,1.0,2.0,1.0,True,False,False,0.0,0.0,0.830012589157987,3.6666666666666665,1.2412280701754386
WS/MP013/2024-2025/143926,Sikkim,SIKKIM,Indra Hang Subba,Normal/Others,Construction of protective wall at Sharchock under Lachung Dzomsa,Physical Inspection,Completed,0.41044995786783683,True,medium,statistical,,This work shows unusual patterns across multiple financial and operational metrics compared to similar works.,"Sanction: ₹3,450,507; Disbursed: ₹3,450,507; Cost ratio: 1.00; Sanction delay: 48d; Duration: 159d",0.7326438562850015,0.0,0.6493971251331042,3450507.0,3450507.0,1.0,3450507.0,48,159.0,2024-09-27,2024-11-14,2025-04-22,0.5045790087031569,2.0,2.0,0.5478487654133146,False,False,False,0.0,0.0,0.4521512345866854,11.50169,0.6973684210526315
WS/MP747/2024-2025/136648,Tamil Nadu,VIRUDHUNAGAR,Manickam Tagore B,Normal/Others,Construction of Community center in Ward no.89 at Madurai Corporation,Physical Inspection,Completed,0.4102502890644384,True,medium,vendor,R09,"All ₹2,494,342 of expenditure was directed to a single vendor for this large project, raising concentration risk.","Sanction: ₹2,494,342; Disbursed: ₹2,494,342; Cost ratio: 1.00; Sanction delay: 158d; Duration: 232d",0.6441338699511782,0.5,0.14061949021898257,2494342.0,2494342.0,1.0,2494342.0,158,232.0,2024-09-13,2025-02-18,2025-10-08,1.0,1.0,1.0,1.0,True,False,False,0.0,0.0,1.0,8.314473333333334,1.0175438596491229
WS/MP18152/2024-2025/141227,Punjab,FARIDKOT(SC),SARABJEET SINGH KHALSA,Normal/Others,Construction of Street using Interlock tiles street and Drains Nirmal Singh House to Majer Singh House,Physical Inspection,Completed,0.41014761222998236,True,medium,statistical,,This work shows unusual patterns across multiple financial and operational metrics compared to similar works.,"Sanction: ₹465,477; Disbursed: ₹465,477; Cost ratio: 1.00; Sanction delay: 32d; Duration: 161d",0.42509087285547315,0.0,0.8682139829031831,465477.0,465477.0,1.0,465477.0,32,161.0,2024-09-16,2024-10-18,2025-03-28,0.2976457423987807,5.0,12.0,0.39906590443781326,False,False,False,2.0,0.16666666666666666,0.1031200252644062,1.55159,0.706140350877193
WS/MP18006/2024-2025/139525,Andhra Pradesh,CHITTOOR,DAGGUMALLA PRASADA RAO,Normal/Others,"Construction of Compound wall to Dumping Yard at Kammapalle HW in Cherlopalli GP of Chittoor rural Mandal, Chittoor Constituency",Work Completed,Completed,0.41012379321561987,True,medium,financial,R07,"1 out of 1.0 payments (100%) fall just below statutory thresholds, suggesting potential contract splitting.","Sanction: ₹500,000; Disbursed: ₹499,527; Cost ratio: 1.00; Sanction delay: 19d; Duration: 72d",0.32242751871785835,0.75,0.08433403867472933,500000.0,499527.0,0.999054,499527.0,19,72.0,2024-09-06,2024-09-25,2024-12-06,1.0,1.0,1.0,1.0,True,False,False,1.0,1.0,1.0,1.6666666666666667,0.3157894736842105
WS/MP18019/2025-2026/143869,Assam,Diphu (ST),AMARSING TISSO,Normal/Others,"Construction of RCC Bridge at Den Teron Gaon, Namati",Work partially Completed,Ongoing,0.41002862776044097,True,medium,statistical,,This work shows unusual patterns across multiple financial and operational metrics compared to similar works.,"Sanction: ₹2,500,000; Disbursed: ₹1,428,804; Cost ratio: 0.57; Sanction delay: 158d; Vendor HHI: 0.75",0.7007440570581049,0.0,0.6709788957026136,2500000.0,1428804.0,0.5715216,,158,,2024-10-28,2025-04-04,,0.7496917772803466,2.0,2.0,0.8533353770006243,False,False,False,0.0,0.0,0.1466646229993757,8.333333333333334,
WS/MP18211/2024-2025/145467,Uttar Pradesh,DEORIA,SHASHANK MANI,Normal/Others,Gram-Sohsa me Ashok Rai ke ghar se Rama Yadav ke ghar tak 200 mtr. CC Road ka nirmaan,Physical Inspection,Completed,0.41001578214992873,True,medium,vendor,R09,"All ₹1,445,919 of expenditure was directed to a single vendor for this large project, raising concentration risk.","Sanction: ₹1,445,919; Disbursed: ₹1,445,919; Cost ratio: 1.00; Sanction delay: 18d; Duration: 628d",0.3177930140068455,0.5,0.3730500818520496,1445919.0,1445919.0,1.0,1445919.0,18,628.0,2024-10-12,2024-10-30,2026-07-20,1.0,1.0,2.0,1.0,True,False,False,0.0,0.0,0.7509964251109502,4.81973,2.754385964912281
WS/MP18250/2026-2027/140437,West Bengal,BASIRHAT,SK NURUL ISLAM,Normal/Others,Development and beautification of Dilip Kumar Memorial Institution Play Ground under Baduria Municipality (SL.No.- 34).,Sanction,To Be Implemented,0.4099447861528721,True,medium,temporal,R03,"Sanction was delayed by 649 days after recommendation, far exceeding the typical processing time.","Sanction: ₹1,000,000; Sanction delay: 649d; Vendor HHI: 1.00",0.4141642632445207,0.5,0.3040106295478342,1000000.0,,,,649,,2024-09-12,2026-06-23,,1.0,,,1.0,False,False,False,,,,3.3333333333333335,
WS/MP577/2026-2027/140720,Gujarat,DAHOD(ST),Jaswantsinh Sumanbhai Bhabhor,Normal/Others,dhanpur game bor chokadii faliya ma samuhik sinchai kuvanu kam,Sanction,To Be Implemented,0.40987267169754116,True,medium,temporal,R03,"Sanction was delayed by 648 days after recommendation, far exceeding the typical processing time.","Sanction: ₹300,000; Sanction delay: 648d; Vendor HHI: 1.00",0.4138758054231969,0.5,0.3040106295478342,300000.0,,,,648,,2024-09-20,2026-06-30,,1.0,,,1.0,False,False,False,,,,1.0,
WS/MP632/2026-2027/142402,Kerala,PATHANAMTHITTA,Anto Antony,Normal/Others,Providing 8 Meter LED Mini Mast Light at Maruthimoodu Colony in Enadimangalam Grama Panchayat (ST),Sanction,To Be Implemented,0.40987267169754116,True,medium,temporal,R03,"Sanction was delayed by 648 days after recommendation, far exceeding the typical processing time.","Sanction: ₹217,800; Sanction delay: 648d; Vendor HHI: 1.00",0.4138758054231969,0.5,0.3040106295478342,217800.0,,,,648,,2024-09-24,2026-07-04,,1.0,,,1.0,False,False,False,,,,0.726,
WS/MP18219/2025-2026/137957,Uttar Pradesh,HAMIRPUR_UP,AJENDRA SINGH LODHI,Normal/Others,1.High mast Light  Shankar jee ke mandir ke pass.,Work Completed,Completed,0.4098432105126737,True,medium,temporal,R03,"Sanction was delayed by 384 days after recommendation, far exceeding the typical processing time.","Sanction: ₹323,000; Disbursed: ₹321,480; Cost ratio: 1.00; Sanction delay: 384d; Duration: 114d",0.5700088205015277,0.5,0.19240287253511934,323000.0,321480.0,0.9952941176470588,321480.0,384,114.0,2024-09-11,2025-09-30,2026-01-22,1.0,1.0,1.0,1.0,True,False,False,0.0,0.0,1.0,1.0766666666666667,0.5
WS/MP18219/2025-2026/137960,Uttar Pradesh,HAMIRPUR_UP,AJENDRA SINGH LODHI,Normal/Others,1.High Mast light ashok ke makan ke pass,Work Completed,Completed,0.4098432105126737,True,medium,temporal,R03,"Sanction was delayed by 384 days after recommendation, far exceeding the typical processing time.","Sanction: ₹323,000; Disbursed: ₹321,480; Cost ratio: 1.00; Sanction delay: 384d; Duration: 114d",0.5700088205015277,0.5,0.19240287253511934,323000.0,321480.0,0.9952941176470588,321480.0,384,114.0,2024-09-11,2025-09-30,2026-01-22,1.0,1.0,1.0,1.0,True,False,False,0.0,0.0,1.0,1.0766666666666667,0.5
WS/MP18219/2025-2026/137955,Uttar Pradesh,HAMIRPUR_UP,AJENDRA SINGH LODHI,Normal/Others,1.High mast Light Talab ke pass,Work Completed,Completed,0.4098432105126737,True,medium,temporal,R03,"Sanction was delayed by 384 days after recommendation, far exceeding the typical processing time.","Sanction: ₹323,000; Disbursed: ₹321,480; Cost ratio: 1.00; Sanction delay: 384d; Duration: 114d",0.5700088205015277,0.5,0.19240287253511934,323000.0,321480.0,0.9952941176470588,321480.0,384,114.0,2024-09-11,2025-09-30,2026-01-22,1.0,1.0,1.0,1.0,True,False,False,0.0,0.0,1.0,1.0766666666666667,0.5
WS/MP18219/2025-2026/137956,Uttar Pradesh,HAMIRPUR_UP,AJENDRA SINGH LODHI,Normal/Others,1.High Mast Light Surendra sain ke makan ke pass.,Work Completed,Completed,0.4098432105126737,True,medium,temporal,R03,"Sanction was delayed by 384 days after recommendation, far exceeding the typical processing time.","Sanction: ₹323,000; Disbursed: ₹321,480; Cost ratio: 1.00; Sanction delay: 384d; Duration: 114d",0.5700088205015277,0.5,0.19240287253511934,323000.0,321480.0,0.9952941176470588,321480.0,384,114.0,2024-09-11,2025-09-30,2026-01-22,1.0,1.0,1.0,1.0,True,False,False,0.0,0.0,1.0,1.0766666666666667,0.5
WS/MP18219/2025-2026/137961,Uttar Pradesh,HAMIRPUR_UP,AJENDRA SINGH LODHI,Normal/Others,1High Mast Light Panwari Tigaila,Work Completed,Completed,0.4098432105126737,True,medium,temporal,R03,"Sanction was delayed by 384 days after recommendation, far exceeding the typical processing time.","Sanction: ₹323,000; Disbursed: ₹321,480; Cost ratio: 1.00; Sanction delay: 384d; Duration: 114d",0.5700088205015277,0.5,0.19240287253511934,323000.0,321480.0,0.9952941176470588,321480.0,384,114.0,2024-09-11,2025-09-30,2026-01-22,1.0,1.0,1.0,1.0,True,False,False,0.0,0.0,1.0,1.0766666666666667,0.5
WS/MP18219/2025-2026/137954,Uttar Pradesh,HAMIRPUR_UP,AJENDRA SINGH LODHI,Normal/Others,1.High Mast Light Shankar jee ke mandir ke pass,Work Completed,Completed,0.4098432105126737,True,medium,temporal,R03,"Sanction was delayed by 384 days after recommendation, far exceeding the typical processing time.","Sanction: ₹323,000; Disbursed: ₹321,480; Cost ratio: 1.00; Sanction delay: 384d; Duration: 114d",0.5700088205015277,0.5,0.19240287253511934,323000.0,321480.0,0.9952941176470588,321480.0,384,114.0,2024-09-11,2025-09-30,2026-01-22,1.0,1.0,1.0,1.0,True,False,False,0.0,0.0,1.0,1.0766666666666667,0.5
WS/MP18219/2025-2026/137953,Uttar Pradesh,HAMIRPUR_UP,AJENDRA SINGH LODHI,Normal/Others,1.High Mast light Durga mata Mandir ke pass,Work Completed,Completed,0.4098432105126737,True,medium,temporal,R03,"Sanction was delayed by 384 days after recommendation, far exceeding the typical processing time.","Sanction: ₹323,000; Disbursed: ₹321,480; Cost ratio: 1.00; Sanction delay: 384d; Duration: 114d",0.5700088205015277,0.5,0.19240287253511934,323000.0,321480.0,0.9952941176470588,321480.0,384,114.0,2024-09-11,2025-09-30,2026-01-22,1.0,1.0,1.0,1.0,True,False,False,0.0,0.0,1.0,1.0766666666666667,0.5
WS/MP18219/2025-2026/137959,Uttar Pradesh,HAMIRPUR_UP,AJENDRA SINGH LODHI,Normal/Others,1.High Mast Light Ramleela Maidan ke pass,Work Completed,Completed,0.4098432105126737,True,medium,temporal,R03,"Sanction was delayed by 384 days after recommendation, far exceeding the typical processing time.","Sanction: ₹323,000; Disbursed: ₹321,480; Cost ratio: 1.00; Sanction delay: 384d; Duration: 114d",0.5700088205015277,0.5,0.19240287253511934,323000.0,321480.0,0.9952941176470588,321480.0,384,114.0,2024-09-11,2025-09-30,2026-01-22,1.0,1.0,1.0,1.0,True,False,False,0.0,0.0,1.0,1.0766666666666667,0.5
WS/MP18219/2025-2026/137958,Uttar Pradesh,HAMIRPUR_UP,AJENDRA SINGH LODHI,Normal/Others,1.High mast Light  Shankar jee ke mandir ke pass.,Work Completed,Completed,0.4098432105126737,True,medium,temporal,R03,"Sanction was delayed by 384 days after recommendation, far exceeding the typical processing time.","Sanction: ₹323,000; Disbursed: ₹321,480; Cost ratio: 1.00; Sanction delay: 384d; Duration: 114d",0.5700088205015277,0.5,0.19240287253511934,323000.0,321480.0,0.9952941176470588,321480.0,384,114.0,2024-09-11,2025-09-30,2026-01-22,1.0,1.0,1.0,1.0,True,False,False,0.0,0.0,1.0,1.0766666666666667,0.5
WS/MP18219/2025-2026/137968,Uttar Pradesh,HAMIRPUR_UP,AJENDRA SINGH LODHI,Normal/Others,1.High Mast Light samajwadi karyalay ke pass,Work Completed,Completed,0.4098432105126737,True,medium,temporal,R03,"Sanction was delayed by 384 days after recommendation, far exceeding the typical processing time.","Sanction: ₹323,000; Disbursed: ₹321,480; Cost ratio: 1.00; Sanction delay: 384d; Duration: 114d",0.5700088205015277,0.5,0.19240287253511934,323000.0,321480.0,0.9952941176470588,321480.0,384,114.0,2024-09-11,2025-09-30,2026-01-22,1.0,1.0,1.0,1.0,True,False,False,0.0,0.0,1.0,1.0766666666666667,0.5
WS/MP18339/2024-2025/141999,Uttar Pradesh,KAISERGANJ,KARAN BHUSHAN SINGH,Normal/Others,Sr.No 02 Interlocking work of 250 meters length from the pucca road to Shuklapurwa Ghurghur Chauhan's house.,Work partially Completed,Ongoing,0.40980178181405946,True,medium,vendor,R09,"All ₹1,306,473 of expenditure was directed to a single vendor for this large project, raising concentration risk.","Sanction: ₹1,309,000; Disbursed: ₹1,306,473; Cost ratio: 1.00; Sanction delay: 61d; Vendor HHI: 1.00",0.5440520155604687,0.5,0.21082507978269216,1309000.0,1306473.0,0.9980695187165776,,61,,2024-09-20,2024-11-20,,1.0,1.0,2.0,1.0,True,False,False,0.0,0.0,0.5776016802490369,4.363333333333333,
WS/MP18311/2024-2025/148979,Punjab,ANANDPUR SAHIB,MALVINDER SINGH KANG,Normal/Others,Construction  of Community halls at Village Sarhal Qazian,Physical Inspection,Completed,0.4097270290645403,True,medium,statistical,,This work shows unusual patterns across multiple financial and operational metrics compared to similar works.,"Sanction: ₹500,000; Disbursed: ₹500,000; Cost ratio: 1.00; Sanction delay: 16d; Duration: 132d",0.39396242848843543,0.0,0.8892469198355183,500000.0,500000.0,1.0,500000.0,16,132.0,2024-10-28,2024-11-13,2025-03-25,0.24945483369600002,9.0,16.0,0.455384,False,False,False,0.0,0.0,0.252284,1.6666666666666667,0.5789473684210527
WS/MP18161/2024-2025/138089,Rajasthan,BHARATPUR(SC),SANJNA JATAV,Normal/Others,Cc road Nirman karya Rajendra doctor ke Ghar se shamshan Ghat ki or sahsan work agency GP sahsan,Work Completed,Completed,0.40959755031019185,True,medium,statistical,,This work shows unusual patterns across multiple financial and operational metrics compared to similar works.,"Sanction: ₹500,000; Disbursed: ₹498,281; Cost ratio: 1.00; Sanction delay: 110d; Duration: 292d",0.4843332508250373,0.0,0.824326393154093,500000.0,498281.0,0.996562,498281.0,110,292.0,2024-09-01,2024-12-20,2025-10-08,0.7220153769467649,17.0,17.0,0.8486496575225626,False,False,False,0.0,0.0,0.8486496575225626,1.6666666666666667,1.280701754385965
WS/MP18328/2026-2027/148155,Himachal Pradesh,MANDI,Kangana Ranaut,Bar and Associations,Purchasing of Books for Library  of BAR Assocation Chachiot at Gohar. Work Executed By - BAR Association Chachiot at Gohar District Mandi.,Vendor Identification,Ongoing,0.4094822943531994,True,medium,temporal,R03,"Sanction was delayed by 641 days after recommendation, far exceeding the typical processing time.","Sanction: ₹50,000; Sanction delay: 641d; Vendor HHI: 1.00",0.41181619491965105,0.5,0.30436641606653325,50000.0,,,,641,,2024-10-18,2026-07-21,,1.0,,,1.0,False,False,False,,,,1.0,
WS/MP423/2024-2025/139238,West Bengal,DIAMOND HARBOUR,Shri Abhishek Banerjee,Normal/Others,Construction of CC Road with Cover Drain from Lotus Club to H/O SK Najrul via H/O Sk Bhola. (177 mtr),Work partially Completed,Ongoing,0.4092921788088014,True,medium,financial,R07,"1 out of 1.0 payments (100%) fall just below statutory thresholds, suggesting potential contract splitting.","Sanction: ₹499,943; Disbursed: ₹499,280; Cost ratio: 1.00; Sanction delay: 95d; Vendor HHI: 1.00",0.4048550795349645,0.75,0.023081168357314885,499943.0,499280.0,0.9986738488187653,,95,,2024-09-05,2024-12-09,,1.0,1.0,1.0,1.0,True,False,False,1.0,1.0,1.0,1.6664766666666666,
WS/MP431/2024-2025/135540,Haryana,GURGAON,Rao Inderjit Singh,Normal/Others,Installation of AC unit plant for Litigant Main Hall in Distt. Court Hisar,Work Completed,Completed,0.40916227743642963,True,medium,vendor,R09,"All ₹1,019,947 of expenditure was directed to a single vendor for this large project, raising concentration risk.","Sanction: ₹1,100,000; Disbursed: ₹1,019,947; Cost ratio: 0.93; Sanction delay: 170d; Duration: 385d",0.5105433445082681,0.5,0.23293268945532175,1100000.0,1019947.0,0.9272245454545455,1019947.0,170,385.0,2024-08-13,2025-01-30,2026-02-19,1.0,1.0,1.0,1.0,True,False,False,0.0,0.0,1.0,3.6666666666666665,1.6885964912280702
WS/MP681/2025-2026/144068,Maharashtra,PARBHANI,Sanjay Haribhau Jadhav,Normal/Others,"construction of cc road at nansi, tal.Mantha.",Vendor Identification,Ongoing,0.40866792047626754,True,medium,temporal,R03,"Sanction was delayed by 377 days after recommendation, far exceeding the typical processing time.","Sanction: ₹700,000; Disbursed: ₹696,704; Cost ratio: 1.00; Sanction delay: 377d; Vendor HHI: 1.00",0.5654164153582584,0.5,0.19232519039057994,700000.0,696704.0,0.9952914285714286,,377,,2024-10-03,2025-10-15,,1.0,1.0,1.0,1.0,True,False,False,0.0,0.0,1.0,2.3333333333333335,
WS/MP479/2024-2025/140164,West Bengal,BISHNUPUR(SC),Saumitra khan,Normal/Others,"Installation of Solar LED Street Light with Pole (Pole 6mtr, 18Watt, Battery 12.8V, 24 AH Lithium Ferro Battery, Module 75Wp Solar Panel) Total 49 Nos. x 38000/ each",Physical Inspection,Completed,0.40845542400481677,True,medium,vendor,R09,"All ₹1,663,643 of expenditure was directed to a single vendor for this large project, raising concentration risk.","Sanction: ₹1,663,643; Disbursed: ₹1,663,643; Cost ratio: 1.00; Sanction delay: 94d; Duration: 605d",0.3950390481844071,0.5,0.3134161770249,1663643.0,1663643.0,1.0,1663643.0,94,605.0,2024-09-10,2024-12-13,2026-08-10,1.0,1.0,1.0,1.0,True,False,False,0.0,0.0,1.0,5.545476666666667,2.6535087719298245
WS/MP465/2024-2025/137489,Uttar Pradesh,UNNAO,Swami Sachchidanandhari Sakshi ji Maharaj,Normal/Others,????? ??? ????????? ?????? ??? ????? ?????? ??????? ???? ??? ????? ???? ?? ???????? ????? ?? ?????????? ?????,Physical Inspection,Completed,0.40829659053385564,True,medium,vendor,R09,"All ₹2,145,797 of expenditure was directed to a single vendor for this large project, raising concentration risk.","Sanction: ₹2,145,797; Disbursed: ₹2,145,797; Cost ratio: 1.00; Sanction delay: 85d; Duration: 421d",0.5598806063007388,0.5,0.19521839702477406,2145797.0,2145797.0,1.0,2145797.0,85,421.0,2024-08-28,2024-11-21,2026-01-16,1.0,1.0,1.0,1.0,True,False,False,0.0,0.0,1.0,7.152656666666667,1.8464912280701755
WS/MP18007/2025-2026/137058,Andhra Pradesh,ELURU,Putta Mahesh Kumar,Normal/Others,Providing Laboratory equipment to Physical Science/Biological Science/Mathematics and Social Studies.,Physical Inspection,Completed,0.40786449593367374,True,medium,temporal,R04,"This ₹400,000 work was completed in only 1 days, which is suspiciously fast for a project of this budget.","Sanction: ₹400,000; Disbursed: ₹400,000; Cost ratio: 1.00; Sanction delay: 270d; Duration: 1d",0.21016496835113566,0.75,0.15806643955968502,400000.0,400000.0,1.0,400000.0,270,1.0,2024-08-26,2025-05-23,2025-05-24,1.0,1.0,1.0,1.0,True,False,False,0.0,0.0,1.0,1.3333333333333333,0.0043859649122807015
WS/MP761/2024-2025/145019,Telangana,NIZAMABAD,Arvind Dharmapuri,Normal/Others,Construction of Artisan Shed near Shivalayam Temple,Physical Inspection,Completed,0.40764059445914064,True,medium,financial,"R04,R07","This ₹495,000 work was completed in only 6 days, which is suspiciously fast for a project of this budget. 1 out of 1.0 payments (100%) fall just below statutory thresholds, suggesting potential contract splitting.","Sanction: ₹495,000; Disbursed: ₹495,000; Cost ratio: 1.00; Sanction delay: 10d; Duration: 6d",0.15474732231598123,0.8250000000000001,0.11129646822898653,495000.0,495000.0,1.0,495000.0,10,6.0,2024-10-07,2024-10-17,2024-10-23,1.0,1.0,1.0,1.0,True,False,False,1.0,1.0,1.0,1.65,0.02631578947368421
WS/MP18023/2025-2026/143872,Assam,GUWAHATI,BIJULI KALITA MEDHI,Repair and Renovation,"Repairing work of Santi Nijara Club House at Bongaon , Bamunigaon , Pin-781141",Vendor Identification,Ongoing,0.4074702730867275,True,medium,temporal,R03,"Sanction was delayed by 491 days after recommendation, far exceeding the typical processing time.","Sanction: ₹500,000; Disbursed: ₹500,000; Cost ratio: 1.00; Sanction delay: 491d; Vendor HHI: 1.00",0.3489117263523228,0.5,0.3435495471389909,500000.0,500000.0,1.0,,491,,2024-09-26,2026-01-30,,1.0,1.0,2.0,1.0,True,False,False,0.0,0.0,0.6,1.0033612602217428,
WS/MP18219/2025-2026/143336,Uttar Pradesh,HAMIRPUR_UP,AJENDRA SINGH LODHI,Normal/Others,bela tal me shrinagar tigela road par stainless steel (febricated) yatri shed,Work Completed,Completed,0.4072708277672993,True,medium,compliance,"R05,R08","Completed work worth ₹698,961 has no verification photograph attached, which is a compliance gap. This work is marked as completed but still has 1 payment(s) in-progress, indicating a financial inconsistency.","Sanction: ₹700,000; Disbursed: ₹698,961; Cost ratio: 1.00; Sanction delay: 203d; Duration: 226d",0.44668785754872514,0.55,0.2159967525146227,700000.0,698961.0,0.9985157142857143,698961.0,203,226.0,2024-11-19,2025-06-10,2026-01-22,1.0,1.0,2.0,1.0,True,True,True,0.0,0.0,0.5743253200107016,2.3333333333333335,0.9912280701754386
WS/MP641/2024-2025/147438,Madhya Pradesh,KHARGONE(ST),Gajendra Singh Patel,Normal/Others,Construction of community hall in village Nandgaon at Gurjar Mohalla,Work Completed,Completed,0.4071672060673309,True,medium,compliance,R05,"Completed work worth ₹1,000,000 has no verification photograph attached, which is a compliance gap.","Sanction: ₹1,000,000; Disbursed: ₹1,000,000; Cost ratio: 1.00; Sanction delay: 82d; Duration: 396d",0.20847453060987345,0.5,0.44299592404246446,1000000.0,1000000.0,1.0,1000000.0,82,396.0,2024-10-15,2025-01-05,2026-02-05,1.0,1.0,3.0,1.0,True,True,False,0.0,0.0,0.5,3.3333333333333335,1.736842105263158
WS/MP18339/2024-2025/141957,Uttar Pradesh,KAISERGANJ,KARAN BHUSHAN SINGH,Normal/Others,Sr.No 02 Interlocking work of 250 m length from paved road in Chandpur to Khandaranpurwa.,Work partially Completed,Ongoing,0.4071638094110713,True,medium,vendor,R09,"All ₹1,304,940 of expenditure was directed to a single vendor for this large project, raising concentration risk.","Sanction: ₹1,307,000; Disbursed: ₹1,304,940; Cost ratio: 1.00; Sanction delay: 61d; Vendor HHI: 1.00",0.5377964474676558,0.5,0.2077562786975924,1307000.0,1304940.0,0.9984238714613619,,61,,2024-09-20,2024-11-20,,1.0,1.0,2.0,1.0,True,False,False,0.0,0.0,0.5782809937621654,4.3566666666666665,
WS/MP641/2024-2025/147436,Madhya Pradesh,KHARGONE(ST),Gajendra Singh Patel,Normal/Others,Construction of community hall in village Piprata at Kushwaha Mohalla,Work Completed,Completed,0.4070183694184952,True,medium,compliance,R05,"Completed work worth ₹1,000,000 has no verification photograph attached, which is a compliance gap.","Sanction: ₹1,000,000; Disbursed: ₹1,000,000; Cost ratio: 1.00; Sanction delay: 66d; Duration: 397d",0.20847453060987345,0.5,0.4425706764743623,1000000.0,1000000.0,1.0,1000000.0,66,397.0,2024-10-15,2024-12-20,2026-01-21,1.0,1.0,3.0,1.0,True,True,False,0.0,0.0,0.5,3.3333333333333335,1.7412280701754386
WS/MP18031/2026-2027/148992,Bihar,AURANGABAD_BR,ABHAY KUMAR SINHA,Normal/Others,Prakhand deo antargat durga sthan ketaki bajar ke samip solar high mast street light ka adhisthapan.,Sanction,To Be Implemented,0.4070027844218792,True,medium,temporal,R03,"Sanction was delayed by 630 days after recommendation, far exceeding the typical processing time.","Sanction: ₹299,000; Sanction delay: 630d; Vendor HHI: 1.00",0.40843415382623105,0.5,0.2996978456152041,299000.0,,,,630,,2024-10-22,2026-07-14,,1.0,,,1.0,False,False,False,,,,0.9966666666666667,
WS/MP18031/2026-2027/148948,Bihar,AURANGABAD_BR,ABHAY KUMAR SINHA,Normal/Others,Prakhand kutumba antargat dumara pax godam ke samip solar high mast street light ka adhisthapan.,Sanction,To Be Implemented,0.4070027844218792,True,medium,temporal,R03,"Sanction was delayed by 630 days after recommendation, far exceeding the typical processing time.","Sanction: ₹299,000; Sanction delay: 630d; Vendor HHI: 1.00",0.40843415382623105,0.5,0.2996978456152041,299000.0,,,,630,,2024-10-22,2026-07-14,,1.0,,,1.0,False,False,False,,,,0.9966666666666667,
WS/MP18031/2026-2027/148970,Bihar,AURANGABAD_BR,ABHAY KUMAR SINHA,Normal/Others,Prakhand navinagar antargat gram sori me teen mohan ke kinare solar high mast street light ka adhisthapan.,Sanction,To Be Implemented,0.4070027844218792,True,medium,temporal,R03,"Sanction was delayed by 630 days after recommendation, far exceeding the typical processing time.","Sanction: ₹299,000; Sanction delay: 630d; Vendor HHI: 1.00",0.40843415382623105,0.5,0.2996978456152041,299000.0,,,,630,,2024-10-22,2026-07-14,,1.0,,,1.0,False,False,False,,,,0.9966666666666667,
WS/MP18031/2026-2027/148957,Bihar,AURANGABAD_BR,ABHAY KUMAR SINHA,Normal/Others,prakhand kutumba antargat navinagar road buddha mandir ke samip solar high mast street light ka adhisthapan.,Sanction,To Be Implemented,0.4070027844218792,True,medium,temporal,R03,"Sanction was delayed by 630 days after recommendation, far exceeding the typical processing time.","Sanction: ₹299,000; Sanction delay: 630d; Vendor HHI: 1.00",0.40843415382623105,0.5,0.2996978456152041,299000.0,,,,630,,2024-10-22,2026-07-14,,1.0,,,1.0,False,False,False,,,,0.9966666666666667,
WS/MP18031/2026-2027/148956,Bihar,AURANGABAD_BR,ABHAY KUMAR SINHA,Normal/Others,Prakhand deo antargat rajoi bajar me md hussain ke pass solar high mast street light ka adhisthapan.,Sanction,To Be Implemented,0.4070027844218792,True,medium,temporal,R03,"Sanction was delayed by 630 days after recommendation, far exceeding the typical processing time.","Sanction: ₹299,000; Sanction delay: 630d; Vendor HHI: 1.00",0.40843415382623105,0.5,0.2996978456152041,299000.0,,,,630,,2024-10-22,2026-07-14,,1.0,,,1.0,False,False,False,,,,0.9966666666666667,
WS/MP18032/2025-2026/136949,Bihar,BUXAR,SUDHAKAR SINGH,Normal/Others,Construction public park at Jevari,Physical Inspection,Completed,0.40696027580302957,True,medium,vendor,R09,"All ₹1,099,140 of expenditure was directed to a single vendor for this large project, raising concentration risk.","Sanction: ₹1,099,140; Disbursed: ₹1,099,140; Cost ratio: 1.00; Sanction delay: 283d; Duration: 218d",0.22425280141017098,0.5,0.4311345012871052,1099140.0,1099140.0,1.0,1099140.0,283,218.0,2024-08-25,2025-06-04,2026-01-08,1.0,1.0,3.0,1.0,True,False,False,1.0,0.3333333333333333,0.7157595938642939,3.6638,0.956140350877193
WS/MP685/2024-2025/143368,Maharashtra,MAVAL,Shrirang Appa Barne,Normal/Others,Installing Open Jim At Ravet Mhaske Vasti Near DP Road,Physical Inspection,Completed,0.40656913617891066,True,medium,financial,R07,"1 out of 1.0 payments (100%) fall just below statutory thresholds, suggesting potential contract splitting.","Sanction: ₹997,319; Disbursed: ₹997,319; Cost ratio: 1.00; Sanction delay: 187d; Duration: 7d",0.2083693565381405,0.75,0.15564799155535858,997319.0,997319.0,1.0,997319.0,187,7.0,2024-09-25,2025-03-31,2025-04-07,1.0,1.0,1.0,1.0,True,False,False,1.0,1.0,1.0,3.324396666666667,0.03070175438596491
WS/MP685/2024-2025/143367,Maharashtra,MAVAL,Shrirang Appa Barne,Normal/Others,Installing Open Jim Nigdi Sec 24 Near chintamani Mandir Nigdi,Physical Inspection,Completed,0.4065266573341687,True,medium,financial,R07,"1 out of 1.0 payments (100%) fall just below statutory thresholds, suggesting potential contract splitting.","Sanction: ₹996,227; Disbursed: ₹996,227; Cost ratio: 1.00; Sanction delay: 187d; Duration: 7d",0.2081994411591728,0.75,0.15564799155535858,996227.0,996227.0,1.0,996227.0,187,7.0,2024-09-25,2025-03-31,2025-04-07,1.0,1.0,1.0,1.0,True,False,False,1.0,1.0,1.0,3.3207566666666666,0.03070175438596491
WS/MP685/2024-2025/143366,Maharashtra,MAVAL,Shrirang Appa Barne,Normal/Others,Installing Open Jim At Nigdi Sec 24 In Dada Dadi Park Garden Pcmc,Physical Inspection,Completed,0.4065266573341687,True,medium,financial,R07,"1 out of 1.0 payments (100%) fall just below statutory thresholds, suggesting potential contract splitting.","Sanction: ₹996,227; Disbursed: ₹996,227; Cost ratio: 1.00; Sanction delay: 187d; Duration: 7d",0.2081994411591728,0.75,0.15564799155535858,996227.0,996227.0,1.0,996227.0,187,7.0,2024-09-25,2025-03-31,2025-04-07,1.0,1.0,1.0,1.0,True,False,False,1.0,1.0,1.0,3.3207566666666666,0.03070175438596491
WS/MP685/2024-2025/143369,Maharashtra,MAVAL,Shrirang Appa Barne,Normal/Others,Installing Open Jim At Vikas Nagar Kiwale On Foot Path PCMC,Physical Inspection,Completed,0.4065266573341687,True,medium,financial,R07,"1 out of 1.0 payments (100%) fall just below statutory thresholds, suggesting potential contract splitting.","Sanction: ₹996,227; Disbursed: ₹996,227; Cost ratio: 1.00; Sanction delay: 187d; Duration: 7d",0.2081994411591728,0.75,0.15564799155535858,996227.0,996227.0,1.0,996227.0,187,7.0,2024-09-25,2025-03-31,2025-04-07,1.0,1.0,1.0,1.0,True,False,False,1.0,1.0,1.0,3.3207566666666666,0.03070175438596491
WS/MP685/2024-2025/143370,Maharashtra,MAVAL,Shrirang Appa Barne,Normal/Others,Installing Open Jim At Near SB Patil School Ravet Pcmc,Physical Inspection,Completed,0.4065182186319263,True,medium,financial,R07,"1 out of 1.0 payments (100%) fall just below statutory thresholds, suggesting potential contract splitting.","Sanction: ₹996,010; Disbursed: ₹996,010; Cost ratio: 1.00; Sanction delay: 187d; Duration: 7d",0.20816568635020297,0.75,0.15564799155535858,996010.0,996010.0,1.0,996010.0,187,7.0,2024-09-25,2025-03-31,2025-04-07,1.0,1.0,1.0,1.0,True,False,False,1.0,1.0,1.0,3.3200333333333334,0.03070175438596491
WS/MP685/2024-2025/143365,Maharashtra,MAVAL,Shrirang Appa Barne,Normal/Others,Installing Open Jim At Ravaet BRT Road Near Ghoravdeshvar Pratishthan,Physical Inspection,Completed,0.4065091586845352,True,medium,financial,R07,"1 out of 1.0 payments (100%) fall just below statutory thresholds, suggesting potential contract splitting.","Sanction: ₹995,777; Disbursed: ₹995,777; Cost ratio: 1.00; Sanction delay: 187d; Duration: 7d",0.20812944656063848,0.75,0.15564799155535858,995777.0,995777.0,1.0,995777.0,187,7.0,2024-09-25,2025-03-31,2025-04-07,1.0,1.0,1.0,1.0,True,False,False,1.0,1.0,1.0,3.3192566666666665,0.03070175438596491
WS/MP18220/2024-2025/147971,Uttar Pradesh,HATHRAS (SC),ANOOP PRADHAN BALMIKI,Normal/Others,Gram Arniyan Kwaza Raju Block Iglas mai Prathmik Vidhyaley se Zila Kesri Shohan Singh Pehlwan kai ghar ki taraf 140 miter interlocking karya,Physical Inspection,Completed,0.40617625812899516,True,medium,vendor,"R05,R09","Completed work worth ₹1,725,219 has no verification photograph attached, which is a compliance gap. All ₹1,725,219 of expenditure was directed to a single vendor for this large project, raising concentration risk.","Sanction: ₹1,725,219; Disbursed: ₹1,725,219; Cost ratio: 1.00; Sanction delay: 25d; Duration: 75d",0.41741162067120163,0.55,0.23378100846055627,1725219.0,1725219.0,1.0,1725219.0,25,75.0,2024-10-17,2024-11-11,2025-01-25,1.0,1.0,2.0,1.0,True,True,False,0.0,0.0,0.7389629954226101,5.75073,0.32894736842105265
WS/MP681/2024-2025/143809,Maharashtra,PARBHANI,Sanjay Haribhau Jadhav,Normal/Others,"Construction of CC road and drain from Manoj Soape's house to Ramesh Kadam's house in Ward No.01. at chatori, Tal.Palam ,Dist.Parbhani. (SC)",Physical Inspection,Completed,0.4061632250904011,True,medium,financial,R07,"1 out of 1.0 payments (100%) fall just below statutory thresholds, suggesting potential contract splitting.","Sanction: ₹999,464; Disbursed: ₹999,464; Cost ratio: 1.00; Sanction delay: 15d; Duration: 429d",0.2087033730773009,0.75,0.15424966234593096,999464.0,999464.0,1.0,999464.0,15,429.0,2024-09-26,2024-10-11,2025-12-14,1.0,1.0,1.0,1.0,True,False,False,1.0,1.0,1.0,3.3315466666666667,1.881578947368421
WS/MP18176/2024-2025/139958,Tamil Nadu,DINDIGUL,SACHITHANANTHAM R,Normal/Others,CONSTRUCTION OF Solakulaththupatty ANGANWADI BUILDING,Physical Inspection,Completed,0.4059054492855978,True,medium,vendor,"R05,R09","Completed work worth ₹1,698,995 has no verification photograph attached, which is a compliance gap. All ₹1,698,995 of expenditure was directed to a single vendor for this large project, raising concentration risk.","Sanction: ₹1,698,995; Disbursed: ₹1,698,995; Cost ratio: 1.00; Sanction delay: 11d; Duration: 504d",0.4078823548229835,0.55,0.2398138873710055,1698995.0,1698995.0,1.0,1698995.0,11,504.0,2024-09-09,2024-09-20,2026-02-06,1.0,1.0,1.0,1.0,True,True,False,0.0,0.0,1.0,5.663316666666667,2.210526315789474
WS/MP18199/2024-2025/140422,Uttar Pradesh,AMBEDKAR NAGAR,LALJI VERMA,Normal/Others,GARAM ATANGE SHRI RANA PRAJAPATI KE GHAR SE SHRI ACHCHELAL BHARTI KE BHAR TAK INTERLOCKING KARYA DURI 250M,Vendor Identification,Ongoing,0.40589855181357787,True,medium,vendor,R09,"All ₹1,004,767 of expenditure was directed to a single vendor for this large project, raising concentration risk.","Sanction: ₹1,037,000; Disbursed: ₹1,004,767; Cost ratio: 0.97; Sanction delay: 106d; Vendor HHI: 1.00",0.5004399055383965,0.5,0.23082450122565346,1037000.0,1004767.0,0.968917068466731,,106,,2024-09-12,2024-12-27,,1.0,1.0,2.0,1.0,True,False,False,0.0,0.0,0.7738410994787847,3.4566666666666666,
WS/MP577/2026-2027/146161,Gujarat,DAHOD(ST),Jaswantsinh Sumanbhai Bhabhor,Normal/Others,Umariya game narsury road faliyama samuhik sinchai kuvanu kam,Sanction,To Be Implemented,0.40570860803140885,True,medium,temporal,R03,"Sanction was delayed by 629 days after recommendation, far exceeding the typical processing time.","Sanction: ₹300,000; Sanction delay: 629d; Vendor HHI: 1.00",0.40811772081720976,0.5,0.2962262223631612,300000.0,,,,629,,2024-10-09,2026-06-30,,1.0,,,1.0,False,False,False,,,,1.0,
WS/MP18159/2024-2025/145803,Rajasthan,ALWAR,BHUPENDER YADAV,Normal/Others,"Construction of library room with verandah in Government Girls Higher Secondary School, Barodamev. (Alwar)",Physical Inspection,Completed,0.4056701749022788,True,medium,vendor,R09,"All ₹1,167,218 of expenditure was directed to a single vendor for this large project, raising concentration risk.","Sanction: ₹1,200,000; Disbursed: ₹1,167,218; Cost ratio: 0.97; Sanction delay: 66d; Duration: 428d",0.5269987690907028,0.5,0.2112013789417232,1200000.0,1167218.0,0.9726816666666667,1167218.0,66,428.0,2024-10-07,2024-12-12,2026-02-13,1.0,1.0,1.0,1.0,True,False,False,0.0,0.0,1.0,4.0,1.8771929824561404
WS/MP18155/2024-2025/141702,Punjab,HOSHIARPUR(SC),DR. RAJ KUMAR CHABBEWAL,Normal/Others,Construction of Park,Physical Inspection,Completed,0.40539318671323643,True,medium,statistical,,This work shows unusual patterns across multiple financial and operational metrics compared to similar works.,"Sanction: ₹200,000; Disbursed: ₹200,000; Cost ratio: 1.00; Sanction delay: 4d; Duration: 471d",0.4190085021084283,0.0,0.8589744605317983,200000.0,200000.0,1.0,200000.0,4,471.0,2024-09-19,2024-09-23,2026-01-07,0.34536910125000003,5.0,11.0,0.500025,False,False,False,0.0,0.0,0.076,0.6666666666666666,2.0657894736842106
WS/MP18155/2024-2025/141568,Punjab,HOSHIARPUR(SC),DR. RAJ KUMAR CHABBEWAL,Normal/Others,Repair of Janj Garh,Physical Inspection,Completed,0.4052018195148954,True,medium,statistical,,This work shows unusual patterns across multiple financial and operational metrics compared to similar works.,"Sanction: ₹200,000; Disbursed: ₹200,000; Cost ratio: 1.00; Sanction delay: 7d; Duration: 150d",0.46655597128492476,0.0,0.824465219124755,200000.0,200000.0,1.0,200000.0,7,150.0,2024-09-18,2024-09-25,2025-02-22,0.216399667,6.0,8.0,0.29729,False,False,False,1.0,0.125,0.05,0.6666666666666666,0.6578947368421053
WS/MP747/2024-2025/135704,Tamil Nadu,VIRUDHUNAGAR,Manickam Tagore B,Normal/Others,Construction of Community Hall in Valayapatti Village and panchayat. Thirupparankundram Panchayat Union.,Physical Inspection,Completed,0.4048039831962184,True,medium,vendor,R09,"All ₹2,495,751 of expenditure was directed to a single vendor for this large project, raising concentration risk.","Sanction: ₹2,495,751; Disbursed: ₹2,495,751; Cost ratio: 1.00; Sanction delay: 68d; Duration: 230d",0.6444009245527994,0.5,0.12486786302291009,2495751.0,2495751.0,1.0,2495751.0,68,230.0,2024-09-13,2024-11-20,2025-07-08,1.0,1.0,1.0,1.0,True,False,False,0.0,0.0,1.0,8.31917,1.0087719298245614
WS/MP18161/2024-2025/138091,Rajasthan,BHARATPUR(SC),SANJNA JATAV,Normal/Others,Interlocking Nirman karya ratiram khati ke Ghar se puran naee ke ghar ki or Singarwali; work agency GP rahimgarh,Physical Inspection,Completed,0.40476420757902043,True,medium,statistical,,This work shows unusual patterns across multiple financial and operational metrics compared to similar works.,"Sanction: ₹600,000; Disbursed: ₹599,227; Cost ratio: 1.00; Sanction delay: 103d; Duration: 255d",0.435142926741443,0.0,0.845652788267599,600000.0,599227.0,0.9987116666666667,599227.0,103,255.0,2024-09-01,2024-12-13,2025-08-25,0.7852281450214824,20.0,23.0,0.8853856718739309,False,False,False,0.0,0.0,0.8853856718739309,2.0,1.118421052631579
WS/MP18173/2024-2025/137926,Tamil Nadu,ARANI,THARANIVENTHAN M S,Normal/Others,Construction of New Anganwadi Building ADC in Kommamedu Panchayat,Physical Inspection,Completed,0.4047245281554843,True,medium,vendor,"R05,R09","Completed work worth ₹1,768,860 has no verification photograph attached, which is a compliance gap. All ₹1,768,860 of expenditure was directed to a single vendor for this large project, raising concentration risk.","Sanction: ₹1,768,860; Disbursed: ₹1,768,860; Cost ratio: 1.00; Sanction delay: 19d; Duration: 475d",0.4332336279677352,0.55,0.21833177475300147,1768860.0,1768860.0,1.0,1768860.0,19,475.0,2024-09-05,2024-09-24,2026-01-12,1.0,1.0,1.0,1.0,True,True,False,0.0,0.0,1.0,5.8962,2.0833333333333335
WS/MP386/2024-2025/147121,Rajasthan,NAGAUR,Shri Hanuman Beniwal,Normal/Others,"Purchasing and installation of New Material (Pipe, moter pump,cable etc ) in megholai nadi of village- dantina (429-2)",Physical Inspection,Completed,0.40467378494696365,True,medium,financial,R10,"90% of total funds were disbursed in the first payment, despite having 2.0 total payments, indicating excessive upfront payment.","Sanction: ₹199,582; Disbursed: ₹199,582; Cost ratio: 1.00; Sanction delay: 59d; Duration: 306d",0.133790034315947,0.75,0.20350364676564814,199582.0,199582.0,1.0,199582.0,59,306.0,2024-10-14,2024-12-12,2025-10-14,1.0,1.0,2.0,1.0,True,False,False,1.0,0.5,0.9018849395236044,0.6652733333333334,1.3421052631578947
WS/MP745/2024-2025/138572,Tamil Nadu,TIRUPPUR,K Subbarayan,Normal/Others,"Construction of 30000 ltr OHT at Aathiyur Kalaivani garden H/o. Veliampathi, Uthukuli Block",Physical Inspection,Completed,0.4046716180839197,True,medium,financial,R07,"1 out of 1.0 payments (100%) fall just below statutory thresholds, suggesting potential contract splitting.","Sanction: ₹998,871; Disbursed: ₹998,871; Cost ratio: 1.00; Sanction delay: 192d; Duration: 12d",0.20861099828489807,0.75,0.1500539100362719,998871.0,998871.0,1.0,998871.0,192,12.0,2024-09-03,2025-03-14,2025-03-26,1.0,1.0,1.0,1.0,True,False,False,1.0,1.0,1.0,3.32957,0.05263157894736842
WS/MP661/2025-2026/146563,Maharashtra,SHIRUR,Amol Ramsing Kolhe,Normal/Others,"Construction of road  from Sanand road to bharti gold society At. Wagholi Tq. haveli, Dist. Pune",Physical Inspection,Completed,0.4046054119522111,True,medium,financial,R07,"1 out of 1.0 payments (100%) fall just below statutory thresholds, suggesting potential contract splitting.","Sanction: ₹995,405; Disbursed: ₹995,405; Cost ratio: 1.00; Sanction delay: 194d; Duration: 17d",0.208071595601994,0.75,0.15025003729060726,995405.0,995405.0,1.0,995405.0,194,17.0,2024-10-09,2025-04-21,2025-05-08,1.0,1.0,1.0,1.0,True,False,False,1.0,1.0,1.0,3.318016666666667,0.07456140350877193
WS/MP716/2024-2025/142660,Punjab,BHATINDA,Smt Harsimrat Kaur Badal,Normal/Others,Construction of Gym Room,Physical Inspection,Completed,0.40457794063286984,True,medium,statistical,,This work shows unusual patterns across multiple financial and operational metrics compared to similar works.,"Sanction: ₹199,999; Disbursed: ₹199,999; Cost ratio: 1.00; Sanction delay: 60d; Duration: 472d",0.45821921870140897,0.0,0.8286375313071932,199999.0,199999.0,1.0,199999.0,60,472.0,2024-09-23,2024-11-22,2026-03-09,0.23436905980973885,5.0,10.0,0.30889154445772227,False,False,False,0.0,0.0,0.05890029450147251,0.6666633333333334,2.0701754385964914
WS/MP18394/2024-2025/147417,Tamil Nadu,NAMAKKAL,V S Matheswaran,Normal/Others,Construction of OHT (60000 Lr.)Elachipalayam Panchayat Union Akaram Panchayat,Physical Inspection,Completed,0.4041734348077489,True,medium,vendor,R09,"All ₹1,532,566 of expenditure was directed to a single vendor for this large project, raising concentration risk.","Sanction: ₹1,532,566; Disbursed: ₹1,532,566; Cost ratio: 1.00; Sanction delay: 11d; Duration: 620d",0.3479490695414347,0.5,0.33481762120682923,1532566.0,1532566.0,1.0,1532566.0,11,620.0,2024-10-17,2024-10-28,2026-07-10,1.0,1.0,1.0,1.0,True,False,False,0.0,0.0,1.0,5.108553333333333,2.719298245614035
WS/MP761/2024-2025/144943,Telangana,NIZAMABAD,Arvind Dharmapuri,Normal/Others,Construction of Community hall Near Sarva Samaj Bhavan in Armoor town,Physical Inspection,Completed,0.4041429524145011,True,medium,financial,"R04,R07","This ₹495,000 work was completed in only 0 days, which is suspiciously fast for a project of this budget. 1 out of 1.0 payments (100%) fall just below statutory thresholds, suggesting potential contract splitting.","Sanction: ₹495,000; Disbursed: ₹495,000; Cost ratio: 1.00; Sanction delay: 35d; Vendor HHI: 1.00",0.14368346488460526,0.8250000000000001,0.1092059605524277,495000.0,495000.0,1.0,495000.0,35,0.0,2024-10-01,2024-11-05,2024-11-05,1.0,1.0,1.0,1.0,True,False,False,1.0,1.0,1.0,1.65,0.0
WS/MP761/2024-2025/144974,Telangana,NIZAMABAD,Arvind Dharmapuri,Normal/Others,Construction of Compound Wall to Mahalaxmi Colony Community Hall,Physical Inspection,Completed,0.4041429524145011,True,medium,financial,"R04,R07","This ₹495,000 work was completed in only 0 days, which is suspiciously fast for a project of this budget. 1 out of 1.0 payments (100%) fall just below statutory thresholds, suggesting potential contract splitting.","Sanction: ₹495,000; Disbursed: ₹495,000; Cost ratio: 1.00; Sanction delay: 35d; Vendor HHI: 1.00",0.14368346488460526,0.8250000000000001,0.1092059605524277,495000.0,495000.0,1.0,495000.0,35,0.0,2024-10-01,2024-11-05,2024-11-05,1.0,1.0,1.0,1.0,True,False,False,1.0,1.0,1.0,1.65,0.0
WS/MP18183/2025-2026/143383,Tamil Nadu,THANJAVUR,MURASOLI S,Normal/Others,"Construction of New PDS Building Near Panchayat Council Office in Kannur Annavasal Panchayat ,needamangalam",Physical Inspection,Completed,0.40382515735006025,True,medium,vendor,"R05,R09","Completed work worth ₹1,329,811 has no verification photograph attached, which is a compliance gap. All ₹1,329,811 of expenditure was directed to a single vendor for this large project, raising concentration risk.","Sanction: ₹1,329,811; Disbursed: ₹1,329,811; Cost ratio: 1.00; Sanction delay: 308d; Duration: 126d",0.2792885057980417,0.55,0.32572294543014235,1329811.0,1329811.0,1.0,1329811.0,308,126.0,2024-09-25,2025-07-30,2025-12-03,1.0,1.0,2.0,1.0,True,True,False,1.0,0.5,0.6277125095220298,4.432703333333333,0.5526315789473685
WS/MP18158/2024-2025/141824,Punjab,PATIALA,DR DHARAMVIRA GANDHI,Normal/Others,Construction of one toilet in Govt Middle School Fatehpur,Physical Inspection,Completed,0.40368695688024747,True,medium,statistical,,This work shows unusual patterns across multiple financial and operational metrics compared to similar works.,"Sanction: ₹80,000; Disbursed: ₹80,000; Cost ratio: 1.00; Sanction delay: 120d; Duration: 375d",0.4509069024546809,0.0,0.831314946475935,80000.0,80000.0,1.0,80000.0,120,375.0,2024-09-19,2025-01-17,2026-01-27,0.150199305625,10.0,11.0,0.225,False,False,False,0.0,0.0,0.145,0.26666666666666666,1.644736842105263
WS/MP494/2024-2025/137208,Uttar Pradesh,AGRA(SC),Prof SP Singh Baghel,Normal/Others,CC WORK IN GADHI BHADAURIYA LOKESH SHARMA TO SUNITA SHARMA HOUSE 180 MEETAR,Physical Inspection,Completed,0.4036813062740636,True,medium,vendor,R09,"All ₹2,076,979 of expenditure was directed to a single vendor for this large project, raising concentration risk.","Sanction: ₹2,076,979; Disbursed: ₹2,076,979; Cost ratio: 1.00; Sanction delay: 32d; Duration: 209d",0.5390425070589879,0.5,0.1969162271694761,2076979.0,2076979.0,1.0,2076979.0,32,209.0,2024-08-27,2024-09-28,2025-04-25,1.0,1.0,2.0,1.0,True,False,False,0.0,0.0,0.7502502432619684,6.923263333333334,0.9166666666666666
WS/MP423/2024-2025/139240,West Bengal,DIAMOND HARBOUR,Shri Abhishek Banerjee,Normal/Others,Construction of CC Road from H/O Raju Mahato to H/O Sanjib Bachhar at Natun  Pole. (311.45 mtr),Work partially Completed,Ongoing,0.4036602377677523,True,medium,financial,R07,"1 out of 1.0 payments (100%) fall just below statutory thresholds, suggesting potential contract splitting.","Sanction: ₹499,939; Disbursed: ₹499,350; Cost ratio: 1.00; Sanction delay: 95d; Vendor HHI: 1.00",0.38232731537076803,0.75,0.023081168357314885,499939.0,499350.0,0.9988218562664645,,95,,2024-09-05,2024-12-09,,1.0,1.0,1.0,1.0,True,False,False,1.0,1.0,1.0,1.6664633333333334,
WS/MP18253/2024-2025/136911,West Bengal,MATHURAPUR(SC),BAPI HALDAR,Normal/Others,CONSTRUCTION OF MEETING HALL AT RAIDIGHI HOSPITAL,Work Completed,Completed,0.40350567326538944,True,medium,vendor,R09,"All ₹1,113,444 of expenditure was directed to a single vendor for this large project, raising concentration risk.","Sanction: ₹1,116,804; Disbursed: ₹1,113,444; Cost ratio: 1.00; Sanction delay: 108d; Duration: 255d",0.5132707743216454,0.5,0.2148227990999374,1116804.0,1113444.0,0.9969914147871963,1113444.0,108,255.0,2024-08-24,2024-12-10,2025-08-22,1.0,1.0,2.0,1.0,True,False,False,0.0,0.0,0.3307180244358944,3.72268,1.118421052631579
WS/MP18019/2024-2025/137596,Assam,Diphu (ST),AMARSING TISSO,Repair and Renovation,"Improvement of open stage at Govt. Boys Higher Secondary playground, Diphu",Physical Inspection,Completed,0.4035010615824034,True,medium,financial,"R04,R07","This ₹499,190 work was completed in only 2 days, which is suspiciously fast for a project of this budget. 1 out of 1.0 payments (100%) fall just below statutory thresholds, suggesting potential contract splitting.","Sanction: ₹499,190; Disbursed: ₹499,190; Cost ratio: 1.00; Sanction delay: 114d; Duration: 2d",0.14235908596372948,0.8250000000000001,0.10831797168991708,499190.0,499190.0,1.0,499190.0,114,2.0,2024-08-29,2024-12-21,2024-12-23,1.0,1.0,1.0,1.0,True,False,False,1.0,1.0,1.0,1.0017358149801836,0.009900990099009901
WS/MP18155/2024-2025/141575,Punjab,HOSHIARPUR(SC),DR. RAJ KUMAR CHABBEWAL,Normal/Others,Construction of Streets & Drains,Physical Inspection,Completed,0.4034759133878699,True,medium,statistical,,This work shows unusual patterns across multiple financial and operational metrics compared to similar works.,"Sanction: ₹300,000; Disbursed: ₹300,000; Cost ratio: 1.00; Sanction delay: 7d; Duration: 162d",0.4308764080329017,0.0,0.8450194610846986,300000.0,300000.0,1.0,300000.0,7,162.0,2024-09-18,2024-09-25,2025-03-06,0.35898911111111115,8.0,11.0,0.49933333333333335,False,False,False,2.0,0.18181818181818182,0.02666666666666667,1.0,0.7105263157894737
WS/MP18394/2024-2025/148080,Tamil Nadu,NAMAKKAL,V S Matheswaran,Normal/Others,"10.001 - Construction of roads, in Paver Block in Namakkal Municipality",Physical Inspection,Completed,0.4032302600547417,True,medium,vendor,R09,"All ₹2,320,000 of expenditure was directed to a single vendor for this large project, raising concentration risk.","Sanction: ₹2,320,000; Disbursed: ₹2,320,000; Cost ratio: 1.00; Sanction delay: 11d; Duration: 151d",0.6065675960867739,0.5,0.1473953172372806,2320000.0,2320000.0,1.0,2320000.0,11,151.0,2024-10-17,2024-10-28,2025-03-28,1.0,1.0,1.0,1.0,True,False,False,0.0,0.0,1.0,7.733333333333333,0.6622807017543859
WS/MP747/2025-2026/147476,Tamil Nadu,VIRUDHUNAGAR,Manickam Tagore B,Normal/Others,Construction of Bus shelter in Kandiyapuram village at Muthusamypuram Panchayat,Physical Inspection,Completed,0.4032181751521779,True,medium,temporal,R04,"This ₹749,622 work was completed in only 1 days, which is suspiciously fast for a project of this budget.","Sanction: ₹749,622; Disbursed: ₹749,622; Cost ratio: 1.00; Sanction delay: 225d; Duration: 1d",0.1836172846845039,0.75,0.16375386851729112,749622.0,749622.0,1.0,749622.0,225,1.0,2024-12-03,2025-07-16,2025-07-17,1.0,1.0,1.0,1.0,True,False,False,0.0,0.0,1.0,2.49874,0.0043859649122807015
WS/MP18155/2024-2025/141705,Punjab,HOSHIARPUR(SC),DR. RAJ KUMAR CHABBEWAL,Normal/Others,Construction of SC Shamshan Ghat,Physical Inspection,Completed,0.4032129883073293,True,medium,statistical,,This work shows unusual patterns across multiple financial and operational metrics compared to similar works.,"Sanction: ₹200,000; Disbursed: ₹200,000; Cost ratio: 1.00; Sanction delay: 4d; Duration: 162d",0.4192290628285988,0.0,0.852587778857656,200000.0,200000.0,1.0,200000.0,4,162.0,2024-09-19,2024-09-23,2025-03-04,0.265231875,6.0,10.0,0.342,False,False,False,0.0,0.0,0.152,0.6666666666666666,0.7105263157894737
WS/MP18031/2024-2025/143489,Bihar,AURANGABAD_BR,ABHAY KUMAR SINHA,Normal/Others,purchase of books for school library. sanction of five for lacs each school,Physical Inspection,Completed,0.40321077319348686,True,medium,financial,"R04,R07","This ₹499,385 work was completed in only 2 days, which is suspiciously fast for a project of this budget. 1 out of 1.0 payments (100%) fall just below statutory thresholds, suggesting potential contract splitting.","Sanction: ₹499,385; Disbursed: ₹499,385; Cost ratio: 1.00; Sanction delay: 112d; Duration: 2d",0.14237980353311053,0.8250000000000001,0.10747377802916902,499385.0,499385.0,1.0,499385.0,112,2.0,2024-09-25,2025-01-15,2025-01-17,1.0,1.0,1.0,1.0,True,False,False,1.0,1.0,1.0,1.6646166666666666,0.008771929824561403
WS/MP18232/2024-2025/140701,Uttar Pradesh,MUZAFFARNAGAR,HARENDRA SINGH MALIK,Normal/Others,"gram-jaula, ward no-13, block-budhana, tehsil-budhana me mukhy marg se haji leela ke makan ki pulia tak cc road ka nirman 300 meter",Work partially Completed,Ongoing,0.40310559101184146,True,medium,vendor,R09,"All ₹1,196,609 of expenditure was directed to a single vendor for this large project, raising concentration risk.","Sanction: ₹1,198,000; Disbursed: ₹1,196,609; Cost ratio: 1.00; Sanction delay: 95d; Vendor HHI: 1.00",0.47687936740275927,0.5,0.23967356903186177,1198000.0,1196609.0,0.998838898163606,,95,,2024-09-14,2024-12-18,,1.0,1.0,2.0,1.0,True,False,False,0.0,0.0,0.5280872866575465,3.993333333333333,
WS/MP685/2024-2025/143363,Maharashtra,MAVAL,Shrirang Appa Barne,Normal/Others,Installing Open Jim At Kivle Mamurdi Near PCMC Water Tank,Physical Inspection,Completed,0.40299077620541907,True,medium,financial,R07,"1 out of 1.0 payments (100%) fall just below statutory thresholds, suggesting potential contract splitting.","Sanction: ₹998,243; Disbursed: ₹998,243; Cost ratio: 1.00; Sanction delay: 183d; Duration: 11d",0.20851319934816992,0.75,0.14532136105250437,998243.0,998243.0,1.0,998243.0,183,11.0,2024-09-25,2025-03-27,2025-04-07,1.0,1.0,1.0,1.0,True,False,False,1.0,1.0,1.0,3.3274766666666666,0.04824561403508772
WS/MP18172/2024-2025/141763,Rajasthan,UDAIPUR(ST),MANNA LAL RAWAT,Normal/Others,"???? ?????? ??????? ????? , ???? ??????, ?????, ??????? , ???????",Work partially Completed,Ongoing,0.40294589901333466,True,medium,statistical,,This work shows unusual patterns across multiple financial and operational metrics compared to similar works.,"Sanction: ₹593,000; Disbursed: ₹400,000; Cost ratio: 0.67; Sanction delay: 116d; Vendor HHI: 0.62",0.5192059467031601,0.0,0.7804126066786992,593000.0,400000.0,0.6745362563237775,,116,,2024-09-19,2025-01-13,,0.625,2.0,5.0,0.75,False,False,False,0.0,0.0,0.25,1.9766666666666666,
WS/MP18391/2024-2025/140323,Nagaland,NAGALAND,S SUPONGMEREN JAMIR,Normal/Others,Construction of fishery pond,Physical Inspection,Completed,0.40285075588871744,True,medium,vendor,R09,"All ₹1,700,000 of expenditure was directed to a single vendor for this large project, raising concentration risk.","Sanction: ₹1,700,000; Disbursed: ₹1,700,000; Cost ratio: 1.00; Sanction delay: 58d; Duration: 103d",0.4082476322441162,0.5,0.28796813665053833,1700000.0,1700000.0,1.0,1700000.0,58,103.0,2024-09-11,2024-11-08,2025-02-19,1.0,1.0,2.0,1.0,True,False,False,0.0,0.0,0.5,5.666666666666667,0.4517543859649123
WS/MP18323/2025-2026/147142,Maharashtra,LATUR(SC),DR KALGE SHIVAJI BANDAPPA,Normal/Others,"Construction of cement road from Shivanand Aniba Jadhav's house to Trimbak Patwari's house at Tondar, Tq.Udgir, District Latur",Physical Inspection,Completed,0.40276054825140883,True,medium,financial,R07,"1 out of 1.0 payments (100%) fall just below statutory thresholds, suggesting potential contract splitting.","Sanction: ₹991,691; Disbursed: ₹991,691; Cost ratio: 1.00; Sanction delay: 183d; Duration: 13d",0.20749457899071852,0.75,0.14539115286779758,991691.0,991691.0,1.0,991691.0,183,13.0,2024-10-14,2025-04-15,2025-04-28,1.0,1.0,1.0,1.0,True,False,False,1.0,1.0,1.0,3.3056366666666666,0.05701754385964912
WS/MP18155/2024-2025/141780,Punjab,HOSHIARPUR(SC),DR. RAJ KUMAR CHABBEWAL,Normal/Others,Construction of Street,Physical Inspection,Completed,0.40250748506107265,True,medium,statistical,,This work shows unusual patterns across multiple financial and operational metrics compared to similar works.,"Sanction: ₹200,000; Disbursed: ₹200,000; Cost ratio: 1.00; Sanction delay: 5d; Duration: 397d",0.3901208412175128,0.0,0.8713636421619843,200000.0,200000.0,1.0,200000.0,5,397.0,2024-09-20,2024-09-25,2025-10-27,0.30114537500000005,10.0,12.0,0.397,False,False,False,1.0,0.08333333333333333,0.2125,0.6666666666666666,1.7412280701754386
WS/MP347/2024-2025/138112,Kerala,MAVELIKKARA(SC),Shri Suresh Kodikunnil,Normal/Others,"Construction of side protection wall and concreating of Erattakottu Palanirappil road in ward 8, Neduvathur Grama Panchayath (SC)",Physical Inspection,Completed,0.4021921092391983,True,medium,vendor,"R04,R09","This ₹1,254,628 work was completed in only 2 days, which is suspiciously fast for a project of this budget. All ₹1,254,628 of expenditure was directed to a single vendor for this large project, raising concentration risk.","Sanction: ₹1,254,628; Disbursed: ₹1,254,628; Cost ratio: 1.00; Sanction delay: 6d; Duration: 2d",0.25577528664327176,0.6875,0.1807093930810867,1254628.0,1254628.0,1.0,1254628.0,6,2.0,2024-09-01,2024-09-07,2024-09-09,1.0,1.0,1.0,1.0,True,False,False,0.0,0.0,1.0,4.182093333333333,0.008771929824561403
WS/MP541/2026-2027/141491,Assam,NOWGONG,Pradyut Bordoloi,Repair and Renovation,"Repairing of public reading room at Dakhin Solmari near Subahi Muktab, Magurmari GP.",Sanction,To Be Implemented,0.401885170926937,True,medium,temporal,R03,"Sanction was delayed by 611 days after recommendation, far exceeding the typical processing time.","Sanction: ₹200,000; Sanction delay: 611d; Vendor HHI: 1.00",0.40215956723942425,0.5,0.289557940334517,200000.0,,,,611,,2024-12-02,2026-08-05,,1.0,,,1.0,False,False,False,,,,0.40134450408869715,
WS/MP18031/2024-2025/143488,Bihar,AURANGABAD_BR,ABHAY KUMAR SINHA,Normal/Others,purchase of books for school library. sanction of five for lacs each school,Physical Inspection,Completed,0.4018227461799709,True,medium,financial,"R04,R07","This ₹499,385 work was completed in only 5 days, which is suspiciously fast for a project of this budget. 1 out of 1.0 payments (100%) fall just below statutory thresholds, suggesting potential contract splitting.","Sanction: ₹499,385; Disbursed: ₹499,385; Cost ratio: 1.00; Sanction delay: 112d; Duration: 5d",0.14237980353311053,0.8250000000000001,0.10350798656198046,499385.0,499385.0,1.0,499385.0,112,5.0,2024-09-25,2025-01-15,2025-01-20,1.0,1.0,1.0,1.0,True,False,False,1.0,1.0,1.0,1.6646166666666666,0.021929824561403508
WS/MP18031/2024-2025/143491,Bihar,AURANGABAD_BR,ABHAY KUMAR SINHA,Normal/Others,purchase of books for school library. sanction of five for lacs each school,Physical Inspection,Completed,0.4018227461799709,True,medium,financial,"R04,R07","This ₹499,385 work was completed in only 5 days, which is suspiciously fast for a project of this budget. 1 out of 1.0 payments (100%) fall just below statutory thresholds, suggesting potential contract splitting.","Sanction: ₹499,385; Disbursed: ₹499,385; Cost ratio: 1.00; Sanction delay: 112d; Duration: 5d",0.14237980353311053,0.8250000000000001,0.10350798656198046,499385.0,499385.0,1.0,499385.0,112,5.0,2024-09-25,2025-01-15,2025-01-20,1.0,1.0,1.0,1.0,True,False,False,1.0,1.0,1.0,1.6646166666666666,0.021929824561403508
WS/MP18031/2024-2025/143490,Bihar,AURANGABAD_BR,ABHAY KUMAR SINHA,Normal/Others,purchase of books for school library. sanction of five for lacs each school,Physical Inspection,Completed,0.4018227461799709,True,medium,financial,"R04,R07","This ₹499,385 work was completed in only 5 days, which is suspiciously fast for a project of this budget. 1 out of 1.0 payments (100%) fall just below statutory thresholds, suggesting potential contract splitting.","Sanction: ₹499,385; Disbursed: ₹499,385; Cost ratio: 1.00; Sanction delay: 112d; Duration: 5d",0.14237980353311053,0.8250000000000001,0.10350798656198046,499385.0,499385.0,1.0,499385.0,112,5.0,2024-09-25,2025-01-15,2025-01-20,1.0,1.0,1.0,1.0,True,False,False,1.0,1.0,1.0,1.6646166666666666,0.021929824561403508
WS/MP18031/2024-2025/143515,Bihar,AURANGABAD_BR,ABHAY KUMAR SINHA,Normal/Others,purchase of books for school library. sanction of five lacs for  each and every school,Physical Inspection,Completed,0.4018227461799709,True,medium,financial,"R04,R07","This ₹499,385 work was completed in only 5 days, which is suspiciously fast for a project of this budget. 1 out of 1.0 payments (100%) fall just below statutory thresholds, suggesting potential contract splitting.","Sanction: ₹499,385; Disbursed: ₹499,385; Cost ratio: 1.00; Sanction delay: 112d; Duration: 5d",0.14237980353311053,0.8250000000000001,0.10350798656198046,499385.0,499385.0,1.0,499385.0,112,5.0,2024-09-25,2025-01-15,2025-01-20,1.0,1.0,1.0,1.0,True,False,False,1.0,1.0,1.0,1.6646166666666666,0.021929824561403508
WS/MP18031/2024-2025/143518,Bihar,AURANGABAD_BR,ABHAY KUMAR SINHA,Normal/Others,purchase of books for school library. sanction of five lacs for  each and every school,Physical Inspection,Completed,0.4018227461799709,True,medium,financial,"R04,R07","This ₹499,385 work was completed in only 5 days, which is suspiciously fast for a project of this budget. 1 out of 1.0 payments (100%) fall just below statutory thresholds, suggesting potential contract splitting.","Sanction: ₹499,385; Disbursed: ₹499,385; Cost ratio: 1.00; Sanction delay: 112d; Duration: 5d",0.14237980353311053,0.8250000000000001,0.10350798656198046,499385.0,499385.0,1.0,499385.0,112,5.0,2024-09-25,2025-01-15,2025-01-20,1.0,1.0,1.0,1.0,True,False,False,1.0,1.0,1.0,1.6646166666666666,0.021929824561403508
WS/MP18031/2024-2025/143517,Bihar,AURANGABAD_BR,ABHAY KUMAR SINHA,Normal/Others,purchase of books for school library. sanction of five lacs for  each and every school,Physical Inspection,Completed,0.4018227461799709,True,medium,financial,"R04,R07","This ₹499,385 work was completed in only 5 days, which is suspiciously fast for a project of this budget. 1 out of 1.0 payments (100%) fall just below statutory thresholds, suggesting potential contract splitting.","Sanction: ₹499,385; Disbursed: ₹499,385; Cost ratio: 1.00; Sanction delay: 112d; Duration: 5d",0.14237980353311053,0.8250000000000001,0.10350798656198046,499385.0,499385.0,1.0,499385.0,112,5.0,2024-09-25,2025-01-15,2025-01-20,1.0,1.0,1.0,1.0,True,False,False,1.0,1.0,1.0,1.6646166666666666,0.021929824561403508
WS/MP18031/2024-2025/143527,Bihar,AURANGABAD_BR,ABHAY KUMAR SINHA,Normal/Others,purchase of books for school library. sanction five lacs for every school.,Physical Inspection,Completed,0.4018227461799709,True,medium,financial,"R04,R07","This ₹499,385 work was completed in only 5 days, which is suspiciously fast for a project of this budget. 1 out of 1.0 payments (100%) fall just below statutory thresholds, suggesting potential contract splitting.","Sanction: ₹499,385; Disbursed: ₹499,385; Cost ratio: 1.00; Sanction delay: 112d; Duration: 5d",0.14237980353311053,0.8250000000000001,0.10350798656198046,499385.0,499385.0,1.0,499385.0,112,5.0,2024-09-25,2025-01-15,2025-01-20,1.0,1.0,1.0,1.0,True,False,False,1.0,1.0,1.0,1.6646166666666666,0.021929824561403508
WS/MP18031/2024-2025/143514,Bihar,AURANGABAD_BR,ABHAY KUMAR SINHA,Normal/Others,purchase of books for school library. sanction of five lacs for  each and every school,Physical Inspection,Completed,0.4018227461799709,True,medium,financial,"R04,R07","This ₹499,385 work was completed in only 5 days, which is suspiciously fast for a project of this budget. 1 out of 1.0 payments (100%) fall just below statutory thresholds, suggesting potential contract splitting.","Sanction: ₹499,385; Disbursed: ₹499,385; Cost ratio: 1.00; Sanction delay: 112d; Duration: 5d",0.14237980353311053,0.8250000000000001,0.10350798656198046,499385.0,499385.0,1.0,499385.0,112,5.0,2024-09-25,2025-01-15,2025-01-20,1.0,1.0,1.0,1.0,True,False,False,1.0,1.0,1.0,1.6646166666666666,0.021929824561403508
WS/MP18031/2024-2025/143516,Bihar,AURANGABAD_BR,ABHAY KUMAR SINHA,Normal/Others,purchase of books for school library. sanction of five lacs for  each and every school,Physical Inspection,Completed,0.4018227461799709,True,medium,financial,"R04,R07","This ₹499,385 work was completed in only 5 days, which is suspiciously fast for a project of this budget. 1 out of 1.0 payments (100%) fall just below statutory thresholds, suggesting potential contract splitting.","Sanction: ₹499,385; Disbursed: ₹499,385; Cost ratio: 1.00; Sanction delay: 112d; Duration: 5d",0.14237980353311053,0.8250000000000001,0.10350798656198046,499385.0,499385.0,1.0,499385.0,112,5.0,2024-09-25,2025-01-15,2025-01-20,1.0,1.0,1.0,1.0,True,False,False,1.0,1.0,1.0,1.6646166666666666,0.021929824561403508
WS/MP18031/2024-2025/143513,Bihar,AURANGABAD_BR,ABHAY KUMAR SINHA,Normal/Others,purchase of books for school library. sanction of five lacs for  each and every school,Physical Inspection,Completed,0.4018227461799709,True,medium,financial,"R04,R07","This ₹499,385 work was completed in only 5 days, which is suspiciously fast for a project of this budget. 1 out of 1.0 payments (100%) fall just below statutory thresholds, suggesting potential contract splitting.","Sanction: ₹499,385; Disbursed: ₹499,385; Cost ratio: 1.00; Sanction delay: 112d; Duration: 5d",0.14237980353311053,0.8250000000000001,0.10350798656198046,499385.0,499385.0,1.0,499385.0,112,5.0,2024-09-25,2025-01-15,2025-01-20,1.0,1.0,1.0,1.0,True,False,False,1.0,1.0,1.0,1.6646166666666666,0.021929824561403508
WS/MP18031/2024-2025/143512,Bihar,AURANGABAD_BR,ABHAY KUMAR SINHA,Normal/Others,purchase of books for school library. sanction of five lacs for  each and every school,Physical Inspection,Completed,0.4018227461799709,True,medium,financial,"R04,R07","This ₹499,385 work was completed in only 5 days, which is suspiciously fast for a project of this budget. 1 out of 1.0 payments (100%) fall just below statutory thresholds, suggesting potential contract splitting.","Sanction: ₹499,385; Disbursed: ₹499,385; Cost ratio: 1.00; Sanction delay: 112d; Duration: 5d",0.14237980353311053,0.8250000000000001,0.10350798656198046,499385.0,499385.0,1.0,499385.0,112,5.0,2024-09-25,2025-01-15,2025-01-20,1.0,1.0,1.0,1.0,True,False,False,1.0,1.0,1.0,1.6646166666666666,0.021929824561403508
WS/MP18031/2024-2025/143492,Bihar,AURANGABAD_BR,ABHAY KUMAR SINHA,Normal/Others,purchase of books for school library. sanction of five lacs of each school,Physical Inspection,Completed,0.4018227461799709,True,medium,financial,"R04,R07","This ₹499,385 work was completed in only 5 days, which is suspiciously fast for a project of this budget. 1 out of 1.0 payments (100%) fall just below statutory thresholds, suggesting potential contract splitting.","Sanction: ₹499,385; Disbursed: ₹499,385; Cost ratio: 1.00; Sanction delay: 112d; Duration: 5d",0.14237980353311053,0.8250000000000001,0.10350798656198046,499385.0,499385.0,1.0,499385.0,112,5.0,2024-09-25,2025-01-15,2025-01-20,1.0,1.0,1.0,1.0,True,False,False,1.0,1.0,1.0,1.6646166666666666,0.021929824561403508
WS/MP18339/2024-2025/141966,Uttar Pradesh,KAISERGANJ,KARAN BHUSHAN SINGH,Normal/Others,Sr.No. 03 Interlocking work of 250 m length from Poorepathak Chandpur to Shuklanpurwa.,Work partially Completed,Ongoing,0.40150716832122146,True,medium,vendor,R09,"All ₹1,266,963 of expenditure was directed to a single vendor for this large project, raising concentration risk.","Sanction: ₹1,269,000; Disbursed: ₹1,266,963; Cost ratio: 1.00; Sanction delay: 61d; Vendor HHI: 1.00",0.5323446471771989,0.5,0.19548859007691932,1269000.0,1266963.0,0.9983947990543736,,61,,2024-09-20,2024-11-20,,1.0,1.0,2.0,1.0,True,False,False,0.0,0.0,0.5939676217853245,4.23,
WS/MP18161/2024-2025/138104,Rajasthan,BHARATPUR(SC),SANJNA JATAV,Normal/Others,Interlocking sadak Nirman karya mukhya sadak se atar Singh jatav ke ghar ki or work agency GP khareri,Work partially Completed,Ongoing,0.40145119091484616,True,medium,statistical,,This work shows unusual patterns across multiple financial and operational metrics compared to similar works.,"Sanction: ₹600,000; Disbursed: ₹584,416; Cost ratio: 0.97; Sanction delay: 128d; Vendor HHI: 0.78",0.46387136143885777,0.0,0.8156667158718051,600000.0,584416.0,0.9740266666666667,,128,,2024-09-01,2025-01-07,,0.7837543306623946,13.0,14.0,0.8845000821332749,False,False,False,0.0,0.0,0.872666046104145,2.0,
WS/MP740/2025-2026/140335,Tamil Nadu,NILGIRIS(SC),Andimuthu Raja,Normal/Others,Construction of Passenger Shelter at Alagiri Colony Bus Stop H/O Ariyappam Palayam Town Panchayat,Physical Inspection,Completed,0.40111094112070345,True,medium,temporal,R04,"This ₹500,000 work was completed in only 0 days, which is suspiciously fast for a project of this budget.","Sanction: ₹500,000; Disbursed: ₹500,000; Cost ratio: 1.00; Sanction delay: 247d; Vendor HHI: 1.00",0.1961142808109051,0.75,0.14880677405136322,500000.0,500000.0,1.0,500000.0,247,0.0,2024-09-11,2025-05-16,2025-05-16,1.0,1.0,1.0,1.0,True,False,False,0.0,0.0,1.0,1.6666666666666667,0.0
WS/MP484/2024-2025/145614,West Bengal,KOLKATA DAKSHIN,Mala Roy,Normal/Others,DEVELOPMENT OF LIGHTING SYSTEM ALONG FOOTPATH OF BOTH SIDES OF DR. MEGHNAD SAHA SARANI (SOUTHERN AVENUE) IN WARD NO. 87,Work Completed,Completed,0.4008524228710991,True,medium,vendor,R09,"All ₹1,496,860 of expenditure was directed to a single vendor for this large project, raising concentration risk.","Sanction: ₹1,499,000; Disbursed: ₹1,496,860; Cost ratio: 1.00; Sanction delay: 40d; Duration: 442d",0.5624926303124946,0.5,0.17208361512278703,1499000.0,1496860.0,0.9985723815877251,1496860.0,40,442.0,2024-10-05,2024-11-14,2026-01-30,1.0,1.0,1.0,1.0,True,False,False,0.0,0.0,1.0,4.996666666666667,1.9385964912280702
WS/MP18308/2025-2026/145420,Maharashtra,MUMBAI NORTH WEST,RAVINDRA DATTARAM WAIKAR,Normal/Others,"Construction of Road Near Devrukhakarwadi to Aaditya Industrial  Estate, Malad (W)",Vendor Identification,Ongoing,0.4007570686734303,True,medium,vendor,R09,"All ₹1,998,481 of expenditure was directed to a single vendor for this large project, raising concentration risk.","Sanction: ₹2,000,000; Disbursed: ₹1,998,481; Cost ratio: 1.00; Sanction delay: 302d; Vendor HHI: 1.00",0.5135710113146555,0.5,0.20675518812790405,2000000.0,1998481.0,0.9992405,,302,,2024-10-08,2025-08-06,,1.0,1.0,1.0,1.0,True,False,False,0.0,0.0,1.0,6.666666666666667,
WS/MP18161/2024-2025/141088,Rajasthan,BHARATPUR(SC),SANJNA JATAV,Normal/Others,cc/interlocking with nali nirman karya mukhya sadak se balli ke ghar ghar ki tARAF GRAM moroli work agency gp jaspura moroli,Work partially Completed,Ongoing,0.40064892082840997,True,medium,statistical,,This work shows unusual patterns across multiple financial and operational metrics compared to similar works.,"Sanction: ₹500,000; Disbursed: ₹499,036; Cost ratio: 1.00; Sanction delay: 93d; Vendor HHI: 0.74",0.47778581517077223,0.0,0.8034356201020483,500000.0,499036.0,0.998072,,93,,2024-09-15,2024-12-17,,0.7376637479241142,14.0,15.0,0.8577657724092049,False,False,False,0.0,0.0,0.7514487932734312,1.6666666666666667,
WS/MP18220/2024-2025/147977,Uttar Pradesh,HATHRAS (SC),ANOOP PRADHAN BALMIKI,Normal/Others,Gram Kalupura Nagla Banjara Block Hasayan mai Dubhaee marg se Indal Banjara kai ghar ki taraf 230 miter interlocking karya,Physical Inspection,Completed,0.40060673828477145,True,medium,vendor,"R05,R09","Completed work worth ₹1,599,961 has no verification photograph attached, which is a compliance gap. All ₹1,599,961 of expenditure was directed to a single vendor for this large project, raising concentration risk.","Sanction: ₹1,599,961; Disbursed: ₹1,599,961; Cost ratio: 1.00; Sanction delay: 12d; Duration: 65d",0.372007948282182,0.55,0.25029928918350275,1599961.0,1599961.0,1.0,1599961.0,12,65.0,2024-10-17,2024-10-29,2025-01-02,1.0,1.0,2.0,1.0,True,True,False,0.0,0.0,0.7440812619807607,5.3332033333333335,0.2850877192982456
WS/MP18111/2025-2026/144099,Maharashtra,AKOLA,ANUP SANJAY DHOTRE,Normal/Others,Construction of Cement Concrete Road from Mahendra Tayade's house to Sandip Tayade's house at Kaulkhed Jahagir.,Physical Inspection,Completed,0.4004910225911324,True,medium,financial,"R04,R07","This ₹483,603 work was completed in only 0 days, which is suspiciously fast for a project of this budget. 1 out of 1.0 payments (100%) fall just below statutory thresholds, suggesting potential contract splitting.","Sanction: ₹483,603; Disbursed: ₹483,603; Cost ratio: 1.00; Sanction delay: 59d; Vendor HHI: 1.00",0.1407164744694449,0.8250000000000001,0.10089115421077455,483603.0,483603.0,1.0,483603.0,59,0.0,2025-03-31,2025-05-29,2025-05-29,1.0,1.0,1.0,1.0,True,False,False,1.0,1.0,1.0,1.61201,0.0
